57
 energy: -81.136485286873 gnorm: 0.148970065333 xtb: 6.7.1 (edcfbbe)
C          -14.73982531900000       37.86405713700000       -3.89294588300000
C          -14.57944069600000       36.34823134000000       -3.88358972300000
C          -15.90711379000000       35.64830406600000       -4.16193105100000
N          -14.05947933800000       35.89112114400000       -2.49227898600000
C          -12.77368966000000       36.59791483600000       -2.04823634500000
C          -12.08121363700000       35.61107745200000       -1.10217290000000
C          -12.46691855400000       34.21074802400000       -1.60507435700000
C          -13.74088374400000       34.38624906600000       -2.46027071800000
C          -14.92297605500000       33.65047526700000       -1.81153363400000
O          -15.72304277100000       34.30589628600000       -1.13039592000000
N          -15.10294162200000       32.31044231100000       -2.03597513800000
C          -16.15825411800000       31.58248416200000       -1.25947212100000
C          -15.54111587200000       30.47764728600000       -0.38888506300000
C          -14.68823875100000       29.55103142200000       -1.27718211100000
C          -13.54809727500000       30.36420349300000       -1.91734339200000
C          -14.17424380300000       31.44145331800000       -2.81694413200000
N          -14.17748316500000       28.39568792700000       -0.50076705200000
C          -12.93321784100000       28.26462543400000        0.16688380100000
N          -12.77330152100000       27.03449584000000        0.69178789300000
C          -13.94146750500000       26.32053760200000        0.37543293300000
C          -14.83813140100000       27.16973940000000       -0.35896806900000
C          -16.09666984200000       26.66818926200000       -0.74712784200000
C          -17.27699640900000       27.14232142900000       -1.39181787600000
C          -18.18261912100000       26.08608052200000       -1.42949030600000
N          -17.61562919900000       24.95184621000000       -0.82914204200000
C          -16.33350159300000       25.28901499800000       -0.39109585600000
N          -15.46126563200000       24.44487168900000        0.28805590400000
C          -14.29422789100000       24.96752853000000        0.66620936500000
H          -13.56146201100000       34.03860878600000       -3.51401240000000
H          -18.05943708500000       24.04690116400000       -0.72240656800000
H          -13.80648093200000       36.04098309499999       -4.64296893000000
H          -14.81921636600000       36.07836695800000       -1.76794668800000
H          -12.12836963500000       36.80523695600000       -2.94228111200000
H          -13.03125839300000       37.56103605200000       -1.53680658500000
H          -12.42825717200000       35.76018627900000       -0.05028678800000
H          -10.97347275000000       35.75588358900000       -1.12622866400000
H          -11.64834923000000       33.78346024500000       -2.23577144700000
H          -12.64369242200000       33.52132133600000       -0.74406784900000
H          -16.70336051500000       32.31739248000000       -0.60487658500000
H          -16.87936158400000       31.14433500499999       -2.00182228700000
H          -14.90547147800000       30.92726435600000        0.41415783400000
H          -16.36183291600000       29.89971024200000        0.10438549600000
H          -15.33135150100000       29.12046824100000       -2.09972966900000
H          -12.91559982400000       30.85001267900000       -1.13382833000000
H          -12.89253457500000       29.70311704200000       -2.53905652200000
H          -14.78469088400000       30.96023418500000       -3.63429182800000
H          -13.35745500600000       32.03645671100000       -3.29569077300000
H          -12.21351766700000       29.07584351400000        0.23509253100000
H          -17.44709682000000       28.13279723100000       -1.76842416600000
H          -19.18607595600000       26.06575918300000       -1.83398027700000
H          -13.59484899400000       24.32174684800000        1.21589450500000
H          -15.79445439200000       34.54424065300000       -4.24794546900000
H          -16.66756657100000       35.87843489299999       -3.37764639700000
H          -16.30734157900000       36.01691441199999       -5.14246975400000
H          -13.75778674800000       38.38818685900000       -3.83594190000000
H          -15.21977229100000       38.16505752000000       -4.86087175200000
H          -15.39469857400000       38.22066802900000       -3.06390700300000
57
 energy: -81.169507837597 gnorm: 0.058221750397 xtb: 6.7.1 (edcfbbe)
C          -14.73676172924343       37.85682440698331       -3.88800527292696
C          -14.57735798804325       36.34310509407590       -3.86155286791517
C          -15.90006651199132       35.65051561840852       -4.16172418121113
N          -14.03936349814217       35.87340678067159       -2.50742055041639
C          -12.78542984338660       36.58246659817459       -2.05343141373042
C          -12.08940933244804       35.61167442741440       -1.10437171231231
C          -12.46755930473474       34.21475060010934       -1.61202605728831
C          -13.74488109946446       34.38633771465670       -2.46154878678328
C          -14.93138208511491       33.64831688017134       -1.82089649929580
O          -15.71386624906116       34.30177271236281       -1.12998139665166
N          -15.08592155499532       32.31784229712635       -2.02089448683610
C          -16.13248673872052       31.58903235774798       -1.27133616807095
C          -15.53392516562569       30.47908380082807       -0.40134621797964
C          -14.67808074897046       29.53989045817720       -1.26305429963863
C          -13.56098025856706       30.36315374706886       -1.91455661038514
C          -14.18604036853142       31.44830903439466       -2.79836087608230
N          -14.18331897449993       28.38573491505391       -0.50275389743985
C          -12.97067885317337       28.23836259309891        0.15432078397072
N          -12.80302974165016       27.04401974049870        0.67299654800488
C          -13.95352920573227       26.33548753650212        0.36477162838628
C          -14.83685855371399       27.17616656622597       -0.36105186113822
C          -16.08871132858769       26.66996062645072       -0.74346740189867
C          -17.26843538857307       27.13110931326444       -1.38733424574795
C          -18.15144582880147       26.08351996818138       -1.41703569992790
N          -17.58423798718495       24.97502203061637       -0.82242439015137
C          -16.32179388147554       25.30697959409379       -0.38889776976888
N          -15.46777213099993       24.48303558254015        0.27546478833795
C          -14.31069471404283       24.99881888168840        0.64987544707261
H          -13.57616015857174       34.05764928675836       -3.49736863793410
H          -18.02781280428151       24.07370652971680       -0.71610577210101
H          -13.82025498596927       36.04501964866920       -4.60924921281346
H          -14.79353929652211       36.03881039838547       -1.79632145363569
H          -12.15908806700289       36.78706549444959       -2.93264039234617
H          -13.03448377076541       37.53227981117701       -1.56227765284129
H          -12.43082785851912       35.75808580512381       -0.07163116755459
H          -11.00249401589579       35.75875913085346       -1.11730119189391
H          -11.66152563526725       33.78993763290129       -2.22334434384810
H          -12.63966138785561       33.53401964980304       -0.76836453720102
H          -16.67491131564775       32.31280070114856       -0.64221573828506
H          -16.84792677502126       31.15887055778169       -1.99294338436347
H          -14.91444944394316       30.91646894754694        0.39536732336899
H          -16.34377685710261       29.91631494134969        0.08614028332744
H          -15.31202575451167       29.12018010965633       -2.06936043920058
H          -12.93536697705478       30.83656172983469       -1.14512569162680
H          -12.91306618587678       29.71701298674681       -2.52481983497625
H          -14.77925171049409       30.97330109365916       -3.60182173902088
H          -13.38846109184851       32.03151565910740       -3.27249916594541
H          -12.25018335186255       29.03517910321815        0.22745000468372
H          -17.44999945326285       28.11763177426167       -1.76668150856332
H          -19.15051839739208       26.05389456654225       -1.81811263607709
H          -13.62734846859916       24.34733213793886        1.19297494322953
H          -15.79816877031842       34.56500705890954       -4.24142110124696
H          -16.64720438259113       35.87124929373488       -3.39227739328219
H          -16.29647871946113       36.01018810509363       -5.11927808790622
H          -13.77789681930467       38.37867049422471       -3.83046959082277
H          -15.20692657234813       38.15540265550520       -4.83337415777377
H          -15.38297190323281       38.20928481531526       -3.07888425352496
57
 energy: -81.177282749588 gnorm: 0.017747734029 xtb: 6.7.1 (edcfbbe)
C          -14.73112097273496       37.84124419992726       -3.86606317145252
C          -14.56557155905333       36.32647862015525       -3.84426927998988
C          -15.89258721214709       35.64579913277634       -4.15018770592635
N          -14.04130954610459       35.85068568683728       -2.51161463355697
C          -12.80692216480079       36.56221821252652       -2.07178287938551
C          -12.11013590373935       35.60885964492658       -1.11014167286391
C          -12.46925587939828       34.21004837658059       -1.62265339007279
C          -13.74320023930667       34.38259438541927       -2.47724244456692
C          -14.92266786724078       33.64631961404500       -1.81363430588032
O          -15.70565530570608       34.31187138146224       -1.13820100095467
N          -15.05487557901282       32.32312202656455       -1.99213262524188
C          -16.10655649403207       31.59910082818342       -1.28004311983793
C          -15.52671068179150       30.48517347707710       -0.40380357780963
C          -14.68071336011331       29.53800197458961       -1.26279577007345
C          -13.56343394995256       30.36221858411274       -1.90546264378196
C          -14.18898876667205       31.45559330798715       -2.77840611070984
N          -14.19262379376375       28.39274998109073       -0.51033334990820
C          -13.00182206424673       28.23300211285906        0.13902095622584
N          -12.82286507110365       27.05981356787234        0.65476926516865
C          -13.96404774239686       26.35542873295917        0.35445764145060
C          -14.84010586969831       27.19377978701510       -0.36765812391639
C          -16.08536177871683       26.68413979514618       -0.74632827911889
C          -17.26473559674008       27.13384548367364       -1.39210363100713
C          -18.12891444360088       26.08178738876175       -1.41103597743555
N          -17.55845380228362       24.99477540041398       -0.81615206309467
C          -16.31185043545016       25.32922439622828       -0.38812282373978
N          -15.47362589481927       24.51816585160944        0.26648605909934
C          -14.32138786025019       25.02930923126556        0.63813068198097
H          -13.58205352174201       34.05350719891646       -3.50029416969816
H          -17.99591322914801       24.09455331834464       -0.70509219312228
H          -13.81957998800518       36.04003769502849       -4.59052829647915
H          -14.78863905997768       35.99157385258588       -1.80539515968311
H          -12.18492643448012       36.75313663007921       -2.94359210518837
H          -13.05577346157328       37.50604031323709       -1.59583665141466
H          -12.46254885978540       35.75279875322775       -0.09157176733057
H          -11.03494065942582       35.76423951381079       -1.11264477276731
H          -11.66627215876008       33.79844756118874       -2.22667093385970
H          -12.64228204345913       33.53424953160869       -0.78843818265301
H          -16.64783039866137       32.31546295170389       -0.66357190364226
H          -16.80359914148453       31.17320215412899       -2.00614406580812
H          -14.91114359650403       30.91279108821436        0.38825585933942
H          -16.34190556794885       29.93649316906693        0.06749933581505
H          -15.30929211689279       29.11851780695052       -2.05583439911625
H          -12.94475980031972       30.82436973259331       -1.13733543301204
H          -12.92885620251581       29.72705694200943       -2.52140278193893
H          -14.78982179350283       30.98844413520034       -3.56447623578056
H          -13.39820149311918       32.02979209075124       -3.24745307881092
H          -12.27554179466621       29.01649892102772        0.21166188607335
H          -17.45674724163478       28.11544167516075       -1.77600217379106
H          -19.12418738895846       26.03732734031600       -1.80888689518142
H          -13.65101705210523       24.37316953563035        1.17664527622224
H          -15.79489085253856       34.56900022114945       -4.23055667550351
H          -16.63165321609888       35.86812788553686       -3.38634073742816
H          -16.27377194422694       36.01110544314859       -5.09731608359142
H          -13.78275002865269       38.36161874126674       -3.80692093376038
H          -15.19337313767856       38.12802237681914       -4.80502582917632
H          -15.37902797725739       38.18652223523146       -3.06742692031255
57
 energy: -81.178781682517 gnorm: 0.010957201194 xtb: 6.7.1 (edcfbbe)
C          -14.73063605092766       37.82658387660901       -3.84453042182442
C          -14.56518562059895       36.31126759744539       -3.83721828193904
C          -15.89331314085907       35.63450779408852       -4.14646601630910
N          -14.04021254873379       35.83123932686347       -2.51665569754690
C          -12.81471416038768       36.54694521842610       -2.08114445189584
C          -12.12435981173737       35.60184593204607       -1.10752154519795
C          -12.46184278959855       34.20150209663900       -1.63298343157152
C          -13.73531744547973       34.37222083910520       -2.48868866034804
C          -14.91883104659740       33.65078359160987       -1.81797824040464
O          -15.69385888926802       34.32534542796954       -1.14073428526402
N          -15.03705516648319       32.32844423147939       -1.97472108500142
C          -16.09587628703126       31.61100441935632       -1.27845251040225
C          -15.52829703699521       30.49166292228085       -0.40174059951748
C          -14.68595429577862       29.54541360415660       -1.26427170695410
C          -13.56253126077573       30.36222585269053       -1.90240852707907
C          -14.18245803140770       31.46425745635224       -2.76807852164104
N          -14.19654757012783       28.40535947345667       -0.51485663258762
C          -13.00477762066637       28.24669885385745        0.12798695173533
N          -12.82391437017782       27.07401077717554        0.64912528938933
C          -13.96682893328176       26.37046474565924        0.35178729049754
C          -14.84447337308153       27.20871889573609       -0.37180766173792
C          -16.08788879933413       26.70060094780061       -0.75212480551486
C          -17.26734319654761       27.14292960484645       -1.40358379055957
C          -18.12586428378954       26.08360698140108       -1.41710681424826
N          -17.55180577741960       25.00453393872665       -0.81478465581821
C          -16.30932907385919       25.34578934177771       -0.38750150397390
N          -15.47435283622923       24.53581765885589        0.26934862694307
C          -14.32132523518573       25.04695079776519        0.63958316561884
H          -13.58219420130327       34.04117912490308       -3.51258937369977
H          -17.98163657552107       24.10259694280465       -0.69682876710587
H          -13.81849286941336       36.03177364680612       -4.58490592943149
H          -14.78921673671722       35.95123982713299       -1.80777582772618
H          -12.19242944565415       36.72072408153174       -2.95756895058377
H          -13.06987337689464       37.49751786310421       -1.62073782854327
H          -12.50378615674951       35.74092133799891       -0.09695097085959
H          -11.05093294990846       35.77160745413577       -1.09057085510885
H          -11.65108188874229       33.80355547887230       -2.23678251244419
H          -12.63628819016191       33.51828313859568       -0.80517285632444
H          -16.64540493668250       32.32821410161652       -0.66945527729009
H          -16.77658075246914       31.18464792588338       -2.02007147687013
H          -14.90918457909712       30.91171774374442        0.39128168013035
H          -16.35113345778476       29.94874612073190        0.06217871486851
H          -15.31634354437974       29.12643929770397       -2.05541810054268
H          -12.94488044867046       30.81470670533133       -1.12791872652366
H          -12.93312788854088       29.72686942257840       -2.52314279326508
H          -14.79690325321957       31.00076230499204       -3.54563626925998
H          -13.38847739956854       32.03235172564143       -3.24001614314317
H          -12.27471155147365       29.02656049442426        0.19631810607734
H          -17.46408781004276       28.12045309617202       -1.79402947050501
H          -19.11921320040188       26.02778882418876       -1.81586649081132
H          -13.65336249428094       24.39113800130304        1.17792169919692
H          -15.79813188833434       34.55674749275556       -4.22611776557709
H          -16.62667829900504       35.85944113820806       -3.37717101229544
H          -16.27281020456789       36.00582169814069       -5.09255099181784
H          -13.78238082342848       38.34769268308285       -3.77434551037076
H          -15.19005136828246       38.11819010244884       -4.78397271316856
H          -15.38250905234385       38.15848001699040       -3.04257506185148
57
 energy: -81.179731105609 gnorm: 0.005941952259 xtb: 6.7.1 (edcfbbe)
C          -14.73892754543053       37.80989529768875       -3.81909644451822
C          -14.56683497800013       36.29499069529576       -3.83365111480892
C          -15.89587761928303       35.61881693014290       -4.14123304629183
N          -14.03447638670867       35.81292599884632       -2.52540456155720
C          -12.81522142781533       36.52921309457110       -2.09045729093724
C          -12.14390890657142       35.59109175497331       -1.09830382830933
C          -12.44855278638685       34.19214701751000       -1.64939850425354
C          -13.72354323961947       34.36126990277946       -2.50264091889458
C          -14.90346188125244       33.65298877158768       -1.81494108973055
O          -15.67663548776699       34.34413127420463       -1.15024410143214
N          -15.01301821885034       32.33395065001930       -1.95140264777777
C          -16.08718869091210       31.62358397341599       -1.27842836857008
C          -15.53317173704796       30.49938835292686       -0.40087091411196
C          -14.69270495060897       29.55445616801350       -1.26668979510092
C          -13.56320015782007       30.36348810587796       -1.90108975074033
C          -14.17386918199655       31.47369985005467       -2.76046133323182
N          -14.19985628480572       28.42022718830061       -0.51906549079551
C          -13.00525743416136       28.26669939218355        0.11851036130586
N          -12.82234097492540       27.09200358168581        0.64262949134034
C          -13.96917670095359       26.38926800808851        0.35254300489951
C          -14.84993258165306       27.22621812220886       -0.37285733510659
C          -16.09219063246278       26.72075090498446       -0.75700388998045
C          -17.27055389283962       27.15273550192933       -1.41907293885771
C          -18.12441387430326       26.08690171861286       -1.42900097602476
N          -17.54802497500809       25.01595594745397       -0.81435587790051
C          -16.30908414984879       25.36592315688689       -0.38396325525665
N          -15.47642392762195       24.55691599329345        0.27862201498429
C          -14.32090297062287       25.06824706617218        0.64731569126692
H          -13.58045571597263       34.02277554352089       -3.52731428138304
H          -17.96819652374734       24.11109134585599       -0.68727118768746
H          -13.82302849868979       36.02601324939546       -4.59064070974351
H          -14.78583745091935       35.90735916282864       -1.80880909919650
H          -12.18271122876537       36.67904657719035       -2.96674836356445
H          -13.07033488011932       37.49033038323851       -1.64995917007339
H          -12.56694295078637       35.71653738489873       -0.10037491579755
H          -11.07282194433241       35.77788222502572       -1.04187771188748
H          -11.62652610586778       33.82097450749247       -2.25811857482734
H          -12.61508203682345       33.48929569013522       -0.83484179589814
H          -16.64545662744761       32.34088310917163       -0.67579973399271
H          -16.75457642758150       31.19932388032575       -2.03564698539475
H          -14.91271975306524       30.91139727429182        0.39640049557265
H          -16.36265435034121       29.96079792604985        0.05665700003248
H          -15.32601937087165       29.13711467295353       -2.05794385079941
H          -12.94306102745676       30.80538822220528       -1.12138733781196
H          -12.93878429177227       29.72507163020388       -2.52458051032252
H          -14.79957462963626       31.01838695396919       -3.53539334165461
H          -13.37340515075322       32.03335763858626       -3.23299974020016
H          -12.27055629439952       29.04304480489174        0.18025242998125
H          -17.47161557281482       28.12451586621118       -1.82065217545056
H          -19.11463018396020       26.01849703732854       -1.83290874880161
H          -13.65383083262751       24.41377032992147        1.18702146123035
H          -15.80221435375659       34.53996325700453       -4.22347610718960
H          -16.62566659345764       35.84278929081366       -3.36646318422112
H          -16.27924743217913       35.99284668137118       -5.08550776550544
H          -13.79148198687118       38.33265060877424       -3.73492977181737
H          -15.19702312052985       38.11633684845704       -4.75533018598318
H          -15.39359306517707       38.12157347417876       -3.00934322522040
57
 energy: -81.180156813620 gnorm: 0.007250772775 xtb: 6.7.1 (edcfbbe)
C          -14.75186601161453       37.80303446576445       -3.80347590358327
C          -14.56971593805720       36.28961053783441       -3.83370655247587
C          -15.89708487995029       35.60746737294092       -4.13711733506163
N          -14.02668237213737       35.80579678674616       -2.53248893288102
C          -12.80823373328933       36.51846726778687       -2.09321722029704
C          -12.15882588173057       35.58059951307497       -1.08726386202070
C          -12.43568821529200       34.18643827315481       -1.66494629127568
C          -13.71477942300535       34.35561739016384       -2.51252869608260
C          -14.89712863046585       33.65488366820500       -1.82236583843574
O          -15.66316887049901       34.35390705258715       -1.15623004515512
N          -15.00267687964123       32.33680190265356       -1.94389814939447
C          -16.08280554352065       31.63094056064391       -1.27802829602776
C          -15.53714540850373       30.50362649219043       -0.40087583639565
C          -14.69617850574121       29.55965875693808       -1.26799231190944
C          -13.56388035560672       30.36361929514970       -1.90294996312808
C          -14.16864243301087       31.47784554663768       -2.75880216046869
N          -14.20111485102957       28.42793054553769       -0.52045389000699
C          -13.00477254717974       28.27719673273749        0.11476052098592
N          -12.82376897762812       27.10380288395015        0.64475537332515
C          -13.97125505141010       26.40067820849229        0.35742972727646
C          -14.85261787031330       27.23559827825031       -0.37031094687637
C          -16.09429525206000       26.73132190429030       -0.75792915408264
C          -17.26996953740287       27.15669058727276       -1.42955272670441
C          -18.12204538088558       26.08914700700215       -1.43969602693430
N          -17.54741607673756       25.02261275707327       -0.81493486614654
C          -16.31084523359810       25.37743276346992       -0.37918101920281
N          -15.48022328318241       24.57020146720843        0.28919428012569
C          -14.32341788404443       25.08138869997427        0.65765408751120
H          -13.57829905174605       34.01465211291558       -3.53774724635859
H          -17.96258165394092       24.11615086113422       -0.68230852657300
H          -13.83032860759387       36.02972947440344       -4.59959367991768
H          -14.77884105529166       35.88834525382335       -1.81026549200568
H          -12.16357091152391       36.65273745781699       -2.96432420407570
H          -13.05850164554616       37.48605161010209       -1.66466936073291
H          -12.61753557327291       35.69123804656626       -0.10178169985539
H          -11.09122667157523       35.77693465474687       -0.99261119225014
H          -11.60564356724920       33.84533633790041       -2.28273404447989
H          -12.58678163388411       33.46155734262515       -0.86533974725728
H          -16.64345805717475       32.34974401302244       -0.67897808114077
H          -16.74644027042591       31.21040180496035       -2.04081937669108
H          -14.91801703603019       30.91232156529183        0.39964512035594
H          -16.36884908026722       29.96533481546503        0.05346144691813
H          -15.33077828502033       29.14297027808344       -2.05950543575314
H          -12.94122118673240       30.80210047889292       -1.12297658193441
H          -12.94197223999956       29.72111082193275       -2.52548355273534
H          -14.79709053404848       31.03019716925413       -3.53615761163741
H          -13.36407185141977       32.03372909923876       -3.22903190673204
H          -12.26822076830857       29.05213836087265        0.17311828967079
H          -17.47202920039532       28.12458478496670       -1.84024979552236
H          -19.10906267015068       26.01480300160770       -1.85068264037689
H          -13.65708827522665       24.42855499633189        1.20068452270042
H          -15.79994641595786       34.52868899327251       -4.22299011058423
H          -16.62534930308613       35.82601887304354       -3.35870406481904
H          -16.28654209409505       35.98170645271489       -5.07922492073005
H          -13.80663539543297       38.32905938210708       -3.71311108653264
H          -15.21359992544844       38.11996400673091       -4.73437334183425
H          -15.40687200761864       38.09842122844539       -2.98709364179175
57
 energy: -81.180621127228 gnorm: 0.008818505263 xtb: 6.7.1 (edcfbbe)
C          -14.77273157960175       37.80004381225982       -3.78543686984333
C          -14.57346934619221       36.28970934725613       -3.83473779507804
C          -15.89625402061342       35.59447440844408       -4.13181159952363
N          -14.01513889701995       35.80249279318137       -2.54074498528973
C          -12.79526077799857       36.50861562327250       -2.09358789780066
C          -12.17806209595500       35.56619086432251       -1.07248087344050
C          -12.41824471902758       34.18244844626342       -1.68898290417338
C          -13.70472150248783       34.35090177710654       -2.52530100178574
C          -14.88483920388780       33.65469317322446       -1.82635891850913
O          -15.64725870328291       34.36154168406101       -1.16310546830287
N          -14.99309817178084       32.33857394520194       -1.94022302295359
C          -16.07988339023600       31.63780409129097       -1.27916362653679
C          -15.54095419311472       30.50769106299158       -0.40357473421899
C          -14.69874754130537       29.56361306012462       -1.27015797357802
C          -13.56486000510019       30.36304454162492       -1.90729914057751
C          -14.16273172514682       31.48006038270605       -2.76102681974542
N          -14.20230802155262       28.43376961723665       -0.52067272090451
C          -13.00615396189793       28.28605917118261        0.11656370172939
N          -12.82744497999231       27.11476070943534        0.65189105088569
C          -13.97586088801208       26.41194730130910        0.36904051487238
C          -14.85523020506130       27.24326016629182       -0.36451019531249
C          -16.09574991094430       26.73928302780972       -0.75711854316702
C          -17.26571640753288       27.15824516473034       -1.44237920413772
C          -18.11725106167933       26.09093020336902       -1.45415337858137
N          -17.54809769136751       25.02851674794047       -0.81643670374294
C          -16.31480730711499       25.38759533804422       -0.37159843297604
N          -15.48786900138877       24.58371009335740        0.30608525805319
C          -14.33112543737575       25.09487375445214        0.67616667100573
H          -13.57670709618936       34.00871317300313       -3.55145383359637
H          -17.95974541542540       24.12115867323265       -0.67837072023665
H          -13.83937485075859       36.04338353744174       -4.61077010946472
H          -14.76582014646680       35.87882911284565       -1.81213197436788
H          -12.13466863067245       36.62560654394731       -2.95570072587619
H          -13.03726822641687       37.48281241112006       -1.67702667518665
H          -12.68349730185710       35.65461628821659       -0.10635852240621
H          -11.11739872891268       35.77059508275736       -0.92445297344182
H          -11.58140508044831       33.88759345850987       -2.32433797002635
H          -12.54247783859557       33.42460394012382       -0.91355259511132
H          -16.63716602916261       32.35944797256438       -0.68049573724344
H          -16.74517837208979       31.22384093043881       -2.04377649553958
H          -14.92471261819312       30.91323956257402        0.40117762332328
H          -16.37431881295947       29.96844800325897        0.04700161176965
H          -15.33397425983333       29.14692660147560       -2.06166508552567
H          -12.93867710180125       30.79972880189931       -1.12889936794771
H          -12.94600397601451       29.71537119451430       -2.52806766847422
H          -14.79032250354617       31.04172730691839       -3.54443422857931
H          -13.35341908865810       32.03448686140450       -3.22475947656019
H          -12.26819044202134       29.05994540698926        0.17076585877627
H          -17.46660660449819       28.12198121612459       -1.86408618949535
H          -19.09959080678589       26.01263219389212       -1.87601129330618
H          -13.66597018154586       24.44427965944979        1.22424085612496
H          -15.78953858887475       34.51684007405500       -4.22428795002617
H          -16.62290281588238       35.80134247835740       -3.34841559214483
H          -16.29594918519480       35.96862083257815       -5.07005291499867
H          -13.83210069546885       38.33316060185259       -3.69166040737234
H          -15.24311486044455       38.12675859820196       -4.70824413438315
H          -15.42682899061227       38.07535916976251       -2.96105769304823
57
 energy: -81.181000531559 gnorm: 0.007725612723 xtb: 6.7.1 (edcfbbe)
C          -14.79359230742606       37.80278320085716       -3.76988064589329
C          -14.57563888434099       36.29620769152214       -3.83568281566767
C          -15.89216170930392       35.58609145010041       -4.12884813642814
N          -14.00615529985610       35.80421672192034       -2.54626440721491
C          -12.78348423582970       36.50345876073123       -2.09038315099051
C          -12.19332836085124       35.55279844352874       -1.06190773501302
C          -12.40216475880379       34.18252535516575       -1.71398879334880
C          -13.69770402766418       34.34987146264321       -2.53624173175989
C          -14.87553147186730       33.65485583007641       -1.83136487645205
O          -15.63326104621980       34.36247987601281       -1.16364834191582
N          -14.98994243488855       32.33906936807116       -1.94606254678206
C          -16.07739499703328       31.64155334362820       -1.28078036805473
C          -15.54155310269832       30.50916851375592       -0.40735369669260
C          -14.69876393629245       29.56411406950853       -1.27269791492478
C          -13.56440358227006       30.36079977697937       -1.91251566713700
C          -14.15813029321417       31.47890321676957       -2.76613348496099
N          -14.20307133680001       28.43496867370102       -0.51966417967778
C          -13.00911617280302       28.28905571652718        0.12329212341212
N          -12.83505368887618       27.12187345263107        0.66716936017275
C          -13.98218199297468       26.41831638668462        0.38360477603289
C          -14.85719083926860       27.24581265148056       -0.35794309741836
C          -16.09598992002153       26.74044491050574       -0.75536982841803
C          -17.25891867400256       27.15603497121238       -1.45371264211044
C          -18.11154668407344       26.09049593179568       -1.46749673694626
N          -17.54998737707847       25.03078848157215       -0.81819988920848
C          -16.31978550212371       25.39154083553530       -0.36438179462667
N          -15.49714518876422       24.59155028120808        0.32326496084537
C          -14.34203507453879       25.10304638570976        0.69625848135091
H          -13.57898588073802       34.01015128397827       -3.56400059935148
H          -17.96205353021337       24.12403113796904       -0.67730930821658
H          -13.84429051782843       36.06468436390055       -4.61823952124169
H          -14.75385840122354       35.88175796820774       -1.81406520650682
H          -12.11039380792511       36.61032308741269       -2.94315890954577
H          -13.01840416234847       37.48099461413643       -1.67983935237615
H          -12.73665827115471       35.61962946561889       -0.11590010926468
H          -11.14217255008004       35.76049035345522       -0.86801193474669
H          -11.56307442092100       33.93285390509021       -2.36648118888000
H          -12.49765731802927       33.39601135098859       -0.96335452135834
H          -16.62769659969147       32.36610877152338       -0.67927297507003
H          -16.74915078661289       31.23347507623852       -2.04226980615162
H          -14.92783566787496       30.91291297097748        0.40014600139693
H          -16.37583425222065       29.96883761706498        0.04056330958595
H          -15.33373361999514       29.14615951112750       -2.06349565712563
H          -12.93519015043573       30.79727607066469       -1.13639607708807
H          -12.94804517859869       29.70958718507715       -2.53214008336129
H          -14.78226355469993       31.04606335051584       -3.55496591493370
H          -13.34609377062074       32.03420613174041       -3.22377475611736
H          -12.27108351245110       29.06300056214843        0.17496434162068
H          -17.45609192234383       28.11708690713223       -1.88368780501113
H          -19.08946401254058       26.01194661435732       -1.89981445256670
H          -13.68001519752811       24.45553902514499        1.25266184624676
H          -15.77260210962971       34.51070082347838       -4.23024180334290
H          -16.61712471641430       35.77751807171481       -3.34007759925700
H          -16.30278857143508       35.96132072690531       -5.06193050426916
H          -13.85877752073308       38.34546264339192       -3.67634610567479
H          -15.27421383073525       38.13438045616252       -4.68532205952678
H          -15.44601326109330       38.06156419004292       -2.93930646603510
57
 energy: -81.181270002771 gnorm: 0.004645705819 xtb: 6.7.1 (edcfbbe)
C          -14.80963144224624       37.80877662384220       -3.75573201203689
C          -14.57607973513872       36.30561527824966       -3.83478539670184
C          -15.88601268376286       35.58373226707837       -4.13002254086247
N          -14.00166285337306       35.80701628250512       -2.54899407180875
C          -12.77823119720651       36.50289840997166       -2.08539307876198
C          -12.20312299812488       35.54335652591903       -1.05767720303054
C          -12.38933015435391       34.18597687757039       -1.73719868586637
C          -13.69348200248493       34.35070210650206       -2.54553020279609
C          -14.86529900858635       33.65385407795552       -1.83144737756688
O          -15.62066276449902       34.35841875987113       -1.15856882997612
N          -14.98840238379564       32.33813124353762       -1.95567802725727
C          -16.07405729985911       31.64260823629451       -1.28347418511486
C          -15.53819042506136       30.50859651485585       -0.41194915101765
C          -14.69635970422214       29.56158235186420       -1.27575286474754
C          -13.56205963336554       30.35717908694937       -1.91726185466269
C          -14.15450106982228       31.47537379060866       -2.77237080598556
N          -14.20342555267223       28.43270646741349       -0.51865223705218
C          -13.01414226111974       28.28851729540424        0.13378976655732
N          -12.84378839417304       27.12478727944967        0.68403548920247
C          -13.99026182049316       26.42114277572301        0.39906867792634
C          -14.85891868259298       27.24472720022403       -0.35331893361216
C          -16.09560321229805       26.73695943421950       -0.75462404251125
C          -17.25211655706108       27.15156934144975       -1.46329932654654
C          -18.10650812718731       26.08777527126068       -1.47770510969949
N          -17.55205220830872       25.03025471508883       -0.81930933432749
C          -16.32473174879626       25.39105318367688       -0.35847640980935
N          -15.50699337052169       24.59501370827688        0.33928407465069
C          -14.35492343178565       25.10778018298849        0.71679989752771
H          -13.58457722311182       34.01403200295736       -3.57500478466600
H          -17.96768389076438       24.12526179671690       -0.67769453871428
H          -13.84368949700913       36.08842241422686       -4.61909413781245
H          -14.74620085716366       35.88707840717974       -1.81602909724779
H          -12.09940879700581       36.60829091215076       -2.93210930968645
H          -13.01168105167600       37.48005021707441       -1.67448213701903
H          -12.77280583794742       35.59103961823689       -0.12851092371834
H          -11.16139543882224       35.75351459549379       -0.83226174033302
H          -11.55267908722552       33.97137868366176       -2.40226011838699
H          -12.46258669730067       33.38039895879299       -1.00789181565709
H          -16.61684122375800       32.36907311599935       -0.67741559865667
H          -16.75322257136260       31.23807225232166       -2.04011414388405
H          -14.92493946114061       30.91076044736605        0.39629971769128
H          -16.37353290593989       29.96891593313645        0.03468776309371
H          -15.33076724411695       29.14206567914727       -2.06543711881390
H          -12.93117955438100       30.79320967312357       -1.14240125974287
H          -12.94762621189673       29.70523780839264       -2.53757545741770
H          -14.77595871815949       31.04261250282032       -3.56293151411945
H          -13.34201667137776       32.03217727391052       -3.22720469826096
H          -12.27660200370085       29.06293802007895        0.18455519822948
H          -17.44426700240142       28.11127961493851       -1.89835931570244
H          -19.08113839352534       26.01059733977760       -1.91745543149943
H          -13.69650123882315       24.46278337296170        1.28044167890059
H          -15.75459827677475       34.51115685476091       -4.24278121748652
H          -16.60875812495003       35.75897884872605       -3.33576707889255
H          -16.30550276448404       35.96352238220259       -5.05693580541012
H          -13.88058440241766       38.36137844089279       -3.66315450051390
H          -15.29888580912303       38.14169085703130       -4.66604580761773
H          -15.46061831672973       38.05487668317072       -2.92082302876460
57
 energy: -81.181442919018 gnorm: 0.003541515428 xtb: 6.7.1 (edcfbbe)
C          -14.82249176299486       37.81493071144424       -3.73889746263269
C          -14.57548519356469       36.31469975313802       -3.83273026563470
C          -15.87940144325396       35.58497213465336       -4.13487779543462
N          -14.00092353384405       35.80781145905257       -2.55106212923664
C          -12.78000311508952       36.50356479906188       -2.07917186148643
C          -12.21310704139293       35.53547220571908       -1.05490624587923
C          -12.37589396880388       34.18954586395918       -1.76259872268033
C          -13.68959600455942       34.35146474758971       -2.55574194317983
C          -14.85414130006666       33.65213588939743       -1.83180372074663
O          -15.60470899148815       34.35266571959582       -1.14982299424572
N          -14.98446277731681       32.33639912448346       -1.96513170656368
C          -16.06765641735890       31.64312128252573       -1.28644332178921
C          -15.53200139547051       30.50761831908465       -0.41601458330575
C          -14.69282617827707       29.55819951527461       -1.27912636586184
C          -13.55798196400663       30.35237601714230       -1.92169444064807
C          -14.15060442761530       31.47074778811079       -2.77837306238580
N          -14.20353367785157       28.43000337983428       -0.51822281544110
C          -13.01956858534125       28.28802202407367        0.14415949915666
N          -12.85489732410597       27.12852513450609        0.70475491808344
C          -13.99935024993153       26.42375660256351        0.41393242476995
C          -14.86141128156772       27.24372181800340       -0.35000290119256
C          -16.09570851023642       26.73349604583934       -0.75517953294264
C          -17.24662882397864       27.14673738276284       -1.47359858200288
C          -18.10252403853072       26.08383467056266       -1.48693759249047
N          -17.55410228693289       25.02951576966531       -0.81899825753500
C          -16.32957864657871       25.39056910478972       -0.35278890756270
N          -15.51730173072255       24.59832054659967        0.35547485529315
C          -14.36792923561938       25.11268726348307        0.73711762365392
H          -13.59223713388083       34.01796738051847       -3.58722376507311
H          -17.97418800590571       24.12667343670308       -0.67658205895714
H          -13.83972801834596       36.11255880223663       -4.61733291279346
H          -14.74395436589839       35.88457626226194       -1.81827450719648
H          -12.09755877818108       36.61353802125864       -2.92187485411007
H          -13.01770175042887       37.47801392166777       -1.66429736877955
H          -12.80712318350727       35.56151440443467       -0.13990561303681
H          -11.17934053453980       35.75242835314834       -0.80193893564670
H          -11.54104502322836       34.01088880775963       -2.44077750256206
H          -12.42778103186753       33.36432274401974       -1.05439238939137
H          -16.60517584404245       32.37096116880102       -0.67727576046947
H          -16.75182730966644       31.24002857428639       -2.03943614156095
H          -14.91712900427902       30.90805106659709        0.39153389735295
H          -16.36882962836666       29.97040440578768        0.03057634894756
H          -15.32732347214176       29.13733145012954       -2.06746053527506
H          -12.92607819769485       30.78719182668499       -1.14720448357818
H          -12.94532834208683       29.70070275674828       -2.54364444306691
H          -14.77259293660305       31.03511598151869       -3.56673960891476
H          -13.33878261219114       32.02723563651139       -3.23483266174841
H          -12.28230654951872       29.06268327068116        0.19515951797464
H          -17.43350514711918       28.10497668631554       -1.91389330824072
H          -19.07443693273763       26.00682509436012       -1.93239836990181
H          -13.71522239160683       24.47120881486400        1.31118556944632
H          -15.73815904224037       34.51551481926371       -4.26275019568561
H          -16.60001288354818       35.74269226267550       -3.33501542964132
H          -16.30589244071568       35.97365304906643       -5.05454967659826
H          -13.89872382523476       38.37641598503179       -3.64540580328875
H          -15.31840024076973       38.15022857594322       -4.64495734612604
H          -15.47259546315484       38.04828136380976       -2.89960577015295
57
 energy: -81.181577760740 gnorm: 0.004980371234 xtb: 6.7.1 (edcfbbe)
C          -14.82990277970038       37.82257849864047       -3.72320981422290
C          -14.57482262098571       36.32452913102766       -3.83002350153070
C          -15.87364251322890       35.59183166925715       -4.14511871597446
N          -14.00510651942266       35.80841325242194       -2.55138990494887
C          -12.79001862596889       36.50763398996988       -2.06931008488186
C          -12.21767884712493       35.53021436689781       -1.05756348196730
C          -12.36671685386120       34.19497065276659       -1.78435013312388
C          -13.68829543714611       34.35284290168764       -2.56438791872535
C          -14.84381014330199       33.64838890797478       -1.83118870722195
O          -15.58956030894742       34.34382608507717       -1.13897083189604
N          -14.97996039270199       32.33282851689114       -1.97429337970431
C          -16.06017213618563       31.64098859900226       -1.28969065357463
C          -15.52327980918957       30.50549002069527       -0.41914839647076
C          -14.68749363345776       29.55352945327834       -1.28215357937491
C          -13.55220440867596       30.34684271335378       -1.92569551726133
C          -14.14740760367487       31.46442313764256       -2.78446387244395
N          -14.20262965946254       28.42563052864540       -0.51787735564593
C          -13.02547609159507       28.28673106047975        0.15671863587085
N          -12.86555253337326       27.13005481497673        0.72443056197358
C          -14.00890868502055       26.42485021806469        0.42851663846351
C          -14.86352928744455       27.24106479699079       -0.34837620370519
C          -16.09556800538728       26.72841634310287       -0.75721559903323
C          -17.24236208968959       27.14049992941067       -1.48315319339165
C          -18.09997647271972       26.07853300791803       -1.49421944689243
N          -17.55637419738725       25.02733472407700       -0.81806280580552
C          -16.33405917199724       25.38841526147529       -0.34799269832152
N          -15.52763460687636       24.59987379256759        0.37105822927542
C          -14.38113542773286       25.11650188983273        0.75792368332016
H          -13.60089870174327       34.02064686753160       -3.59696270329901
H          -17.98241054136711       24.12719635807588       -0.67539253155781
H          -13.83340702023117       36.13508516205614       -4.61211694173238
H          -14.74905540755933       35.87762702601060       -1.82035671779468
H          -12.10823136281192       36.63347805691939       -2.91020775634582
H          -13.03652274846652       37.47506134156225       -1.64251333749370
H          -12.81598613573083       35.53706787789949       -0.14957758630686
H          -11.19069302202253       35.75162636568754       -0.79668075521805
H          -11.53676642599381       34.04124716406744       -2.47067369164617
H          -12.40108801249520       33.35892129669462       -1.09161727417656
H          -16.59512071525868       32.36927109916743       -0.67889736688956
H          -16.74693065375017       31.23666512417347       -2.03975023652360
H          -14.90522343398248       30.90562439801444        0.38594476813564
H          -16.36064585420302       29.97141959283631        0.02983996792250
H          -15.32243220492373       29.13204658691129       -2.06951233676979
H          -12.92018753247517       30.78137390777230       -1.15142844972647
H          -12.94019723620158       29.69629082464727       -2.54919610828609
H          -14.77197830390152       31.02303881421089       -3.56765559488501
H          -13.33800671120798       32.01975755369793       -3.24701063663199
H          -12.28843087896657       29.06155083822478        0.20968002018236
H          -17.42367471162855       28.09748821495268       -1.92808271696296
H          -19.07024301659995       26.00142560461633       -1.94289655903251
H          -13.73376297590827       24.47799155750863        1.34076439576730
H          -15.72564560363331       34.52574696960907       -4.29131953284391
H          -16.59357637404101       35.73182926312806       -3.34149242532383
H          -16.30361139947478       35.99349391245968       -5.05727453133570
H          -13.90979638695747       38.38962374533622       -3.62726551629922
H          -15.32956997472229       38.16100320117665       -4.62617683522704
H          -15.47942778748450       38.04606300692762       -2.88096296047894
57
 energy: -81.181693780160 gnorm: 0.004804673374 xtb: 6.7.1 (edcfbbe)
C          -14.83944241029176       37.82958737511387       -3.70165816925033
C          -14.57515737854857       36.33392084694951       -3.82739674049174
C          -15.86868550826956       35.59835356055176       -4.15737239067948
N          -14.00875425309450       35.80577177973440       -2.55412225368986
C          -12.80247250191189       36.50922300058410       -2.05692126912306
C          -12.22685927237436       35.52131437046410       -1.05637032627641
C          -12.35209811509863       34.19922025691086       -1.81580096303811
C          -13.68440644112563       34.35189486328566       -2.57846464195432
C          -14.82950992317236       33.64331911294314       -1.83258783978447
O          -15.56891901602044       34.33716357697559       -1.13136862898670
N          -14.97026576824400       32.32889808336818       -1.98001826964019
C          -16.05027560453515       31.64000292673972       -1.29300923060220
C          -15.51396930684452       30.50481799682582       -0.42168174768540
C          -14.68229770787044       29.54981338989780       -1.28498141885404
C          -13.54611813208178       30.34047014835259       -1.93077154599968
C          -14.14283686694493       31.45780356253085       -2.79073059688076
N          -14.20150561747106       28.42274960274096       -0.51770951660259
C          -13.03143091332462       28.28804932769823        0.16931653285362
N          -12.87744048778870       27.13475067742887        0.74638373203899
C          -14.01955111284267       26.42903994827445        0.44547051710793
C          -14.86627888441535       27.24068233361891       -0.34568657865463
C          -16.09579789914362       26.72622873303404       -0.75969833403586
C          -17.23775823684376       27.13456174134206       -1.49620297803041
C          -18.09677954723445       26.07338094333861       -1.50404786249087
N          -17.55862438793847       25.02699734741619       -0.81599671673150
C          -16.33908310848810       25.38973185815121       -0.34091061215426
N          -15.53995326971497       24.60568403875953        0.39134501684498
C          -14.39581880763392       25.12442615950681        0.78344400530580
H          -13.60968871586433       34.02087886014830       -3.61255056368895
H          -17.98953285735550       24.12951284546960       -0.67066772179120
H          -13.82857420173432       36.15948181891414       -4.60857576880767
H          -14.75565198771610       35.86016917905179       -1.82370398171361
H          -12.11812282709738       36.65508859018912       -2.89366354538710
H          -13.06144926697342       37.46786249545431       -1.61652145324666
H          -12.84324550731595       35.49896340807562       -0.15638830302901
H          -11.20499833849936       35.75420059712225       -0.77464238457428
H          -11.52451535385217       34.08295893190021       -2.51584161776698
H          -12.36262139570452       33.34245966895043       -1.14472183840001
H          -16.58414806605215       32.36928705440356       -0.68261959598414
H          -16.73732823084947       31.23446687711106       -2.04226213716140
H          -14.89220408556109       30.90450623892729        0.38089767279793
H          -16.35169447063316       29.97402233913478        0.03027618196725
H          -15.31880165427130       29.12833597170033       -2.07107262463386
H          -12.91286263805981       30.77452511262263       -1.15735630200251
H          -12.93568632510963       29.68930066152205       -2.55518233965207
H          -14.77232592062694       31.01289427506079       -3.56835097850654
H          -13.33520948109918       32.01037115714220       -3.26033205716814
H          -12.29385219589287       29.06232079283510        0.22373230715499
H          -17.41363244458753       28.08862146265422       -1.94963934007294
H          -19.06469734302007       25.99375405539173       -1.95738823753590
H          -13.75483313235734       24.48985375833245        1.37730573911151
H          -15.71343907828274       34.53621578587957       -4.32609158076273
H          -16.58869914274802       35.71704817060778       -3.34993783255334
H          -16.30245326151444       36.01617693501339       -5.06067321814161
H          -13.92279680452515       38.40136495432611       -3.59989439760037
H          -15.34279243009656       38.17625714035700       -4.59971226705500
H          -15.48885235933444       38.03814329516693       -2.85487298430392
57
 energy: -81.181807525872 gnorm: 0.004110726780 xtb: 6.7.1 (edcfbbe)
C          -14.84095254212759       37.83528810618320       -3.68892002389569
C          -14.57581899002207       36.34058124758380       -3.82593946660576
C          -15.86728187282436       35.60772016717447       -4.16962844512973
N          -14.01531459390293       35.80361878284469       -2.55448531568161
C          -12.81773624257674       36.51211686264261       -2.04442376992221
C          -12.22750620890513       35.51581268922043       -1.06013678276693
C          -12.34713410543381       34.20192657040504       -1.83256337026423
C          -13.68412320727844       34.35140517229097       -2.58645462704617
C          -14.82316286868006       33.63805511532994       -1.83599886541661
O          -15.55986537319701       34.33136919219233       -1.13086716924198
N          -14.96333803278573       32.32452496809380       -1.98243216495434
C          -16.04382869972267       31.63653268902517       -1.29565995405020
C          -15.50675027148938       30.50399754019989       -0.42196340406971
C          -14.67774660424208       29.54686374821728       -1.28556505969000
C          -13.54134905589599       30.33579246102252       -1.93381641455873
C          -14.13994508516372       31.45203168113150       -2.79466880655728
N          -14.19946133550539       28.41989261955021       -0.51720436760710
C          -13.03372153195370       28.28778462062048        0.17692033541701
N          -12.88529484757042       27.13726044551116        0.76201423975359
C          -14.02509423752095       26.43040245076612        0.45487438979842
C          -14.86708875636893       27.23947557180787       -0.34394985798446
C          -16.09530267426661       26.72455946801461       -0.76153760040579
C          -17.23495787055250       27.12999094740387       -1.50371240113442
C          -18.09529714090482       26.06997693093382       -1.50860596588733
N          -17.56033943428333       25.02659745794886       -0.81321868037113
C          -16.34168698532454       25.39031090942080       -0.33641688043532
N          -15.54740440471450       24.60890248499171        0.40354233475705
C          -14.40385118661179       25.12832057673096        0.79799393444015
H          -13.61457663347757       34.02119721173507       -3.62100200984348
H          -17.99455609979729       24.13111731998819       -0.66530753277006
H          -13.82528243750945       36.17255954152863       -4.60495566540234
H          -14.76725990175663       35.84458625426441       -1.82602504946266
H          -12.13486404757800       36.68314105125688       -2.87892978074564
H          -13.08941987427539       37.45986325529086       -1.58675089958261
H          -12.83543047152744       35.47799966407180       -0.15632357749179
H          -11.20578451570716       35.75342930075592       -0.78401152103124
H          -11.52348095056000       34.09889149709640       -2.53705225695803
H          -12.34721454854003       33.33992244959509       -1.17012198601307
H          -16.58020419838592       32.36612195473586       -0.68804286302530
H          -16.72819400732880       31.22794764439324       -2.04568248345252
H          -14.88219563360521       30.90573206236746        0.37769053537007
H          -16.34305931648814       29.97456633685207        0.03420967091619
H          -15.31594995812476       29.12603153670985       -2.07085298042279
H          -12.90725580174750       30.77118558602167       -1.16175275402293
H          -12.93127204075341       29.68346469911586       -2.55753621132863
H          -14.77327139145380       31.00510422554845       -3.56823968745114
H          -13.33415262785344       32.00247250570381       -3.27037308244566
H          -12.29573770509753       29.06159245545586        0.23341305078121
H          -17.40753539176176       28.08162997026297       -1.96353685093548
H          -19.06240149620192       25.98814349021245       -1.96343944636180
H          -13.76810463018451       24.49702383473514        1.40108330972743
H          -15.71010020821606       34.54870660962447       -4.35405807830054
H          -16.59008807609147       35.71338059602569       -3.36333909679977
H          -16.29928317614522       36.03790109254696       -5.06788486038516
H          -13.92443598391374       38.40592687731716       -3.58050639328452
H          -15.34288238153489       38.18969678893172       -4.58459092262905
H          -15.49145233056076       38.03645270660086       -2.84125641513102
57
 energy: -81.181911825346 gnorm: 0.003612695500 xtb: 6.7.1 (edcfbbe)
C          -14.84362471090301       37.84250256160691       -3.67247962799640
C          -14.57708714377877       36.34935459840513       -3.82463412449821
C          -15.86574374852243       35.61899421404175       -4.18475116079867
N          -14.02315722703422       35.80108036809965       -2.55486134908171
C          -12.83660698554728       36.51401833497535       -2.02590607307038
C          -12.22903810200488       35.50558432487755       -1.06382160337806
C          -12.34205055413159       34.20321106225369       -1.85515607449925
C          -13.68518089918174       34.35048899637300       -2.59741598398158
C          -14.81906449235728       33.63143514566318       -1.84391017865658
O          -15.55551004617845       34.32518278673727       -1.13798304380376
N          -14.95512636555853       32.31863693642063       -1.98460853365413
C          -16.03708088373914       31.63143340815096       -1.29909314554831
C          -15.49923362514953       30.50304334293069       -0.42201373009595
C          -14.67256738786490       29.54367998813137       -1.28578127991901
C          -13.53602727112172       30.32989724620212       -1.93775388232488
C          -14.13482762459195       31.44538962103264       -2.79905908895939
N          -14.19637580101242       28.41697431925845       -0.51616164949253
C          -13.03599599420845       28.28847428002082        0.18731454913091
N          -12.89149781282556       27.13977420453690        0.77648251163148
C          -14.03131851667099       26.43349284103385        0.46896998134515
C          -14.86703081381596       27.23844397998915       -0.34049699902183
C          -16.09385227443338       26.72368294351329       -0.76297946959061
C          -17.22955506824258       27.12494707999853       -1.51369694104622
C          -18.09197808328496       26.06706072604347       -1.51517948556180
N          -17.56238520750610       25.02750619658932       -0.80922076535933
C          -16.34509668830726       25.39285749722549       -0.32876960959062
N          -15.55741664034580       24.61527831001557        0.42208884788210
C          -14.41473951485190       25.13498149706970        0.82006765720124
H          -13.62150133822607       34.02346291812333       -3.63348057027783
H          -17.99928907986429       24.13425478682655       -0.65599661669164
H          -13.82245934265315       36.18907125504536       -4.60163764500576
H          -14.78240501457441       35.82621091511595       -1.82988391020480
H          -12.15495578911801       36.71704744323601       -2.85526646807272
H          -13.12295689793872       37.44667185552351       -1.54555187557130
H          -12.82213666423376       35.44867394584415       -0.15223879494694
H          -11.20615888031668       35.74812422226994       -0.79836433797195
H          -11.52234573014612       34.12013144038374       -2.56814760589583
H          -12.32684401670031       33.33050975670767       -1.20541087117836
H          -16.57704653525086       32.36202016797031       -0.69590071729470
H          -16.71770658292724       31.21954683657599       -2.05060374816627
H          -14.87253944770092       30.90833763456095        0.37447653442480
H          -16.33337453025354       29.97422853542738        0.03916594932747
H          -15.31298605556857       29.12367907903041       -2.06993977756013
H          -12.90004296275090       30.76693387470785       -1.16784375670592
H          -12.92703494586980       29.67469306659611       -2.55978109622493
H          -14.77067645491656       30.99934101514658       -3.57090722648950
H          -13.33008053516323       31.99471222218828       -3.27799253637804
H          -12.29711691369957       29.06140731304632        0.24460057821807
H          -17.39841361899371       28.07263596400622       -1.98322493034036
H          -19.05730125156140       25.98237731781322       -1.97361673381007
H          -13.78302257836781       24.50639393945828        1.42958434946869
H          -15.70497076929163       34.56396468321550       -4.38703925829104
H          -16.59315490421922       35.70921049985138       -3.38097650938166
H          -16.29458021101977       36.06325619117894       -5.07773574403912
H          -13.92716550717166       38.41137313032834       -3.55291879132033
H          -15.34169892659068       38.20818361159098       -4.56545762370359
H          -15.49766502774322       38.03303956303773       -2.82510001116943
57
 energy: -81.181977236650 gnorm: 0.002944139055 xtb: 6.7.1 (edcfbbe)
C          -14.84639564244866       37.84866287265846       -3.66040161608134
C          -14.57805318438293       36.35713696983314       -3.82391671082751
C          -15.86444059647507       35.62804343699321       -4.19517739971390
N          -14.02829076055442       35.79987034381190       -2.55536790061566
C          -12.84831207887412       36.51298328982261       -2.01217828941747
C          -12.22840081912571       35.49543784350699       -1.06733513498290
C          -12.34124533753152       34.20273915683579       -1.87238827390009
C          -13.68814458612069       34.35000874070716       -2.60662433587870
C          -14.82004978198914       33.62715696937286       -1.85206982564648
O          -15.56113539128466       34.32154436249184       -1.15093254661055
N          -14.95044410361731       32.31418457735364       -1.98636780250922
C          -16.03366263841339       31.62684389080891       -1.30214593926804
C          -15.49477686583689       30.50195181608289       -0.42249619794330
C          -14.66893273187012       29.54124608747111       -1.28579637718119
C          -13.53249880776925       30.32556085096974       -1.94047431892136
C          -14.12960458328761       31.44135803806015       -2.80165472631634
N          -14.19327739825665       28.41495674981534       -0.51530071353197
C          -13.03536611859407       28.28811785542235        0.19261867157704
N          -12.89562999093683       27.14253359100675        0.78946450335551
C          -14.03401810446136       26.43566403596209        0.47906707488354
C          -14.86582992327479       27.23784469406862       -0.33660504152684
C          -16.09186846540907       26.72358540543730       -0.76231687377520
C          -17.22352348709758       27.12184126209021       -1.52043660001802
C          -18.08805397627789       26.06602190941890       -1.51941629411258
N          -17.56365919237901       25.02942109248286       -0.80496167674304
C          -16.34736960539000       25.39566836932217       -0.32167139651110
N          -15.56422055245873       24.62083536485539        0.43632955867190
C          -14.42145789894206       25.13954746529924        0.83515107232362
H          -13.62858108043645       34.02639673676764       -3.64427001887577
H          -18.00141906815760       24.13755506513757       -0.64663120730330
H          -13.82060691544827       36.20261047262311       -4.59939317985514
H          -14.79276403449996       35.81644852815504       -1.83414139117580
H          -12.16779071439141       36.73895840386612       -2.83595883443342
H          -13.14427688306146       37.43324575134035       -1.51452611933244
H          -12.81110179790462       35.42515084636969       -0.14833979653264
H          -11.20247789960023       35.74034238994012       -0.80947357403929
H          -11.52575784314334       34.12881937818275       -2.58863945011739
H          -12.31891616485897       33.32547105052932       -1.23154672864892
H          -16.57598129228486       32.35819068856157       -0.70203022183383
H          -16.71205750790258       31.21276076275122       -2.05432522818738
H          -14.86752311245788       30.91017866205807        0.37215069580371
H          -16.32727283126663       29.97287568888381        0.04161691814063
H          -15.31077527834870       29.12127556685191       -2.06875950696338
H          -12.89456598750021       30.76287587952395       -1.17205618001500
H          -12.92502540489988       29.66795556706833       -2.56155361212449
H          -14.76437689611424       30.99783804059190       -3.57553495199755
H          -13.32430001218867       31.99186780406142       -3.27819437413476
H          -12.29597776148443       29.06057407094732        0.24941885213722
H          -17.38967008674326       28.06607553139624       -1.99792212725234
H          -19.05133461721721       25.97972905455221       -1.98198532185071
H          -13.79373964466329       24.51360366065741        1.45202640628464
H          -15.70070730284226       34.57584531093866       -4.40801139826096
H          -16.59545188276197       35.70861192526655       -3.39383109039046
H          -16.29057581790657       36.08072281973067       -5.08521414528298
H          -13.93048513250000       38.41634498403977       -3.53006840014397
H          -15.33934837221116       38.22296110163899       -4.55236906001449
H          -15.50527603014638       38.03084721161041       -2.81503184036890
57
 energy: -81.182035968652 gnorm: 0.003015281598 xtb: 6.7.1 (edcfbbe)
C          -14.85206971327612       37.85580154883769       -3.64564009212864
C          -14.57824572571663       36.36689121721676       -3.82202141163903
C          -15.86092650803222       35.63680736180996       -4.20492026303190
N          -14.03310182518505       35.79963375011364       -2.55511252322103
C          -12.85776279846428       36.51018318649862       -1.99841922720657
C          -12.23090801356631       35.48148361439037       -1.07026619409363
C          -12.34052231149402       34.19957096216584       -1.89281728603454
C          -13.69261084700812       34.35019516819799       -2.61610142214996
C          -14.82353417690572       33.62407625944633       -1.86150936787249
O          -15.57142657051726       34.31784357124555       -1.16636446358201
N          -14.94714874589082       32.31014299953956       -1.98975098179335
C          -16.03074294787502       31.62230343134196       -1.30586925072508
C          -15.49098257761531       30.50001182496388       -0.42433407883850
C          -14.66513378540115       29.53842371327308       -1.28660813167162
C          -13.52857185122464       30.32119691873730       -1.94279556079080
C          -14.12265242890557       31.43836704652064       -2.80363699671184
N          -14.18998799979020       28.41321273659807       -0.51411439790645
C          -13.03498547101843       28.28840006861280        0.19937022523197
N          -12.89957570452900       27.14615771642245        0.80348858635984
C          -14.03746594352793       26.43915446249372        0.49220798580569
C          -14.86453932247501       27.23782461162504       -0.33141185814531
C          -16.08945047247122       26.72360521716277       -0.76058026738738
C          -17.21532164043198       27.11866164012613       -1.52862380047576
C          -18.08219860418260       26.06483463798051       -1.52552103755431
N          -17.56457684051556       25.03206136112733       -0.80063085135630
C          -16.35022720130520       25.39929939178759       -0.31269228562772
N          -15.57226151381029       24.62794065277999        0.45420938671418
C          -14.42996218791009       25.14583420916184        0.85435701743762
H          -13.63932099466839       34.03188138474881       -3.65605548348069
H          -18.00283745161281       24.14151181216916       -0.63686779968683
H          -13.81708962034548       36.22132105403166       -4.59571600714503
H          -14.80216347232693       35.81051814253649       -1.83859599869933
H          -12.17741797463376       36.75385733301089       -2.81593504509707
H          -13.16011778061345       37.41950949593036       -1.48589917648895
H          -12.80433055294191       35.39812109314675       -0.14674551444485
H          -11.20374636104551       35.72705858762725       -0.81747438979037
H          -11.52879303145080       34.14495934947914       -2.61849032179456
H          -12.30591885181350       33.31014998832319       -1.26647971571202
H          -16.57405220921873       32.35431330017445       -0.70752738135515
H          -16.70838982551027       31.20686649123746       -2.05784741273006
H          -14.86396846218497       30.91025896153588        0.36939470109490
H          -16.32271234805446       29.97075031213526        0.04105461477066
H          -15.30743433031629       29.11757106734280       -2.06847452322676
H          -12.88860544473199       30.75697138431030       -1.17508515151513
H          -12.92329888869844       29.66183312478757       -2.56412116374420
H          -14.75375233479938       30.99756432436511       -3.58187227441831
H          -13.31550213980375       31.99129486513435       -3.27432576239771
H          -12.29493876069144       29.06033942111654        0.25435180782445
H          -17.37798999056330       28.05910370198471       -2.01472483760650
H          -19.04236335711321       25.97735116963106       -1.99435586439917
H          -13.80615692113181       24.52249088432427        1.47822711157314
H          -15.69282187257785       34.58741507251482       -4.42795184829583
H          -16.59510389048835       35.70683529908425       -3.40531536149618
H          -16.28544900423527       36.09698789979169       -5.09190329679746
H          -13.93865115251444       38.42462964291055       -3.50228563489046
H          -15.33899789455091       38.23815348895108       -4.53735523738199
H          -15.51798134831821       38.02736206349088       -2.80351448226260
57
 energy: -81.182084006314 gnorm: 0.002780422569 xtb: 6.7.1 (edcfbbe)
C          -14.85718615304895       37.86264815051130       -3.63279997084892
C          -14.57781216946006       36.37640660552508       -3.81954849523753
C          -15.85742587216390       35.64613308921513       -4.21204799049695
N          -14.03666782380554       35.80021158531947       -2.55454596868227
C          -12.86164673135776       36.50508303972658       -1.99006358741737
C          -12.23116231802117       35.46771666225183       -1.07438105927018
C          -12.34464042211958       34.19458783464263       -1.90852940521909
C          -13.69955532350957       34.35075444461557       -2.62407412700504
C          -14.83170114469145       33.62291340236867       -1.87176790880052
O          -15.58891530889057       34.31506559138827       -1.18487999672064
N          -14.94672882450814       32.30707820306665       -1.99360288852405
C          -16.02969041721398       31.61746555486886       -1.31024615211720
C          -15.48896205387326       30.49665404864392       -0.42756630836645
C          -14.66120339670115       29.53550746417165       -1.28820124489992
C          -13.52442443551160       30.31836528247597       -1.94342167032257
C          -14.11528835318466       31.43752026346594       -2.80373826584676
N          -14.18614982896671       28.41189118380418       -0.51315932889668
C          -13.03347120998818       28.28875539878012        0.20466452658112
N          -12.89991045768511       27.14854216875842        0.81148651077568
C          -14.03945170008206       26.44265298396331        0.50390317461359
C          -14.86238639386134       27.23818704634731       -0.32664143006243
C          -16.08655685018651       26.72387597009221       -0.75754179533865
C          -17.20702745044673       27.11657387460203       -1.53393320598352
C          -18.07595792610053       26.06419658852515       -1.52933486245588
N          -17.56453476987425       25.03511676252239       -0.79572940998666
C          -16.35220977691380       25.40298644588768       -0.30355367996695
N          -15.57848508797337       24.63468271282861        0.47076607108941
C          -14.43680701301677       25.15204981204471        0.87191618292881
H          -13.65181894431409       34.03753181001719       -3.66589100701386
H          -18.00260325593153       24.14541206585544       -0.62765905378471
H          -13.81305299570015       36.23898928262116       -4.59089465709383
H          -14.80884265066560       35.81007192084075       -1.84276758420529
H          -12.18234476482905       36.75941225740340       -2.80332758094955
H          -13.16607321247224       37.40652579557309       -1.46668266079808
H          -12.79975966929122       35.37631516479219       -0.14785276411579
H          -11.20169420655458       35.71087074847168       -0.82452012052064
H          -11.53744964099024       34.14823067832706       -2.63754110985265
H          -12.30640238619097       33.30035014434748       -1.29276836591451
H          -16.57402167251271       32.34915058470558       -0.71248145224554
H          -16.70696843659509       31.20086560667667       -2.06188498714693
H          -14.86345078277875       30.90814103520719        0.36649694360518
H          -16.32075478638568       29.96682682624271        0.03696630137904
H          -15.30215300354197       29.11291300077780       -2.06990137565547
H          -12.88359924499465       30.75122708428647       -1.17494813203621
H          -12.92076868126347       29.65903384912954       -2.56617402813892
H          -14.74013641265834       30.99859499272312       -3.58809344949757
H          -13.30564465087815       31.99396781270584       -3.26618878075275
H          -12.29248572778939       29.06000115738478        0.25678554737430
H          -17.36650698925479       28.05391782579713       -2.02654571640333
H          -19.03313864259491       25.97637318486026       -2.00383432006840
H          -13.81496706643183       24.52997968495968        1.49832482713771
H          -15.68673667402747       34.59860427027365       -4.44048351839149
H          -16.59392012332553       35.70992326056114       -3.41426078645510
H          -16.28009655661265       36.11058390475878       -5.09752018866286
H          -13.94713814353559       38.43312660192258       -3.47545634625918
H          -15.33627452426957       38.25098158419257       -4.52621572309220
H          -15.53203693645352       38.02535569017596       -2.79610762195144
57
 energy: -81.182114772620 gnorm: 0.002039105076 xtb: 6.7.1 (edcfbbe)
C          -14.86294638677582       37.86928848538054       -3.61854739631823
C          -14.57739526294216       36.38557227235099       -3.81643788601003
C          -15.85368027644953       35.65496464770690       -4.21937376137520
N          -14.03988894462010       35.80043594423365       -2.55421028904801
C          -12.86476283886832       36.50119704744393       -1.98358594052466
C          -12.23394453671319       35.45540674225571       -1.07728676078117
C          -12.34591628221785       34.19051884676600       -1.92536379594865
C          -13.70481858837763       34.35087175392167       -2.63196939716352
C          -14.83501375657791       33.62132617419894       -1.87817562179067
O          -15.59753433123235       34.31156882439792       -1.19556415465301
N          -14.94547511577943       32.30443844450225       -1.99765757053016
C          -16.02785713267628       31.61370484468066       -1.31486607765406
C          -15.48663228517970       30.49323455363619       -0.43175037084456
C          -14.65683078644179       29.53260770317373       -1.29061512080278
C          -13.51961934126251       30.31620789616832       -1.94395374328182
C          -14.10930133156067       31.43639745706896       -2.80446791258149
N          -14.18279497477557       28.41057654662881       -0.51256871131786
C          -13.03257392984682       28.28901234210182        0.20957267105042
N          -12.90374631228915       27.15236951708652        0.82506205150515
C          -14.04267354548578       26.44613993234757        0.51514803504294
C          -14.86137793395383       27.23890093678320       -0.32247099015730
C          -16.08446694162301       26.72368369198240       -0.75520936050166
C          -17.20024194972894       27.11380997415901       -1.53960718940722
C          -18.07045556077120       26.06212644968831       -1.53369469094805
N          -17.56435993811778       25.03703795034814       -0.79125135286698
C          -16.35408266133485       25.40575482103761       -0.29542058696100
N          -15.58446430911845       24.64040514999761        0.48622475454092
C          -14.44350865964675       25.15814982457828        0.88846910897699
H          -13.66413745807087       34.04138344252437       -3.67525799016613
H          -18.00351458180290       24.14830778892174       -0.62097108765831
H          -13.80873891889922       36.25770204428842       -4.58555553614655
H          -14.81414553722439       35.80778421336806       -1.84522444629486
H          -12.18572599196429       36.76319696289593       -2.79519176727162
H          -13.16982090799381       37.39803486131393       -1.45182287652513
H          -12.80456827167543       35.35372806318253       -0.15274317203671
H          -11.20525721430946       35.69705560804682       -0.82409956235286
H          -11.54242939611307       34.15816949210503       -2.66020524497014
H          -12.29996567730758       33.28790380498523       -1.32164551823398
H          -16.57286228817485       32.34471695603634       -0.71680828924538
H          -16.70492692911913       31.19628388560361       -2.06640909900695
H          -14.86228907035983       30.90495022024066        0.36303355286466
H          -16.31899305950041       29.96323355575294        0.03139583990624
H          -15.29566901279957       29.10812366532979       -2.07287929622263
H          -12.87918822193542       30.74690880107536       -1.17421025215690
H          -12.91618316450975       29.65812402286473       -2.56813109034337
H          -14.72993504013039       30.99671471504070       -3.59193138211316
H          -13.29867145899517       31.99481209676497       -3.26294926934280
H          -12.29089481215189       29.05966869655029        0.26033384290420
H          -17.35587429045161       28.04869763576257       -2.03809910244720
H          -19.02501964907412       25.97351495563865       -2.01316119163851
H          -13.82581412025493       24.53877599415044        1.52228915111503
H          -15.68019923971807       34.60916910760308       -4.45611172839331
H          -16.59195042085385       35.71034992177360       -3.42206866907817
H          -16.27535165431882       36.12584949151876       -5.10224525120084
H          -13.95671698843195       38.44227970920004       -3.44900424968122
H          -15.33639385642717       38.26319369762960       -4.51290488834192
H          -15.54519884906439       38.02255781121092       -2.78584936355626
57
 energy: -81.182139413689 gnorm: 0.001551314920 xtb: 6.7.1 (edcfbbe)
C          -14.86562889062101       37.87327116066433       -3.60971214901399
C          -14.57734015742718       36.39110023963279       -3.81361460623579
C          -15.85239579845906       35.66261807800804       -4.22313560205936
N          -14.04206245632940       35.80056781825478       -2.55355692391612
C          -12.86389797565561       36.49658074771546       -1.98328520604780
C          -12.23523143531735       35.44749071014726       -1.07989388669258
C          -12.34967072263536       34.18593244684823       -1.93220038190975
C          -13.70957375832304       34.35069949397733       -2.63522671224098
C          -14.83911731194650       33.62066800779022       -1.88200643577470
O          -15.60462744529379       34.30950281462009       -1.20191186117689
N          -14.94584834448203       32.30303484840347       -1.99998798559671
C          -16.02808482581585       31.61046539139529       -1.31957915837891
C          -15.48710451206748       30.48959703579793       -0.43631468809611
C          -14.65320277164867       29.53079988634989       -1.29302827942955
C          -13.51569509309600       30.31688948538739       -1.94269687888371
C          -14.10577855695765       31.43676163474498       -2.80409609139656
N          -14.17991604140281       28.41027676118644       -0.51228457816523
C          -13.03097387360984       28.28973025842613        0.21165198724834
N          -12.90445171938703       27.15490567115559        0.83099695860310
C          -14.04376841293381       26.44893867248540        0.52125880099485
C          -14.86032799178054       27.24021163342525       -0.31972481680855
C          -16.08290129408097       26.72415859390930       -0.75277809870285
C          -17.19640558157185       27.11240476300794       -1.54122820212086
C          -18.06685460510293       26.06070478811208       -1.53459828775552
N          -17.56325935468357       25.03828437163727       -0.78752774749330
C          -16.35424743245031       25.40781837425867       -0.28987158566702
N          -15.58678748689198       24.64425269071901        0.49552040357414
C          -14.44615489933798       25.16277383699708        0.89805743193094
H          -13.67231476178594       34.04357613912480       -3.67903445292212
H          -18.00311175705968       24.14987226747656       -0.61744432659203
H          -13.80671423781695       36.26822605832349       -4.58107815788185
H          -14.81643646138516       35.80812408535731       -1.84506683797489
H          -12.18593374311861       36.75734679773887       -2.79646644542388
H          -13.16468662839415       37.39391458287587       -1.45014235786967
H          -12.80858923086914       35.34393507447906       -0.15847225361992
H          -11.20698300113597       35.68574054661060       -0.82370677226754
H          -11.54796597861959       34.15769236845069       -2.66861578184963
H          -12.30275866632766       33.28133670288918       -1.33302049829977
H          -16.57504739823039       32.33994266332122       -0.72127876717895
H          -16.70373237028738       31.19257078446316       -2.07234446460212
H          -14.86529279902691       30.90127655785588        0.36046728437535
H          -16.32018980496589       29.95833327405012        0.02392133755968
H          -15.28848737158924       29.10446271023425       -2.07724436463673
H          -12.87778323390887       30.74717189092447       -1.17088731237627
H          -12.90999829294425       29.66107510347718       -2.56703712351753
H          -14.72315505888071       30.99501322082931       -3.59311297527330
H          -13.29513696605941       31.99638776270977       -3.26084198425315
H          -12.28825993937489       29.05949397554817        0.26111714656880
H          -17.34950455499208       28.04611149000149       -2.04249538557050
H          -19.02010369741088       25.97135525070395       -2.01631729882747
H          -13.83058527707461       24.54500622844077        1.53532258326067
H          -15.67944392544491       34.61759835344517       -4.46237896746435
H          -16.59249977597178       35.71587490155499       -3.42786330456299
H          -16.27153852973534       36.13607769049219       -5.10551152316716
H          -13.96183033573002       38.44654026643400       -3.43100324557901
H          -15.33374604423061       38.27082499351870       -4.50550957120781
H          -15.55366140431838       38.02157803961605       -2.78117959561996
57
 energy: -81.182164053529 gnorm: 0.002332980286 xtb: 6.7.1 (edcfbbe)
C          -14.86976469290524       37.88138740084666       -3.59094834065245
C          -14.57809362853424       36.40156288633316       -3.80929352452248
C          -15.85118191259378       35.67774010202175       -4.23245436599809
N          -14.04627545878792       35.79977953190214       -2.55346126861935
C          -12.86516066130962       36.48996956606187       -1.98077210898061
C          -12.23908317744062       35.43369410537207       -1.08398317763372
C          -12.35370664686288       34.17912913057705       -1.94779045688530
C          -13.71665599265549       34.34924424991891       -2.64325948266576
C          -14.84342792443660       33.61747044501163       -1.88891039447804
O          -15.61026685581610       34.30448484659731       -1.20875741288285
N          -14.94510103986843       32.29925425774615       -2.00474315476895
C          -16.02787182573985       31.60353868174549       -1.32939868879235
C          -15.48792382596288       30.48287266362297       -0.44507211778150
C          -14.64570958865204       29.52750680631579       -1.29756457714075
C          -13.50799706893169       30.31853945999972       -1.94091138263438
C          -14.10070861762804       31.43513084216917       -2.80570657118792
N          -14.17417048721016       28.40938093784916       -0.51217607429936
C          -13.02849683647288       28.29152421089405        0.21697420657223
N          -12.90600097199811       27.15971811616830        0.84260273931095
C          -14.04650805209690       26.45466248558224        0.53458439776608
C          -14.85822016930953       27.24224982229206       -0.31492700653305
C          -16.07970478928020       26.72475536219943       -0.74950896288285
C          -17.18955260019045       27.10885849728020       -1.54549900163292
C          -18.06047732280928       26.05756712664010       -1.53657636427778
N          -17.56129230897610       25.03993283687757       -0.77990101244361
C          -16.35429887578182       25.41148972522393       -0.27894276389001
N          -15.59183491657087       24.65193975109523        0.51552011464869
C          -14.45204330638042       25.17228284106799        0.91963506037075
H          -13.68573840737756       34.04621613745645       -3.68839524608020
H          -18.00368027015299       24.15263161745709       -0.60970407504606
H          -13.80430704908256       36.28821880578121       -4.57509921642707
H          -14.82127159132169       35.80385818875948       -1.84447724507976
H          -12.18799995024854       36.75229596061691       -2.79610227446742
H          -13.16124193902760       37.38697676516854       -1.44272262087786
H          -12.81752875646704       35.32083284029305       -0.16691406882985
H          -11.21208403239499       35.66825360601838       -0.82190804701397
H          -11.55517456663075       34.15887782442969       -2.68683211970109
H          -12.30307356614960       33.26977835096151       -1.35678143647653
H          -16.57974796357275       32.33056616063273       -0.73241894011859
H          -16.69916512280354       31.18439963705806       -2.08554892609296
H          -14.87137378680087       30.89557217523471        0.35546390782703
H          -16.32155823205768       29.94831270830830        0.01036158557457
H          -15.27432081969481       29.09824149615494       -2.08588106681911
H          -12.87631086906875       30.75185687607893       -1.16574833208440
H          -12.89566798410670       29.66606822153136       -2.56245859079839
H          -14.71525412671769       30.98853327780049       -3.59436308958398
H          -13.29178232166935       31.99612997556703       -3.26351559975953
H          -12.28367578646903       29.05938218203593        0.26441185539297
H          -17.33784894987168       28.04007818321330       -2.05300980833342
H          -19.01185321849209       25.96587120864806       -2.02153668211483
H          -13.84001087127257       24.55768293248338        1.56265930769512
H          -15.67836315170557       34.63466855055960       -4.48201976861404
H          -16.59592703639013       35.72347370030563       -3.44063300163872
H          -16.26489771400373       36.16113261846662       -5.11243875884431
H          -13.96927193778879       38.45411372046809       -3.39512504160591
H          -15.32849652162153       38.28875757454649       -4.48760900180718
H          -15.56764389783488       38.01845201055718       -2.76841200334292
57
 energy: -81.182177590207 gnorm: 0.001705799998 xtb: 6.7.1 (edcfbbe)
C          -14.86901289802702       37.88285445460865       -3.58777789677362
C          -14.57896854944148       36.40327533238955       -3.80840381146406
C          -15.85260028609523       35.68208204766849       -4.23358132576362
N          -14.04711906409378       35.79937835798577       -2.55340541179494
C          -12.86454565549914       36.48733930823227       -1.98131341865191
C          -12.23938827286976       35.43094949059373       -1.08485991964259
C          -12.35644434672122       34.17667703605405       -1.94766994078153
C          -13.71864911947741       34.34847758007104       -2.64406844629024
C          -14.84578741574863       33.61615474086997       -1.89078932014814
O          -15.61317074294064       34.30323044802156       -1.21103865908061
N          -14.94612584270656       32.29804040127313       -2.00643371149625
C          -16.02971967456470       31.60090913552315       -1.33358822134092
C          -15.49035952157870       30.48089226070380       -0.44832182584854
C          -14.64403231233224       29.52708507497689       -1.29877950289490
C          -13.50657151283999       30.32042364835971       -1.93969754421597
C          -14.10036957164604       31.43443592601009       -2.80679567609109
N          -14.17232921604579       28.40962528981280       -0.51248505325061
C          -13.02651037977792       28.29216414631529        0.21638596375890
N          -12.90498190004760       27.16140955133397        0.84436366305914
C          -14.04528012978500       26.45614841630310        0.53638936440281
C          -14.85680699146797       27.24294442788651       -0.31370671431296
C          -16.07831139600640       26.72535940289459       -0.74812545055109
C          -17.18793750645781       27.10851504073803       -1.54475042639546
C          -18.05900139784806       26.05757440725474       -1.53489279689342
N          -17.56011616415194       25.04051108695951       -0.77721807791777
C          -16.35309231314566       25.41256947039929       -0.27645691202369
N          -15.59113409386755       24.65391371142637        0.51884801049700
C          -14.45119217662459       25.17434427714175        0.92263172768865
H          -13.68704779302244       34.04663897184808       -3.68952806595997
H          -18.00285555784364       24.15340004282642       -0.60687548200523
H          -13.80552062087052       36.28977297363416       -4.57426583496708
H          -14.82153208479830       35.80395130231457       -1.84368865590438
H          -12.18738094060202       36.74764483706756       -2.79672665491480
H          -13.15836504162957       37.38494306064705       -1.44391694449859
H          -12.81636816955333       35.31962131017576       -0.16750064626831
H          -11.21183498642541       35.66400549544398       -0.82376641718031
H          -11.55744690466306       34.15447039072049       -2.68634554140151
H          -12.30780986403850       33.26796984162005       -1.35556213315795
H          -16.58385834549258       32.32721404278980       -0.73785657351600
H          -16.69867493932011       31.18126171929012       -2.09146303176440
H          -14.87683155124717       30.89442633979284        0.35415791370075
H          -16.32405482848423       29.94433619612835        0.00479010065865
H          -15.27001748685931       29.09689217416307       -2.08873210728694
H          -12.87843375649974       30.75690660509795       -1.16322927010571
H          -12.89028788890078       29.66879665321821       -2.55828007516142
H          -14.71425351319935       30.98615550254435       -3.59494722661735
H          -13.29229333555086       31.99613246440324       -3.26532361679601
H          -12.28115375107006       29.05954641250457        0.26278055443513
H          -17.33570274024284       28.03910454538427       -2.05346949074613
H          -19.01031250473396       25.96504421627110       -2.01992245349780
H          -13.84001646073683       24.56080226563398        1.56773369245618
H          -15.68108111018321       34.63939788938443       -4.48341524261615
H          -16.59877838417496       35.72881857367621       -3.44365620533556
H          -16.26385005753025       36.16669559772232       -5.11376934995661
H          -13.96814051069117       38.45321158859368       -3.38837920479851
H          -15.32483003001595       38.29330177622764       -4.48422660589812
H          -15.56850838580800       38.01915273507324       -2.76707409466173
57
 energy: -81.182189073057 gnorm: 0.000532785200 xtb: 6.7.1 (edcfbbe)
C          -14.86815298407260       37.88325556865964       -3.58662025106772
C          -14.57906597215145       36.40360298994214       -3.80876069492968
C          -15.85326908398424       35.68245509338067       -4.23301538425761
N          -14.04669313993289       35.79900573164070       -2.55405448252677
C          -12.86493716475144       36.48713728644642       -1.98066228267653
C          -12.24026790271848       35.43046016017745       -1.08420674477869
C          -12.35639489809353       34.17590145482949       -1.94682601160270
C          -13.71800573951978       34.34808945228997       -2.64510123208095
C          -14.84631479491180       33.61538582421100       -1.89288307650951
O          -15.61329060073358       34.30246937702783       -1.21247435992698
N          -14.94734733643157       32.29735539648612       -2.00943338812996
C          -16.03096499537561       31.59997719025622       -1.33636822887068
C          -15.49183209784974       30.48073510140038       -0.45019160246503
C          -14.64407505075485       29.52709182018603       -1.29954751236534
C          -13.50690162889847       30.32107857257422       -1.94010049980872
C          -14.10100633840022       31.43326126741245       -2.80909754547295
N          -14.17194650051774       28.41001546156996       -0.51295895910849
C          -13.02600603916475       28.29307962792901        0.21604670048916
N          -12.90407327044090       27.16277431936938        0.84445050297601
C          -14.04429257975874       26.45718354682146        0.53733254666077
C          -14.85585374293874       27.24304862922441       -0.31352675179708
C          -16.07729457376637       26.72531584854963       -0.74789580681112
C          -17.18695894753119       27.10822237332019       -1.54459512747292
C          -18.05844651654432       26.05779561091498       -1.53365945956010
N          -17.55942049029783       25.04071168998842       -0.77576891849234
C          -16.35217175169458       25.41290400533824       -0.27537164091364
N          -15.59032052313146       24.65506294666483        0.52071022299366
C          -14.45048594358408       25.17546871554102        0.92430171537713
H          -13.68504518043908       34.04646563113177       -3.69082559909007
H          -18.00234424029526       24.15402993050138       -0.60417228049125
H          -13.80613192594918       36.28982149858058       -4.57549530715778
H          -14.82101286118944       35.80320789784653       -1.84445912156103
H          -12.18672918733689       36.74837287732738       -2.79420574580741
H          -13.15998954380325       37.38373616529113       -1.44271988830467
H          -12.81677171721020       35.31996718078577       -0.16542156085746
H          -11.21238321625651       35.66423287960886       -0.82338731765707
H          -11.55576719522567       34.15085534876772       -2.68486011822064
H          -12.30996902182560       33.26743715739955       -1.35263767953418
H          -16.58546857131473       32.32652674799515       -0.74153766112825
H          -16.69932122479771       31.17984048637258       -2.09428876876659
H          -14.87964325717473       30.89491386001820        0.35287489860619
H          -16.32557358644235       29.94360254477742        0.00215624350754
H          -15.26939360508970       29.09640410295274       -2.08961848579843
H          -12.88048071777641       30.75987647998579       -1.16330195119111
H          -12.88873997090892       29.66920970751200       -2.55653938998100
H          -14.71472826011062       30.98409826482618       -3.59671277575402
H          -13.29337414954423       31.99528639428575       -3.26811168041866
H          -12.28082217718810       29.06063987900316        0.26168543548432
H          -17.33511468271534       28.03831288649094       -2.05401501826851
H          -19.00986879880571       25.96496395263161       -2.01851602478299
H          -13.83906848469957       24.56226876241867        1.56953391100165
H          -15.68168507116434       34.64005559768201       -4.48407825403324
H          -16.59897322109051       35.72866873384446       -3.44236799536173
H          -16.26503807788131       36.16806720641923       -5.11239227677080
H          -13.96635574795808       38.45284950324974       -3.38790179917269
H          -15.32456913935621       38.29520775795988       -4.48161963349643
H          -15.56664655449621       38.01913549818686       -2.76478587984794
57
 energy: -81.182201462222 gnorm: 0.001107287586 xtb: 6.7.1 (edcfbbe)
C          -14.86656396503449       37.88354047261664       -3.58421190867208
C          -14.57933488666032       36.40387044651430       -3.80851662684827
C          -15.85457861106930       35.68375908881281       -4.23178667937950
N          -14.04602374987809       35.79778918260587       -2.55460315620867
C          -12.86552981214420       36.48624568417451       -1.97915671393042
C          -12.24075962907039       35.42938797436585       -1.08284022307176
C          -12.35762699767096       34.17400003569161       -1.94370185632037
C          -13.71702512689405       34.34703715810502       -2.64660000016656
C          -14.84706553985228       33.61343477637449       -1.89679263232239
O          -15.61385278751641       34.30026266710610       -1.21592056292816
N          -14.94969547021345       32.29582629805781       -2.01589039304165
C          -16.03366399387616       31.59804241385211       -1.34311773352991
C          -15.49483279537280       30.48037708524916       -0.45481084526312
C          -14.64385712300913       29.52720276225755       -1.30173420081034
C          -13.50691846970732       30.32252048405760       -1.94099148578544
C          -14.10178943311424       31.43108763712909       -2.81371207967667
N          -14.17108141882889       28.41126564310379       -0.51399834810857
C          -13.02497540146874       28.29561138825598        0.21527514152975
N          -12.90256561897085       27.16627606895601        0.84507403320662
C          -14.04222528387748       26.45958398350773        0.53872618524685
C          -14.85416114608914       27.24396817911982       -0.31302161161028
C          -16.07547893990523       26.72577526608650       -0.74710128922557
C          -17.18526716610151       27.10800948193189       -1.54387913247061
C          -18.05713685383420       26.05800692153198       -1.53126893674987
N          -17.55816228135393       25.04149464502148       -0.77226827776416
C          -16.35053048255843       25.41408590226539       -0.27281504310747
N          -15.58858176246363       24.65763026996128        0.52439741711875
C          -14.44871438613444       25.17814256575183        0.92716435888771
H          -13.68102470276106       34.04638629424620       -3.69262346882480
H          -18.00148416486707       24.15556946652647       -0.59807889641632
H          -13.80760978358725       36.28990560765199       -4.57662697894398
H          -14.82028483797351       35.80111840316754       -1.84519944954916
H          -12.18621078702809       36.74923919173379       -2.79076517834382
H          -13.16268428498197       37.38144942365623       -1.44020402070157
H          -12.81601673370806       35.31943919156456       -0.16272525668200
H          -11.21250595098045       35.66356669445310       -0.82262366850180
H          -11.55434378175704       34.14426719553563       -2.67913963406856
H          -12.31529407485792       33.26639892627770       -1.34700378746854
H          -16.58932256412194       32.32500563585896       -0.74998661080205
H          -16.70052852402213       31.17661351919446       -2.10148976030077
H          -14.88539084409048       30.89591830529926        0.34959946261547
H          -16.32893294781116       29.94227847951817       -0.00419589981772
H          -15.26740175362403       29.09515458355230       -2.09241013236396
H          -12.88428473494209       30.76550018429231       -1.16329664070702
H          -12.88481960456741       29.67064265764274       -2.55343476472313
H          -14.71485081367425       30.97953476825451       -3.60031708966378
H          -13.29503304539590       31.99361834136361       -3.27371324552511
H          -12.28011116668314       29.06357638302642        0.25942518376772
H          -17.33398580140185       28.03715600383405       -2.05483824166531
H          -19.00870675950904       25.96444847820800       -2.01572104347695
H          -13.83742637209061       24.56613630631857        1.57369686571968
H          -15.68308090149796       34.64192380985978       -4.48508578036219
H          -16.59874475459192       35.72845308405213       -3.43954073913873
H          -16.26806424451395       36.17117132172724       -5.10938873107476
H          -13.96332043130866       38.45167008383878       -3.38705746481304
H          -15.32477877443733       38.29761771560744       -4.47708111050478
H          -15.56255772254025       38.01890545727920       -2.76007131464327
57
 energy: -81.182214537451 gnorm: 0.001356110365 xtb: 6.7.1 (edcfbbe)
C          -14.86434312284286       37.88358770266014       -3.58049372301296
C          -14.57933915379225       36.40384177498832       -3.80703750158832
C          -15.85578685022264       35.68516108853486       -4.22915153973440
N          -14.04557051635253       35.79593569277448       -2.55407275164894
C          -12.86588241398853       36.48434752898558       -1.97709940468433
C          -12.24170904800448       35.42726844695889       -1.08053345764314
C          -12.35954550364854       34.17061978447715       -1.93947493927290
C          -13.71621831167649       34.34555279557340       -2.64740668986186
C          -14.84898625541087       33.61092061526870       -1.90225878272582
O          -15.61568597913962       34.29687486614505       -1.22042909004390
N          -14.95330494704667       32.29391930696585       -2.02532104445704
C          -16.03756074321894       31.59521169158493       -1.35365705271176
C          -15.49908448944602       30.47966653310050       -0.46228933055308
C          -14.64312461727660       29.52744148059658       -1.30543116562682
C          -13.50639180375118       30.32489270721452       -1.94237810160202
C          -14.10237897151336       31.42897492950663       -2.81986673785513
N          -14.16977771422999       28.41347131610747       -0.51540552991676
C          -13.02358081105960       28.29972741624619        0.21416986753289
N          -12.90040256001069       27.17142921249412        0.84562931119234
C          -14.03985189557863       26.46369213526699        0.54091985555180
C          -14.85210079981122       27.24605668996368       -0.31228437448874
C          -16.07328273413103       26.72700531673330       -0.74564333088491
C          -17.18322532182174       27.10790636673500       -1.54273231639470
C          -18.05537511366364       26.05814975643438       -1.52765743659587
N          -17.55623694747865       25.04283253430275       -0.76708807785973
C          -16.34842795467926       25.41632897004664       -0.26867396487101
N          -15.58622745887223       24.66166045355073        0.53000618958208
C          -14.44647361811130       25.18292683484909        0.93182305628130
H          -13.67608461001005       34.04682630900953       -3.69376349012182
H          -17.99992743532900       24.15771742010554       -0.58969433534405
H          -13.80881761369224       36.28967212665803       -4.57628938308302
H          -14.82001894760143       35.79807896544465       -1.84486116436726
H          -12.18578672220421       36.74873532118892       -2.78762963046695
H          -13.16439323332726       37.37868711462018       -1.43739761864784
H          -12.81569282548715       35.31928792062470       -0.15944025154668
H          -11.21301609067819       35.66108948647312       -0.82176343035133
H          -11.55363848871048       34.13561398230850       -2.67171595577595
H          -12.32256634261323       33.26440012288179       -1.34029810829226
H          -16.59564835535718       32.32227887683438       -0.76292186653985
H          -16.70187322260724       31.17158351024448       -2.11296668150702
H          -14.89346355706236       30.89737607307402        0.34389047033707
H          -16.33360246232345       29.94017827507073       -0.01404248386895
H          -15.26353591195596       29.09310754034703       -2.09739017685079
H          -12.88881506031936       30.77254291266797       -1.16324729514752
H          -12.87921355227923       29.67352339270587       -2.55015206016753
H          -14.71385366403214       30.97352113567625       -3.60538374953462
H          -13.29681910344851       31.99219871240734       -3.28111544294184
H          -12.27922350385151       29.06828915400506        0.25663116491475
H          -17.33230232511422       28.03577812454427       -2.05593321249859
H          -19.00714609947596       25.96356599154994       -2.01149590488585
H          -13.83481479642715       24.57204549162511        1.57909158381788
H          -15.68485830670910       34.64397246107732       -4.48556438309004
H          -16.59816840167575       35.72788850915119       -3.43513324287657
H          -16.27129875550647       36.17496000481032       -5.10445480769602
H          -13.95978635156650       38.45057045688750       -3.38606472307366
H          -15.32532645585295       38.29901936368614       -4.47130983535304
H          -15.55723214399836       38.01898729225961       -2.75374591912837
57
 energy: -81.182231783449 gnorm: 0.001132612732 xtb: 6.7.1 (edcfbbe)
C          -14.86180279772790       37.88338930554280       -3.57530345595268
C          -14.57935694892762       36.40343659568521       -3.80359191462278
C          -15.85709317087804       35.68671725405557       -4.22491116061627
N          -14.04518776419672       35.79354984196359       -2.55182896497929
C          -12.86543181798510       36.48102465595111       -1.97412857875687
C          -12.24235448934013       35.42387509549921       -1.07685016337522
C          -12.36293978749669       34.16572680754104       -1.93355816830325
C          -13.71619400920794       34.34353271512535       -2.64759300440486
C          -14.85181171145494       33.60739638479551       -1.90852697655988
O          -15.61969927005049       34.29187034447857       -1.22653074635130
N          -14.95840912924241       32.29127471212995       -2.03819643190893
C          -16.04354347455785       31.59078699485663       -1.36993651067692
C          -15.50536902897781       30.47839793142943       -0.47413654902512
C          -14.64174602749938       29.52783097651182       -1.31145979764671
C          -13.50512536350825       30.32842474759403       -1.94467570765250
C          -14.10259856736289       31.42702398574276       -2.82802916224518
N          -14.16791397120852       28.41709020292969       -0.51731519961054
C          -13.02157831991401       28.30594233400703        0.21238974101154
N          -12.89795423087761       27.17950132519018        0.84718465634395
C          -14.03679565707911       26.47009383663554        0.54391816700683
C          -14.84959865223142       27.24989781778145       -0.31104178522711
C          -16.07060119183919       26.72935561919517       -0.74303947685508
C          -17.18077701538187       27.10795642564646       -1.54081165729232
C          -18.05290510815745       26.05817557671262       -1.52239787241476
N          -17.55346870020416       25.04507669112115       -0.75913614256593
C          -16.34552650648825       25.42003418828672       -0.26222233347302
N          -15.58276554326180       24.66765455083780        0.53815709365448
C          -14.44291722884271       25.19019178746046        0.93808857445477
H          -13.67115030066291       34.04768630256196       -3.69455249740663
H          -17.99746447976589       24.16087736617206       -0.57782558225871
H          -13.80993377368488       36.28896651003937       -4.57377845418609
H          -14.81984203979991       35.79423293246941       -1.84262164516173
H          -12.18497276696985       36.74554141443311       -2.78442546106530
H          -13.16381427441951       37.37542631073009       -1.43437790595894
H          -12.81544477644012       35.31835607928122       -0.15521571082750
H          -11.21292648439641       35.65616383734508       -0.81981171263158
H          -11.55424901599348       34.12502658069359       -2.66206755192288
H          -12.33240588464262       33.26123900410336       -1.33161429963836
H          -16.60603177122682       32.31729185501383       -0.78263908546238
H          -16.70345863453346       31.16388186197179       -2.13123691494401
H          -14.90531055870829       30.89954121046002        0.33447816260969
H          -16.34027932218292       29.93675452453316       -0.02924039116567
H          -15.25695193248886       29.08975509724254       -2.10557132273859
H          -12.89404568302154       30.78139011597460       -1.16349078710387
H          -12.87155336961646       29.67835097764979       -2.54716112772104
H          -14.71096412078768       30.96626369156211       -3.61288093431012
H          -13.29841025969249       31.99142065169513       -3.29016702347673
H          -12.27774631482898       29.07512938119089        0.25261392873933
H          -17.32999117824807       28.03416835096215       -2.05698877772331
H          -19.00489117735171       25.96215690858812       -2.00551685699563
H          -13.83125700302447       24.58128885082493        1.58723173905396
H          -15.68686624110809       34.64628715178094       -4.48502677286983
H          -16.59734236169628       35.72697473757425       -3.42880803686880
H          -16.27497151819916       36.17930058791416       -5.09753374190584
H          -13.95578382165355       38.44932685879955       -3.38496451385858
H          -15.32654105135274       38.29954970574125       -4.46393705786957
H          -15.55073439559818       38.01932243399029       -2.74538613426653
57
 energy: -81.182253179206 gnorm: 0.000689953624 xtb: 6.7.1 (edcfbbe)
C          -14.85914667614716       37.88312568898434       -3.56827443980095
C          -14.57926696452263       36.40288245949336       -3.79786829466474
C          -15.85820896937864       35.68827613234578       -4.21884945712319
N          -14.04500728048614       35.79090265085240       -2.54734473602451
C          -12.86401698247365       36.47632075431866       -1.97020191585837
C          -12.24344872513027       35.41862759447694       -1.07183274074135
C          -12.36724840433227       34.15885394139737       -1.92621099311759
C          -13.71687092145234       34.34114843312771       -2.64623105811130
C          -14.85694220672175       33.60328333606328       -1.91667933647643
O          -15.62622646167807       34.28514664549820       -1.23368158552971
N          -14.96551137888320       32.28821268204977       -2.05509392348608
C          -16.05174430538127       31.58440437442713       -1.39266922682445
C          -15.51406055551870       30.47617301385397       -0.49103491513145
C          -14.63971354873611       29.52825297510679       -1.32036729859005
C          -13.50327800439893       30.33312240226843       -1.94848338669068
C          -14.10219756349311       31.42587590340148       -2.83833706178863
N          -14.16538177205517       28.42223590972789       -0.51992845603663
C          -13.01895520456941       28.31457740983124        0.20993794204557
N          -12.89449657436028       27.19035508837407        0.84871438017405
C          -14.03337144606732       26.47948229102844        0.54872625592229
C          -14.84652354463509       27.25561123120502       -0.30925773499127
C          -16.06735002408024       26.73283999563265       -0.73896872887776
C          -17.17785177560717       27.10795208424226       -1.53791961191478
C          -18.04963369633346       26.05788775397899       -1.51503908562080
N          -17.54963926905547       25.04809372613703       -0.74792254783762
C          -16.34175415656931       25.42537773353536       -0.25276542266609
N          -15.57836020572614       24.67618028109183        0.55006995308252
C          -14.43864736547776       25.20096778947889        0.94782833932500
H          -13.66647945064964       34.04945629994778       -3.69402165909308
H          -17.99373291868690       24.16479190900737       -0.56229748105034
H          -13.81061319304506       36.28811580599832       -4.56865622312146
H          -14.81975596188376       35.79027398307520       -1.83799414205720
H          -12.18324561291556       36.73861298399417       -2.78122561777295
H          -13.16033766806765       37.37215418057685       -1.43148515078339
H          -12.81626764895458       35.31605787623878       -0.15014671932900
H          -11.21329698398252       35.64811073670354       -0.81594265633297
H          -11.55589781401582       34.11249042863904       -2.65083889476606
H          -12.34375187274260       33.25607921701361       -1.32194709084003
H          -16.62152374562902       32.30934061182123       -0.81033823238743
H          -16.70454812556606       31.15291536317825       -2.15754199373019
H          -14.92157664322603       30.90224057847461        0.32068308656864
H          -16.34912526660582       29.93118448572773       -0.05054950437405
H          -15.24733396919205       29.08472283837459       -2.11751051967199
H          -12.89979921296485       30.79152890265275       -1.16466629783311
H          -12.86233029596573       29.68508091337628       -2.54530892189287
H          -14.70546436799993       30.95890699043817       -3.62348025580466
H          -13.29928239345996       31.99224410611898       -3.30018026873342
H          -12.27555357694172       29.08432824561147        0.24724020775695
H          -17.32693748141524       28.03210951701810       -2.05783637007918
H          -19.00177818225890       25.95990454278289       -1.99741964776872
H          -13.82622526356497       24.59417505920144        1.59819924966045
H          -15.68891540876336       34.64863245967776       -4.48280217104296
H          -16.59654965625917       35.72589588232481       -3.42093543077857
H          -16.27812999070402       36.18379909809717       -5.08878772342335
H          -13.95168103099729       38.44817535422987       -3.38274104434410
H          -15.32812041354491       38.29940107932092       -4.45479504000252
H          -15.54369186272062       38.02000026445485       -2.73498839759576
57
 energy: -81.182274170546 gnorm: 0.000808006083 xtb: 6.7.1 (edcfbbe)
C          -14.85694216762267       37.88294602252061       -3.55985389811182
C          -14.57922881558014       36.40247760998568       -3.79087717538316
C          -15.85903421977091       35.68965260907661       -4.21210284554316
N          -14.04497039809077       35.78839728010753       -2.54154360391719
C          -12.86164074190691       36.47054689371716       -1.96576151027765
C          -12.24499394406174       35.41223811981791       -1.06558763143574
C          -12.37220036162873       34.15184108611786       -1.91902225257331
C          -13.71839403807584       34.33865182643220       -2.64437681942967
C          -14.86215799993589       33.59874722330526       -1.92378601080869
O          -15.63447900030117       34.27748434876194       -1.24117741792751
N          -14.97263051856173       32.28487978846946       -2.07274482516191
C          -16.06106519215006       31.57673247498379       -1.41921072091268
C          -15.52416993809448       30.47320774816293       -0.51109921154179
C          -14.63763622296384       29.52842467920310       -1.33115163034964
C          -13.50144787054829       30.33794596538464       -1.95360589292068
C          -14.10087120610379       31.42563428012340       -2.84951770745901
N          -14.16262903856468       28.42808186391677       -0.52314260704672
C          -13.01588704666221       28.32431864877861        0.20655761923716
N          -12.89118804629317       27.20339359205455        0.85130252157183
C          -14.02956498935256       26.49038032466139        0.55430033257413
C          -14.84337265698886       27.26236519524800       -0.30683531550896
C          -16.06403858402096       26.73692905884986       -0.73359396899926
C          -17.17479679513017       27.10770866016533       -1.53426219461819
C          -18.04600955013236       26.05725862720516       -1.50622881782312
N          -17.54533581436858       25.05143796453359       -0.73444896722122
C          -16.33753334550179       25.43155193880131       -0.24133080193733
N          -15.57332834617290       24.68607629370930        0.56422954154891
C          -14.43357697908679       25.21338180222831        0.95901927569723
H          -13.66319061955463       34.05153443146033       -3.69321252976653
H          -17.98918257927125       24.16882587108597       -0.54488664833087
H          -13.81092801405814       36.28762350041239       -4.56195156644605
H          -14.81934665839012       35.78720714264142       -1.83183360402700
H          -12.18029170699295       36.72857401985942       -2.77790430243913
H          -13.15403464428331       37.36879230630880       -1.42884388249490
H          -12.81896635776802       35.31272495870227       -0.14450373992544
H          -11.21431125428491       35.63839998005106       -0.80933776055075
H          -11.55877046542081       34.10049425441743       -2.64065314099012
H          -12.35509942019774       33.25028566423187       -1.31316738734156
H          -16.63998107434626       32.29921211839729       -0.84276032982142
H          -16.70465299860406       31.14033915208895       -2.18918718328498
H          -14.94041480843286       30.90469314744295        0.30416983055538
H          -16.35928972374936       29.92425339661289       -0.07576162555613
H          -15.23656311456220       29.07845630612016       -2.13143792500172
H          -12.90527837327404       30.80085583458171       -1.16696096386108
H          -12.85356801831288       29.69230650019400       -2.54543386469003
H          -14.69761300662323       30.95353591038911       -3.63659175469448
H          -13.29845517686092       31.99463034320734       -3.30887388601616
H          -12.27263408939446       29.09437915954160        0.24022556908340
H          -17.32362959676050       28.02958853063646       -2.05828780480591
H          -18.99819769182613       25.95688474275535       -1.98801474765201
H          -13.82094819040262       24.60982502930207        1.61219426815566
H          -15.69057402494676       34.65058582558893       -4.47899344830158
H          -16.59633361613029       35.72538737367082       -3.41318341125327
H          -16.27986620203674       36.18757942921551       -5.08016210965650
H          -13.94830184011198       38.44728527698447       -3.37828752890987
H          -15.32929896695445       38.29930313320713       -4.44460428971377
H          -15.53795393477029       38.02064473057597       -2.72390169396022
57
 energy: -81.182290463633 gnorm: 0.000800047989 xtb: 6.7.1 (edcfbbe)
C          -14.85598151241039       37.88314342639456       -3.55216911039780
C          -14.57923943493237       36.40274186933119       -3.78462562359759
C          -15.85936295065120       35.69119989613134       -4.20699718444381
N          -14.04493552363254       35.78672911873660       -2.53625882130974
C          -12.85948626648791       36.46573350640710       -1.96147446006342
C          -12.24693650169497       35.40615061553644       -1.06007963299549
C          -12.37598554589669       34.14586445744933       -1.91336714628609
C          -13.71977271354090       34.33682026544426       -2.64236196559873
C          -14.86740887638605       33.59523127115818       -1.93035783981321
O          -15.64151902568478       34.27077145896690       -1.24681297211328
N          -14.97824266248419       32.28227742614740       -2.08763705134484
C          -16.06847233779125       31.56977218095283       -1.44238964128231
C          -15.53300181009021       30.46997555421063       -0.52891769852666
C          -14.63620040728971       29.52812021283313       -1.34118593437691
C          -13.50015786006088       30.34119304302659       -1.95910409890436
C          -14.09900663360329       31.42602156438362       -2.85899938762921
N          -14.16035433186125       28.43292355222652       -0.52650928398774
C          -13.01331191282438       28.33282012750932        0.20310368148333
N          -12.88797422930786       27.21479874163963        0.85281017394722
C          -14.02656139287897       26.50034536982376        0.55998287251823
C          -14.84070744014300       27.26808868825880       -0.30464799581712
C          -16.06128686616358       26.74026377186817       -0.72852625875716
C          -17.17230715384331       27.10705472655648       -1.53073256268143
C          -18.04281622566696       26.05618211874067       -1.49823414326089
N          -17.54164496759691       25.05409416055705       -0.72193587407006
C          -16.33399058855901       25.43692508592755       -0.23054511883026
N          -15.56928717376286       24.69523544351068        0.57803019006668
C          -14.42975372552652       25.22497615867482        0.97042862926959
H          -13.66135488388992       34.05379210519092       -3.69213971654864
H          -17.98501683931024       24.17188019744678       -0.52944603175304
H          -13.81093583761366       36.28839988676407       -4.55577050401786
H          -14.81879504896915       35.78574792812445       -1.82643931697487
H          -12.17728330350005       36.71925779978404       -2.77434593249376
H          -13.14811733157513       37.36631719546062       -1.42646952356813
H          -12.82314074357691       35.30791653640683       -0.14027036823932
H          -11.21619012804056       35.62944924804733       -0.80158742437052
H          -11.56076791863102       34.09238405078990       -2.63277061341015
H          -12.36291520133921       33.24438318274415       -1.30732487912674
H          -16.65593465372615       32.28975406043674       -0.87154237533822
H          -16.70312459766457       31.12937798090445       -2.21742729090495
H          -14.95690580460152       30.90586571251520        0.28942884216166
H          -16.36818898363358       29.91755827449783       -0.09816615119995
H          -15.22771975652462       29.07248301843391       -2.14380363874329
H          -12.90935870784276       30.80684874840666       -1.17011513764117
H          -12.84731912163535       29.69730746874026       -2.54735023194516
H          -14.68965824260002       30.95120764064023       -3.64891397487703
H          -13.29622165680371       31.99753089897964       -3.31451684193130
H          -12.26995303163514       29.10291664411415        0.23309806353850
H          -17.32113863279098       28.02691824172740       -2.05825617130526
H          -18.99498635666988       25.95346892571174       -1.97956701169485
H          -13.81639086359792       24.62417409611483        1.62541127228076
H          -15.69136600333503       34.65230640040191       -4.47478679829662
H          -16.59672928182807       35.72633591117067       -3.40813697750660
H          -16.27978529080988       36.19016361178334       -5.07465007016057
H          -13.94669888706558       38.44678301249839       -3.37177708918960
H          -15.32961499189367       38.30032281155111       -4.43584969954476
H          -15.53548182411694       38.02059459421496       -2.71500014636979
57
 energy: -81.182302262939 gnorm: 0.000611954748 xtb: 6.7.1 (edcfbbe)
C          -14.85589109236335       37.88378045433510       -3.54594428210047
C          -14.57907391487304       36.40373663476819       -3.78060643516012
C          -15.85904575435834       35.69268337118226       -4.20434687700732
N          -14.04505826357910       35.78590417631668       -2.53290397374373
C          -12.85839132159587       36.46259454470151       -1.95797164021687
C          -12.24947256531750       35.40178857669920       -1.05566269363101
C          -12.37820751076602       34.14271339561765       -1.91067325005771
C          -13.72064576652845       34.33587895650705       -2.64147936293044
C          -14.86997584138376       33.59277613307039       -1.93400923553702
O          -15.64603808001345       34.26599684833587       -1.25062227703748
N          -14.98061827660562       32.28043981894995       -2.09697360095391
C          -16.07274286680923       31.56494776561642       -1.45848276422625
C          -15.53877940582195       30.46732075298999       -0.54165185472258
C          -14.63558563665094       29.52721820750903       -1.34870929131820
C          -13.49964435673371       30.34238133106385       -1.96390084461204
C          -14.09690340039916       31.42652357397403       -2.86566825901187
N          -14.15894287823603       28.43566862856380       -0.52950048831040
C          -13.01155224276785       28.33836750284390        0.19994419799223
N          -12.88598235701915       27.22296067370122        0.85406541267775
C          -14.02454542101243       26.50724511845775        0.56433492905443
C          -14.83907366656308       27.27165012836858       -0.30284915642506
C          -16.05964396590176       26.74212202339465       -0.72449749616628
C          -17.17069541649905       27.10579106522838       -1.52810558767653
C          -18.04085577606178       26.05478372692314       -1.49193562449508
N          -17.53933032159801       25.05547603621434       -0.71223230347541
C          -16.33176678534349       25.44037370288645       -0.22219819501602
N          -15.56674934652491       24.70178392313299        0.58888170086787
C          -14.42735407847934       25.23322851700792        0.97934120434976
H          -13.66039706478563       34.05546206419562       -3.69188534648227
H          -17.98213567037389       24.17339561868974       -0.51788497488946
H          -13.81045451606149       36.29046851019537       -4.55165197458641
H          -14.81850878003592       35.78537693134456       -1.82322233259331
H          -12.17496479017705       36.71328566123088       -2.77067884424121
H          -13.14470968305593       37.36439630857636       -1.42391275007908
H          -12.82835148269391       35.30369040293348       -0.13735225616251
H          -11.21916125452657       35.62344747251149       -0.79404222069311
H          -11.56213158057816       34.08914721878937       -2.62923382948836
H          -12.36679089227634       33.24046313939004       -1.30572900083193
H          -16.66606347222151       32.28304340859363       -0.89152175127600
H          -16.70081867386084       31.12232772785544       -2.23748437960805
H          -14.96786928587215       30.90553724638561        0.27899913680129
H          -16.37428034155052       29.91277587805393       -0.11434592061046
H          -15.22245776214914       29.06779109980248       -2.15249401846301
H          -12.91158817306403       30.80885643741039       -1.17338614591461
H          -12.84440352298879       29.69937206453631       -2.55037713222136
H          -14.68339075571201       30.95151688914084       -3.65844793450154
H          -13.29308691683939       31.99976991465606       -3.31718975027133
H          -12.26792434932361       29.10831161899511        0.22672082755990
H          -17.31963766925501       28.02395058202800       -2.05855771969913
H          -18.99296254878826       25.95011129590119       -1.97296865059952
H          -13.81376283564412       24.63498808998976        1.63645252846255
H          -15.69145344799825       34.65355493269495       -4.47149910564001
H          -16.59765052743652       35.72862930044256       -3.40664999997919
H          -16.27771366297307       36.19165364342211       -5.07281593435049
H          -13.94672158573360       38.44708003142208       -3.36380095289327
H          -15.32858673153194       38.30233548400319       -4.42941162528762
H          -15.53625570867849       38.02002543445536       -2.70926989054358
57
 energy: -81.182312501576 gnorm: 0.000368223310 xtb: 6.7.1 (edcfbbe)
C          -14.85654674883706       37.88490666063359       -3.54071013870655
C          -14.57876987378317       36.40548798386759       -3.77791390921792
C          -15.85821537368238       35.69488934111604       -4.20398986255494
N          -14.04525235400931       35.78561321258074       -2.53086489787259
C          -12.85852935471802       36.46078013658629       -1.95416047835396
C          -12.25222560434413       35.39849838408629       -1.05190602878563
C          -12.37924792100573       34.14126560471980       -1.90962518654741
C          -13.72096959944098       34.33561139647720       -2.64158039946988
C          -14.87153499381229       33.59110137456008       -1.93738215392447
O          -15.64862628689755       34.26243921179369       -1.25348765645519
N          -14.98125565443342       32.27905476433315       -2.10356989785555
C          -16.07473798968417       31.56150016607425       -1.46984560804123
C          -15.54251070277802       30.46483086512689       -0.55101827378403
C          -14.63532510917396       29.52587032579170       -1.35489540647490
C          -13.49919819578697       30.34196735276413       -1.96853430189128
C          -14.09481651126796       31.42661675050705       -2.87080285950183
N          -14.15795900369369       28.43688565832452       -0.53262197694405
C          -13.01028017584968       28.34196142154885        0.19675686053450
N          -12.88460745701441       27.22893640508666        0.85482373940846
C          -14.02322764879636       26.51222906899891        0.56795632311725
C          -14.83796866204541       27.27362137464484       -0.30163729353338
C          -16.05859706760534       26.74273210546573       -0.72136326570861
C          -17.16972665202850       27.10379487101079       -1.52601625660313
C          -18.03962944109765       26.05272807259832       -1.48673034512198
N          -17.53805457352673       25.05594217294411       -0.70373597294901
C          -16.33048614449873       25.44252763553461       -0.21500524943349
N          -15.56536740557550       24.70679344806467        0.59854952493924
C          -14.42603702390817       25.23954266803923        0.98721199314907
H          -13.65970628884198       34.05716560351614       -3.69249717085358
H          -17.98038884391345       24.17403288698829       -0.50755859004280
H          -13.80956381498267       36.29393256317784       -4.54864803506109
H          -14.81877697746892       35.78502204234024       -1.82179105169500
H          -12.17371401592408       36.71066131341572       -2.76581434686225
H          -13.14422915601017       37.36267321500973       -1.42009601497975
H          -12.83405545577803       35.29885591644971       -0.13543271257337
H          -11.22264127908584       35.61947877943231       -0.78655407335070
H          -11.56215051770000       34.08986137128979       -2.62745673745954
H          -12.36787325004585       33.23752981713385       -1.30663165997094
H          -16.67197048496993       32.27832067256256       -0.90559518481796
H          -16.69815237648173       31.11773702446121       -2.25178513835643
H          -14.97503512460413       30.90410210203522        0.27137683238798
H          -16.37856265488107       29.90912534119915       -0.12630131311324
H          -15.21937985246236       29.06387360575924       -2.15920208157506
H          -12.91244212630250       30.80840305302206       -1.17697444041519
H          -12.84289721161075       29.69923341010745       -2.55419570301574
H          -14.67850810886211       30.95257829148188       -3.66613509742016
H          -13.28978926165409       32.00092893365257       -3.31880516317844
H          -12.26633421574340       29.11166954067698        0.22055359734576
H          -17.31898142173727       28.02034555987010       -2.05913056554072
H          -18.99172294716310       25.94629784842671       -1.96741383593602
H          -13.81239309660816       24.64369148919663        1.64645363304918
H          -15.69072761835012       34.65531050207827       -4.46942039211225
H          -16.59869065474999       35.73232264226837       -3.40804377477258
H          -16.27434638326844       36.19320292801919       -5.07410856025207
H          -13.94795357517262       38.44791661844994       -3.35452819417216
H          -15.32668551367677       38.30554540898380       -4.42450752922944
H          -15.53942423864724       38.01895308172163       -2.70565771541560
57
 energy: -81.182323127440 gnorm: 0.000449646074 xtb: 6.7.1 (edcfbbe)
C          -14.85746321836174       37.88671216951670       -3.53528944280835
C          -14.57804087339149       36.40817657415761       -3.77593342280834
C          -15.85655721345812       35.69787152885864       -4.20531493801884
N          -14.04581158923565       35.78564045508163       -2.52953844369180
C          -12.86022359012253       36.45996658029932       -1.94932289493799
C          -12.25604853085048       35.39565229285478       -1.04804745932393
C          -12.37965887261598       34.14094058074911       -1.90974602843588
C          -13.72079765711806       34.33586534848614       -2.64256750262772
C          -14.87172165911569       33.58950140044912       -1.94055539438521
O          -15.65022201661165       34.25922453159571       -1.25680771441065
N          -14.98048747268572       32.27763776892100       -2.10909238968767
C          -16.07539042523509       31.55865806813777       -1.47936635213121
C          -15.54476567280331       30.46228481669219       -0.55938329359591
C          -14.63501761790600       29.52385841176518       -1.36098324827088
C          -13.49882002980315       30.34066390155792       -1.97361437200341
C          -14.09246547298149       31.42640382863405       -2.87587971939378
N          -14.15702252179325       28.43689149459875       -0.53629795605173
C          -13.00918016544393       28.34440358447450        0.19323456738003
N          -12.88339458422373       27.23374847237689        0.85515694695727
C          -14.02234568309894       26.51632593355648        0.57158203877038
C          -14.83712287563176       27.27455341260707       -0.30071208379552
C          -16.05787855674554       26.74235992315760       -0.71841908220733
C          -17.16898659988104       27.10066762691510       -1.52429836370362
C          -18.03904110769032       26.04987453226086       -1.48116004106307
N          -17.53747803874781       25.05572433155443       -0.69473097722862
C          -16.32981612336457       25.44394625786479       -0.20750696013100
N          -15.56479179277271       24.71126844167242        0.60887762970348
C          -14.42550161654410       25.24527712553029        0.99566602765901
H          -13.65853323415836       34.05905633128721       -3.69390271749989
H          -17.97948422252319       24.17420637762024       -0.49605779783207
H          -13.80776382318023       36.29905077854040       -4.54598990252907
H          -14.82008615138394       35.78397666384018       -1.82159860912415
H          -12.17364396990282       36.71116502257011       -2.75899602368853
H          -13.14697740378605       37.36078264615204       -1.41409354151800
H          -12.84085235857200       35.29299349078671       -0.13362361528016
H          -11.22749900917476       35.61660836432663       -0.77855043665988
H          -11.56168426303854       34.09332109041861       -2.62704858197374
H          -12.36732714380902       33.23504812930006       -1.30981090259851
H          -16.67532716609740       32.27448975871264       -0.91685637890792
H          -16.69542977331676       31.11448942286197       -2.26368498223748
H          -14.97975848116528       30.90174893880260        0.26458651437587
H          -16.38149682068006       29.90588648110292       -0.13693100633157
H          -15.21726787310008       29.06002872578853       -2.16552708824110
H          -12.91257225263308       30.80653907566114       -1.18129750294475
H          -12.84219797344246       29.69798321432367       -2.55898949487845
H          -14.67429907768577       30.95382525125628       -3.67338962786854
H          -13.28623005097833       32.00146777055984       -3.32082803435561
H          -12.26484752903975       29.11380823495399        0.21385430421967
H          -17.31842984658206       28.01526349755638       -2.06073201420163
H          -18.99118776463703       25.94165057433527       -1.96134299987970
H          -13.81174976884213       24.65180807790833        1.65694818630831
H          -15.68917034781242       34.65774369618310       -4.46864373681429
H          -16.59981534069788       35.73717220939098       -3.41200873746525
H          -16.26911449409688       36.19538903112237       -5.07761205765289
H          -13.94999534676553       38.44960396903281       -3.34303930184991
H          -15.32368772423357       38.31000831164092       -4.41985389721743
H          -15.54431920642231       38.01768546564455       -2.70292914308147
57
 energy: -81.182335505621 gnorm: 0.000659800145 xtb: 6.7.1 (edcfbbe)
C          -14.85860872573066       37.88912676081655       -3.52877234052978
C          -14.57685219975409       36.41177205330786       -3.77384106407857
C          -15.85394539818092       35.70206625610088       -4.20839660264703
N          -14.04691681826938       35.78553169235134       -2.52824535118745
C          -12.86371328124553       36.45920035400027       -1.94211067374108
C          -12.26095359758325       35.39235819282064       -1.04293382206745
C          -12.37985338630302       34.14136851477743       -1.91057507014320
C          -13.72041355643062       34.33628189570577       -2.64447661504957
C          -14.87201002283961       33.58756624406244       -1.94553278549711
O          -15.65182558243303       34.25548445954988       -1.26150387767318
N          -14.97943406347498       32.27582632193262       -2.11587492718264
C          -16.07537141023718       31.55551990893260       -1.48944440817153
C          -15.54645315298920       30.45908760003188       -0.56866842591725
C          -14.63418686731943       29.52133930513034       -1.36836968180715
C          -13.49773950918760       30.33870103070793       -1.98002280286301
C          -14.08992359913838       31.42549821080627       -2.88206767712736
N          -14.15565142829388       28.43631491886830       -0.54129515772231
C          -13.00767086436923       28.34661120131567        0.18848928237495
N          -12.88230930685597       27.23911189649870        0.85573203249163
C          -14.02135587725948       26.52068136070616        0.57536551505961
C          -14.83611712152378       27.27522251449761       -0.30014495879665
C          -16.05711166707502       26.74145624519987       -0.71524463989044
C          -17.16825981489235       27.09637857387895       -1.52250988129712
C          -18.03869297589695       26.04610840362991       -1.47433841652053
N          -17.53743996996243       25.05548186475702       -0.68319247522234
C          -16.32945956440897       25.44551865399426       -0.19819858667774
N          -15.56461631929704       24.71650542125646        0.62160867077086
C          -14.42501283510974       25.25176207661380        1.00551100417775
H          -13.65676817206730       34.06168499320868       -3.69634193327002
H          -17.97942979757568       24.17485651693165       -0.48045723292203
H          -13.80484357909864       36.30598989427074       -4.54265427388601
H          -14.82293315001095       35.78121942048293       -1.82225520324973
H          -12.17492494421068       36.71426818116768       -2.74864678004214
H          -13.15321951978234       37.35756548144841       -1.40429815588875
H          -12.84901288868918       35.28510831025318       -0.13098120870239
H          -11.23372779165332       35.61391014528797       -0.76873856538570
H          -11.56054435007258       34.09919395439872       -2.62692792630985
H          -12.36600887638258       33.23264754516577       -1.31483134460356
H          -16.67751043344742       32.27051383234237       -0.92829271765702
H          -16.69263155194893       31.11125193162895       -2.27584264177341
H          -14.98362764082609       30.89852919769261        0.25679983286927
H          -16.38393037551281       29.90212846792443       -0.14838239228550
H          -15.21478193200149       29.05572996040507       -2.17311166674644
H          -12.91219696463703       30.80416346539445       -1.18685900073942
H          -12.84056189370320       29.69618824307263       -2.56508199179741
H          -14.67014679603813       30.95421454965998       -3.68149538311704
H          -13.28271688395284       32.00124848067954       -3.32442314871725
H          -12.26286416327865       29.11562307757194        0.20535025288439
H          -17.31768926414595       28.00834589758145       -2.06341878967240
H          -18.99097596663661       25.93579806816599       -1.95378011663586
H          -13.81162709076096       24.66150164007312        1.67005359716304
H          -15.68634378073854       34.66144994639202       -4.46960753054095
H          -16.60080443811845       35.74304231177951       -3.41851449657746
H          -16.26193888335507       36.19901240728596       -5.08321807676331
H          -13.95273935981567       38.45193768320166       -3.32862699200919
H          -15.31974753983627       38.31581109531325       -4.41436749976746
H          -15.55065305163191       38.01608336497460       -2.69999487488962
57
 energy: -81.182350097875 gnorm: 0.000759043724 xtb: 6.7.1 (edcfbbe)
C          -14.85970266152975       37.89230983352182       -3.52074908499901
C          -14.57506857848080       36.41643193010183       -3.77125450695567
C          -15.85005805055452       35.70756486158761       -4.21330892925709
N          -14.04887330872313       35.78527579165473       -2.52656762246427
C          -12.86960720247789       36.45868191853226       -1.93200075647528
C          -12.26765428188445       35.38808943162302       -1.03669178286199
C          -12.38040385485622       34.14162709810383       -1.91155184270787
C          -13.71994357234299       34.33682541881686       -2.64712568518657
C          -14.87173612802539       33.58477851882834       -1.95164899525543
O          -15.65401837303173       34.25074515052541       -1.26839804957303
N          -14.97802898529900       32.27328357883220       -2.12441361233855
C          -16.07509532179995       31.55163164325928       -1.50136733537072
C          -15.54741093890057       30.45518371169733       -0.57997995379666
C          -14.63252651431249       29.51807569810291       -1.37758049548747
C          -13.49613242873579       30.33668705985387       -1.98787843807490
C          -14.08702626821776       31.42407049040449       -2.89013927969442
N          -14.15350244050279       28.43516040178983       -0.54781834846094
C          -13.00557008440542       28.34887935429273        0.18255275136463
N          -12.88049047058497       27.24491580269638        0.85556479682359
C          -14.02029366861830       26.52588545327516        0.57997443796023
C          -14.83465678867533       27.27576378696765       -0.29997583415852
C          -16.05604530707806       26.74014581530561       -0.71166686753610
C          -17.16718761702818       27.09079349129747       -1.52077987684132
C          -18.03854674789421       26.04159391239434       -1.46557200541236
N          -17.53783476671198       25.05555191019784       -0.66833369425906
C          -16.32934160334850       25.44768279628026       -0.18631249933552
N          -15.56495733321206       24.72323685764765        0.63796090442693
C          -14.42488988738231       25.25998806074328        1.01822882893515
H          -13.65421260225038       34.06503000963106       -3.69963579035840
H          -17.98032470007630       24.17657028487350       -0.45947288643582
H          -13.80035730091303       36.31493956469261       -4.53792948951719
H          -14.82781155416488       35.77644939817671       -1.82350320253867
H          -12.17824740863231       36.72032010076123       -2.73422537172571
H          -13.16374831422666       37.35310573998242       -1.39005170325621
H          -12.85877568402393       35.27422180144004       -0.12746646491182
H          -11.24196863650578       35.61061506734497       -0.75747907305269
H          -11.55945597261236       34.10670925500415       -2.62652482727631
H          -12.36459279495342       33.22930033361734       -1.32124011966067
H          -16.67917383165452       32.26569283079275       -0.94110121489560
H          -16.69001981786174       31.10743460744262       -2.28964595420978
H          -14.98685858450309       30.89460380605467        0.24709927450034
H          -16.38550482462172       29.89745721757868       -0.16195847782688
H          -15.21121394976836       29.05066154829448       -2.18271255831385
H          -12.91174085953002       30.80208042258660       -1.19377814660031
H          -12.83796095243328       29.69472076145544       -2.57242874808127
H          -14.66578798216043       30.95350463622653       -3.69105121508079
H          -13.27926722375749       32.00068246098807       -3.33048975547372
H          -12.26017753653759       29.11738500534527        0.19489062324874
H          -17.31609455583426       27.99920886879586       -2.06782557659184
H          -18.99109926104038       25.92888400046878       -1.94392921372729
H          -13.81151764481535       24.67323648795108        1.68584770609627
H          -15.68181677936366       34.66675430865605       -4.47330486370148
H          -16.60146383030509       35.74931206932479       -3.42775280172503
H          -16.25248960619655       36.20476628071885       -5.09060033140550
H          -13.95582301271379       38.45497826732496       -3.31128028190785
H          -15.31496694677613       38.32306768296674       -4.40742878862820
H          -15.55772464314322       38.01434739917676       -2.69618696791722
57
 energy: -81.182366942189 gnorm: 0.000664706761 xtb: 6.7.1 (edcfbbe)
C          -14.86051766318159       37.89639838455873       -3.51021606061631
C          -14.57237705548308       36.42238348640753       -3.76786671587296
C          -15.84437013841856       35.71489582989477       -4.22072557065887
N          -14.05226465730788       35.78448887816706       -2.52413542775635
C          -12.87858194757297       36.45736644101788       -1.91773702260258
C          -12.27675944757885       35.38209522767800       -1.02790327396086
C          -12.38171579521463       34.14205656343699       -1.91289015226676
C          -13.71994824309794       34.33725742226644       -2.65060232552028
C          -14.87266926127325       33.58086682534910       -1.96096615592415
O          -15.65785600913339       34.24420281608319       -1.27821994165263
N          -14.97715673376082       32.26971212943860       -2.13648371662109
C          -16.07473954607450       31.54614895158755       -1.51653514286579
C          -15.54789143732282       30.44987774678342       -0.59450356884586
C          -14.62942924056677       29.51400830836765       -1.38963178819028
C          -13.49327900678698       30.33454743844732       -1.99810096692592
C          -14.08372292014634       31.42186589651345       -2.90090041738475
N          -14.14999413358095       28.43362808068055       -0.55655218547673
C          -13.00208444975179       28.35143983240139        0.17440223592729
N          -12.87814930469141       27.25242567652219        0.85571798150017
C          -14.01852250097782       26.53246475252657        0.58519758576805
C          -14.83241746704449       27.27667924399039       -0.30007723745591
C          -16.05446776287518       26.73881349795773       -0.70710769382805
C          -17.16547041159842       27.08380296633407       -1.51886055955410
C          -18.03847790764044       26.03645628616144       -1.45382620713252
N          -17.53879626768132       25.05670286962014       -0.64823174467175
C          -16.32937889923097       25.45122767260068       -0.17051256625616
N          -15.56562864884906       24.73250213380239        0.65931342262232
C          -14.42441131852882       25.27069880797212        1.03403743298212
H          -13.65117992862534       34.06963747950064       -3.70398332557347
H          -17.98254746714242       24.18045728793699       -0.43046403053777
H          -13.79352277260195       36.32642058345226       -4.53107363929033
H          -14.83572422963682       35.76894429438193       -1.82547872252557
H          -12.18402635514985       36.72896377543177       -2.71400706765634
H          -13.17942371785694       37.34590696048040       -1.36964530403441
H          -12.87111266349606       35.25940331947833       -0.12193563976927
H          -11.25295307787231       35.60605137027682       -0.74303416887185
H          -11.55866356126612       34.11623744072651       -2.62583581430980
H          -12.36362064268056       33.22525066496950       -1.32977155050215
H          -16.68105797409701       32.25903774989519       -0.95710058694587
H          -16.68724482546715       31.10177565626408       -2.30660323448176
H          -14.98997241497233       30.88968820072542        0.23418916394744
H          -16.38632219359780       29.89092414940329       -0.17878196322853
H          -15.20551016689858       29.04437121733141       -2.19539709805524
H          -12.91110658718865       30.80055712731005       -1.20274174764643
H          -12.83304166559762       29.69372876075143       -2.58160761120253
H          -14.66070429598753       30.95100491801640       -3.70292164259030
H          -13.27604872428392       31.99978271473303       -3.33984656155010
H          -12.25579601421224       29.11913723975344        0.18093516025723
H          -17.31299763018668       27.98726114191257       -2.07451777192193
H          -18.99140382274922       25.92082254556340       -1.93074907228044
H          -13.81172898775846       24.68891395409796        1.70668817507515
H          -15.67487028228572       34.67449311013383       -4.48148147161982
H          -16.60151800451605       35.75552289739998       -3.44063629768079
H          -16.24003179432988       36.21408164585728       -5.09997277549044
H          -13.95911260846331       38.45890902133063       -3.29003762310962
H          -15.30927945227334       38.33210693531620       -4.39780987912121
H          -15.56519995942434       38.01249366700932       -2.69046011400753
57
 energy: -81.182382749225 gnorm: 0.000568148098 xtb: 6.7.1 (edcfbbe)
C          -14.86080237061085       37.90081835321526       -3.49828085004114
C          -14.56921517710761       36.42881100019844       -3.76356073155502
C          -15.83751347078799       35.72339496454453       -4.22983398152171
N          -14.05681404023190       35.78313222578403       -2.52077848874398
C          -12.88961477144418       36.45509467639016       -1.90086114129960
C          -12.28766752497839       35.37420833525161       -1.01787836334229
C          -12.38455019841767       34.14120114949493       -1.91361268993375
C          -13.72093570040582       34.33725280498417       -2.65416467866890
C          -14.87449454618039       33.57580769806582       -1.97127804916219
O          -15.66401209969566       34.23617288370866       -1.29025139291369
N          -14.97716388647653       32.26513429239552       -2.15080207401628
C          -16.07515496942226       31.53892605641047       -1.53457348007814
C          -15.54829631346598       30.44358391114961       -0.61144605578686
C          -14.62501011144765       29.50964668572857       -1.40349639124872
C          -13.48937230358847       30.33313127373589       -2.00926271976078
C          -14.08038383713107       31.41922707340560       -2.91336118864600
N          -14.14500408001288       28.43222469022540       -0.56664082118194
C          -12.99712162301390       28.35445500536747        0.16488707429696
N          -12.87428805206820       27.26073262760823        0.85481305429304
C          -14.01605650056519       26.54048451151111        0.59106873227078
C          -14.82905217388038       27.27822195870058       -0.30060477809715
C          -16.05207111355249       26.73814502916853       -0.70206908124358
C          -17.16296119427913       27.07692046804884       -1.51661242840881
C          -18.03799903852103       26.03199126373056       -1.44042188305051
N          -17.53992158997794       25.05968399772171       -0.62487253253667
C          -16.32935336648185       25.45660620323404       -0.15211315257928
N          -15.56655286048699       24.74433040080497        0.68413663153353
C          -14.42385620924025       25.28386140599418        1.05242505248160
H          -13.64846547273537       34.07464383239272       -3.70858053384530
H          -17.98572930137886       24.18712868011425       -0.39643925594448
H          -13.78519515382465       36.33880834410072       -4.52217310262870
H          -14.84567066110270       35.75999651616537       -1.82754856868568
H          -12.19168958580194       36.73798677794039       -2.69030493357566
H          -13.19792684001154       37.33685661695674       -1.34582290775941
H          -12.88505442188978       35.24177080593280       -0.11537844739727
H          -11.26577214403633       35.59947241369461       -0.72729718347980
H          -11.55908292490266       34.12521050540251       -2.62397461795868
H          -12.36441064536910       33.21958174330099       -1.33832387076982
H          -16.68442475683072       32.25017447837477       -0.97613523317717
H          -16.68470621931099       31.09375873282769       -2.32653780818727
H          -14.99366515345971       30.88461645807110        0.21890909439603
H          -16.38664850334443       29.88275688006562       -0.19807959098434
H          -15.19749245785216       29.03728863719816       -2.21034729316404
H          -12.91056268953521       30.80060861916595       -1.21229501257896
H          -12.82593878109334       29.69423821668173       -2.59125876759904
H          -14.65496303605289       30.94700093575088       -3.71636615080906
H          -13.27339934708626       31.99905148539445       -3.35118029298513
H          -12.24972780449482       29.12108332957808        0.16494296292936
H          -17.30844754720606       27.97460817666380       -2.08208379071524
H          -18.99139449252841       25.91332878722639       -1.91566926824108
H          -13.81144923580617       24.70713466177184        1.72959767494639
H          -15.66582012763224       34.68428930356983       -4.49431387077517
H          -16.60050192778650       35.76010656913020       -3.45527320117217
H          -16.22654154803012       36.22679158977411       -5.10966843465126
H          -13.96171377392885       38.46291316487575       -3.26811264985247
H          -15.30392902497732       38.34179563401371       -4.38613688918709
H          -15.57123729450624       38.01069715329388       -2.68270164516776
57
 energy: -81.182396360134 gnorm: 0.000484275217 xtb: 6.7.1 (edcfbbe)
C          -14.86024389710419       37.90449664066306       -3.48713929821726
C          -14.56605127562871       36.43424448289366       -3.75950571697163
C          -15.83080409981634       35.73096018583126       -4.23842254612126
N          -14.06165873013887       35.78133547883010       -2.51737575026885
C          -12.90004298874393       36.45165823649627       -1.88535090355925
C          -12.29848931225333       35.36568378644893       -1.00825304802793
C          -12.38871957699806       34.13909079720539       -1.91339567117829
C          -13.72312593721116       34.33663073260180       -2.65688048692743
C          -14.87828241043529       33.57081930474232       -1.98154781293765
O          -15.67176758148740       34.22816154989543       -1.30197992571394
N          -14.97871256437288       32.26063404287282       -2.16494199463667
C          -16.07642973639990       31.53123720709671       -1.55202278022279
C          -15.54863786895861       30.43757706239242       -0.62737845417740
C          -14.62008072906007       29.50588269621118       -1.41600455008886
C          -13.48560841705977       30.33301299114284       -2.01907037630173
C          -14.07766972642918       31.41714299833304       -2.92501508584858
N          -14.13939442284279       28.43144169622190       -0.57549838205470
C          -12.99129572744526       28.35729976617228        0.15603595063385
N          -12.86982331069289       27.26854643451637        0.85402008806330
C          -14.01280024855474       26.54818321929517        0.59603429761747
C          -14.82523558274803       27.28049828274889       -0.30061330436528
C          -16.04932290565279       26.73892279831746       -0.69689720833362
C          -17.15976429539549       27.07218373170001       -1.51438324434597
C          -18.03727851807528       26.03011911373923       -1.42747184241597
N          -17.54075108823112       25.06445692263223       -0.60329975202002
C          -16.32894417272564       25.46304672024786       -0.13519433639815
N          -15.56695694998590       24.75630669183838        0.70640857046483
C          -14.42249740010526       25.29642230191038        1.06842651500125
H          -13.64705431289041       34.07887190512661       -3.71220928791642
H          -17.98885451504020       24.19566799515856       -0.36527025567979
H          -13.77687424911197       36.34933540018609       -4.51332013638202
H          -14.85554198545845       35.75198512517011       -1.82952398936850
H          -12.19904509140054       36.74415862609843       -2.66856639770099
H          -13.21461108823746       37.32746012031501       -1.32438943987860
H          -12.89842372558702       35.22477263339012       -0.10888645138519
H          -11.27817405409345       35.59148991606465       -0.71270798190597
H          -11.56097883508827       34.13108305185952       -2.62103779962766
H          -12.36753155740722       33.21342203062552       -1.34498534678328
H          -16.68939110709086       32.24059004797891       -0.99506858349381
H          -16.68253545365775       31.08438483854426       -2.34570006261343
H          -14.99755636426461       30.88060842114203        0.20435337406910
H          -16.38630561097428       29.87427744095122       -0.21602052742116
H          -15.18862015628053       29.03076320440620       -2.22408462374720
H          -12.91063226159708       30.80253926955329       -1.22059311431397
H          -12.81845294728002       29.69629841092376       -2.59913036380522
H          -14.64947901332017       30.94251617143096       -3.72857990346951
H          -13.27191240059342       31.99927863727893       -3.36216518015104
H          -12.24258847012643       29.12262109570065        0.14991338446718
H          -17.30277185761070       27.96440066441598       -2.08909635121444
H          -18.99110877102778       25.90901885440297       -1.90122471260940
H          -13.81078398680692       24.72442980365286        1.75024279582281
H          -15.65658789530464       34.69394253687326       -4.50947620965934
H          -16.59853513814351       35.76135201144324       -3.46831732414134
H          -16.21494067024743       36.24033407107360       -5.11691954685609
H          -13.96284104142883       38.46618046902788       -3.24994718466042
H          -15.29999957831873       38.34991890522960       -4.37443833281035
H          -15.57427838304536       38.00920246498683       -2.67413339536986
57
 energy: -81.182411204663 gnorm: 0.000605002568 xtb: 6.7.1 (edcfbbe)
C          -14.85900674274461       37.90788556472427       -3.47499084598777
C          -14.56258425348510       36.43943850058639       -3.75484109227778
C          -15.82338966067435       35.73901166154683       -4.24803141275176
N          -14.06732989485242       35.77865210662085       -2.51332039210186
C          -12.91109488410979       36.44623606877799       -1.86871652298045
C          -12.31115018120350       35.35483589898417       -0.99728501014464
C          -12.39518182351198       34.13504668660948       -1.91216760175125
C          -13.72697736487817       34.33503265489654       -2.65938162834512
C          -14.88408564063934       33.56484818725736       -1.99250989876778
O          -15.68266587956497       34.21885338003183       -1.31549282859004
N          -14.98181690900430       32.25519081929090       -2.18070023296005
C          -16.07904437002605       31.52151299072598       -1.57208881073550
C          -15.54973874492116       30.43065861840485       -0.64493856032779
C          -14.61400983549710       29.50245660729698       -1.42943631084489
C          -13.48082522856387       30.33389091086923       -2.02902195501092
C          -14.07519436691164       31.41480861615157       -2.93744425913751
N          -14.13209359573912       28.43160420150646       -0.58495497619687
C          -12.98341163081789       28.36089450170935        0.14595452220788
N          -12.86322077853147       27.27723083046987        0.85201357007247
C          -14.00819948118117       26.55741568198059        0.60129956825582
C          -14.81985058678832       27.28403463080952       -0.30075752429580
C          -16.04535575018176       26.74142804183181       -0.69132513358347
C          -17.15555841773972       27.06948323757521       -1.51124105477870
C          -18.03557643222030       26.03055256438753       -1.41372166681098
N          -17.54132904160252       25.07209239813276       -0.57988245350615
C          -16.32796923103807       25.47191142587907       -0.11687112035622
N          -15.56699690339036       24.77090593176775        0.73041697422000
C          -14.42043281106118       25.31113024443595        1.08567186840509
H          -13.64677147801511       34.08269581087828       -3.71570381850124
H          -17.99248008800945       24.20772603846891       -0.33158297246975
H          -13.76768021560979       36.35969462687387       -4.50313012169141
H          -14.86644777978256       35.74392164602677       -1.83151014381634
H          -12.20646676187399       36.74746930625258       -2.64529874348843
H          -13.23127188491594       37.31634212728354       -1.30214198257093
H          -12.91433137498549       35.20607288022426       -0.10152581223731
H          -11.29245205194638       35.58046561662111       -0.69614013857067
H          -11.56485191314387       34.13432128993902       -2.61660567357236
H          -12.37404850012477       33.20531849596136       -1.35076625896440
H          -16.69706964968716       32.22834722954992       -1.01748082015307
H          -16.68031482132540       31.07186473783899       -2.36787764877595
H          -15.00327578082439       30.87685935079167        0.18821555057689
H          -16.38628360887015       29.86411609311366       -0.23574554875252
H          -15.17739086730722       29.02373159662443       -2.23910237204823
H          -12.91093105726082       30.80637607619475       -1.22864209384148
H          -12.80873597153029       29.70008063989422       -2.60658287820719
H          -14.64310260619399       30.93693504679243       -3.74188751665891
H          -13.27105901977047       31.99992181316149       -3.37357487023054
H          -12.23313461251421       29.12456791913105        0.13313206511183
H          -17.29592729452286       27.95605050188380       -2.09509154150888
H          -18.98996713313739       25.90729666596922       -1.88577894279573
H          -13.80901441136754       24.74349267554912        1.77125840733736
H          -15.64569528925329       34.70521994061445       -4.52918160783779
H          -16.59529800689170       35.75979975929331       -3.48181504910148
H          -16.20378708521634       36.25686909807495       -5.12318835456840
H          -13.96283577997277       38.46894668918692       -3.23201695388509
H          -15.29668229655335       38.35800342754314       -4.36097730413324
H          -15.57540221449865       38.00734993301075       -2.66349206351794
57
 energy: -81.182426189891 gnorm: 0.000658562274 xtb: 6.7.1 (edcfbbe)
C          -14.85736039500839       37.91092332946415       -3.46211360212024
C          -14.55891575300738       36.44437151175752       -3.75000176437533
C          -15.81550463789662       35.74697906280390       -4.25797856397557
N          -14.07345964833552       35.77541134774832       -2.50905453704337
C          -12.92203484670033       36.43919497997185       -1.85201858858411
C          -12.32566520395190       35.34183694114007       -0.98555286521771
C          -12.40359809636619       34.12869280191177       -1.90963549399863
C          -13.73214560098837       34.33268224932391       -2.66145341076256
C          -14.89221563514196       33.55847566139634       -2.00452489397687
O          -15.69615863998940       34.20871468367281       -1.33022330701029
N          -14.98632013007592       32.24932330884285       -2.19777729539211
C          -16.08270298354529       31.51038131619539       -1.59419696972996
C          -15.55112497814168       30.42335462132450       -0.66376595937224
C          -14.60716319479350       29.49902633990880       -1.44301035055859
C          -13.47623328808948       30.33592193077199       -2.03897890556221
C          -14.07281446970991       31.41301351777246       -2.95059927239453
N          -14.12351102233939       28.43251351949534       -0.59395625762702
C          -12.97374226259201       28.36484622401782        0.13545774544300
N          -12.85495665888284       27.28643989372260        0.84982778044801
C          -14.00204029040992       26.56739063912579        0.60659668689439
C          -14.81348424992782       27.28884343897067       -0.29966075386232
C          -16.04073013160883       26.74597777113361       -0.68426473979005
C          -17.15033512601472       27.06923536881247       -1.50695701509637
C          -18.03354789604111       26.03408079160148       -1.39832841221627
N          -17.54124980357143       25.08219616288027       -0.55605122644634
C          -16.32641089292699       25.48280987555117       -0.09773131656100
N          -15.56621715028212       24.78713786403004        0.75457727973679
C          -14.41705992803430       25.32670285070531        1.10254031179814
H          -13.64744891246815       34.08601788235313       -3.71874483348075
H          -17.99519505750464       24.22212910413111       -0.29887344444705
H          -13.75796715935825       36.36978244912064       -4.49233534683483
H          -14.87774103690119       35.73663978343537       -1.83363134352017
H          -12.21313765828788       36.74731036847182       -2.62191045200971
H          -13.24679616450197       37.30451013250590       -1.28080757470706
H          -12.93322004726519       35.18567915308641       -0.09406462690688
H          -11.30870283574396       35.56618650422661       -0.67759505299104
H          -11.57000524729882       34.13474589312824       -2.61014470821174
H          -12.38355122759851       33.19491034072579       -1.35510031956274
H          -16.70734319391995       32.21411652886071       -1.04300708935213
H          -16.67762039158346       31.05679562336043       -2.39249141315386
H          -15.01040384771847       30.87364512945668        0.17099173832077
H          -16.38600288579156       29.85263290158675       -0.25704658842595
H          -15.16461075470681       29.01605853250093       -2.25431952394031
H          -12.91192736239454       30.81181204155452       -1.23670622726347
H          -12.79874209431775       29.70522391335037       -2.61350679284578
H          -14.63592329170347       30.93124477498950       -3.75604573112877
H          -13.27059094026371       32.00177572128602       -3.38535810472272
H          -12.22140104017077       29.12636574779768        0.11508658861353
H          -17.28764773756537       27.95003080786789       -2.10028195024484
H          -18.98846250423334       25.90893662890453       -1.86883367167446
H          -13.80639290419174       24.76349838918186        1.79249393412258
H          -15.63357391705794       34.71741586473996       -4.55187157512372
H          -16.59106498893511       35.75567507823970       -3.49517191677249
H          -16.19336586788938       36.27504825606712       -5.12813386556891
H          -13.96213055798022       38.47123848465809       -3.21378832023530
H          -15.29349036867811       38.36601656657320       -4.34635473279190
H          -15.57563708558059       38.00497938979561       -2.65161135573878
57
 energy: -81.182439030225 gnorm: 0.000576417191 xtb: 6.7.1 (edcfbbe)
C          -14.85592634439429       37.91369862794425       -3.44891910741420
C          -14.55522777319383       36.44921409508778       -3.74528014347191
C          -15.80740494170465       35.75475271686101       -4.26804516717893
N          -14.07951844184445       35.77189491472907       -2.50504987641209
C          -12.93217680556958       36.43095746287750       -1.83590870201270
C          -12.34140563902626       35.32788394523153       -0.97297609546288
C          -12.41323422946166       34.12176735020410       -1.90673940645036
C          -13.73810659448651       34.32986622859445       -2.66371434712432
C          -14.90112981434456       33.55189125618017       -2.01664611648848
O          -15.71077831603526       34.19836805181422       -1.34567698086037
N          -14.99105370798704       32.24314778931340       -2.21474325635183
C          -16.08663933350503       31.49853723252162       -1.61690546057236
C          -15.55317906975849       30.41574345181376       -0.68259763056097
C          -14.60023194797764       29.49589663653245       -1.45634356780866
C          -13.47143703347357       30.33782792730012       -2.04895068589710
C          -14.07040253134952       31.41111673301526       -2.96350905433645
N          -14.11439790299945       28.43410981311472       -0.60261143102785
C          -12.96302186409280       28.36892149482119        0.12445251173223
N          -12.84531173854448       27.29554639141831        0.84655708209102
C          -13.99520384816892       26.57794064512630        0.61216043206250
C          -14.80643886310272       27.29436399862432       -0.29824018823704
C          -16.03562151537853       26.75175253348126       -0.67680108630238
C          -17.14502116363855       27.07102928168747       -1.50126340211847
C          -18.03079878313343       26.03923122464782       -1.38324997398287
N          -17.54080653472368       25.09365657268798       -0.53245507361675
C          -16.32431001563021       25.49465775717500       -0.07888514470641
N          -15.56496847360234       24.80417411061120        0.77844149719789
C          -14.41336213761206       25.34287668679538        1.11956491442775
H          -13.64888761579963       34.08886334330707       -3.72191449315104
H          -17.99736630156097       24.23737641897755       -0.26735893228743
H          -13.74831729593952       36.37998611974182       -4.48168531048244
H          -14.88862414838611       35.73023075553967       -1.83590604945374
H          -12.21821501169699       36.74407933938677       -2.59908378757207
H          -13.26043464781981       37.29245600222639       -1.26102329997380
H          -12.95499419048114       35.16521282459554       -0.08667417351561
H          -11.32651689433863       35.55019626790724       -0.65661377869132
H          -11.57617992591134       34.13381872088577       -2.60308508283567
H          -12.39495166948370       33.18399326754585       -1.35903715216634
H          -16.71848471117259       32.19889798164879       -1.06976497188816
H          -16.67432080239855       31.04069989143396       -2.41803315029688
H          -15.01868118310734       30.87042267617707        0.15375768092216
H          -16.38639607004634       29.84078719310810       -0.27849510385203
H          -15.15141035676534       29.00815725271025       -2.26911943635589
H          -12.91274491241105       30.81710048310127       -1.24477234134424
H          -12.78854755294749       29.71029173875830       -2.62053449842414
H          -14.62817807119443       30.92586766148609       -3.77050321789854
H          -13.26987102863189       32.00365058879014       -3.39615599173514
H          -12.20846947290287       29.12798831685766        0.09632605291083
H          -17.28009145062205       27.94673407913497       -2.10229228356040
H          -18.98644237510669       25.91264545972684       -1.85188221142002
H          -13.80288854475788       24.78328028587219        1.81251801329396
H          -15.62067055905607       34.72997383741652       -4.57537939200891
H          -16.58641389726425       35.75055994822012       -3.50865549048860
H          -16.18331407199402       36.29333532985837       -5.13257691771112
H          -13.96182922592932       38.47312152984635       -3.19406773814522
H          -15.28953168375467       38.37430627779666       -4.33155656600954
H          -15.57691095976254       38.00204147374148       -2.64009491292300
57
 energy: -81.182447933816 gnorm: 0.000430796101 xtb: 6.7.1 (edcfbbe)
C          -14.85529193726155       37.91587923687132       -3.43758226333350
C          -14.55222006547374       36.45339376942967       -3.74121022974910
C          -15.80040969135047       35.76143268237389       -4.27670900494335
N          -14.08444423623953       35.76888511470510       -2.50185648166302
C          -12.94041191106278       36.42358473197189       -1.82264152651351
C          -12.35605779230592       35.31517511003840       -0.96230733109559
C          -12.42180630602824       34.11477569080199       -1.90362613233461
C          -13.74306464543491       34.32733920530008       -2.66560885672020
C          -14.90903375014268       33.54639854670730       -2.02736465793823
O          -15.72360588264374       34.18966211969349       -1.35941549110110
N          -14.99495278982197       32.23789227946043       -2.22920625102396
C          -16.08997198427117       31.48837475271491       -1.63668412310963
C          -15.55498968505719       30.40945777669749       -0.69878021919244
C          -14.59445857904877       29.49316454017267       -1.46738618845404
C          -13.46761893703181       30.33936786826621       -2.05734419259658
C          -14.06820280011404       31.40955820097302       -2.97451986988828
N          -14.10657138021076       28.43583531608165       -0.60926963543243
C          -12.95339070128330       28.37229493538548        0.11508926716372
N          -12.83656720510061       27.30324318531116        0.84376815592915
C          -13.98868631351818       26.58693833709616        0.61670837558746
C          -14.80035264012677       27.29961338187128       -0.29608266517833
C          -16.03136976192065       26.75768553540740       -0.66938299017471
C          -17.14070667228343       27.07407503488134       -1.49502053812259
C          -18.02884118417295       26.04519465400795       -1.36910876535501
N          -17.54004083195870       25.10405632323461       -0.51278820533522
C          -16.32205959865431       25.50514976001574       -0.06324896603999
N          -15.56293687211140       24.81860622943665        0.79737824358457
C          -14.40921115629856       25.35631417895004        1.13275949024826
H          -13.64960419413876       34.09110231176791       -3.72452504423067
H          -17.99794225995784       24.25016322826072       -0.24270713804841
H          -13.74040867343914       36.38902406325164       -4.47263648892090
H          -14.89738407934587       35.72533888869171       -1.83794016145254
H          -12.22154947495570       36.73929685421725       -2.58002359064841
H          -13.27104219258471       37.28270684194434       -1.24561445731476
H          -12.97608669208633       35.14757410773669       -0.08128397025566
H          -11.34336917289574       35.53509088542365       -0.63732812431571
H          -11.58120866603429       34.13195232419579       -2.59579645051069
H          -12.40546167276275       33.17357289123071       -1.36166827526849
H          -16.72837260413296       32.18577126745570       -1.09351081155390
H          -16.67084743616944       31.02666243342242       -2.44045364679812
H          -15.02621753871068       30.86800317118005        0.13908478194523
H          -16.38682926469457       29.83087307539778       -0.29712233640783
H          -15.14027710319146       29.00096435801112       -2.28112555016644
H          -12.91327551030201       30.82127770054866       -1.25169596659081
H          -12.78059443756191       29.71417105271900       -2.62648213307971
H          -14.62120563912501       30.92175227305059       -3.78319109111831
H          -13.26883317839077       32.00528269623836       -3.40484131761605
H          -12.19669358162017       29.12892272739032        0.07993384208680
H          -17.27414412709611       27.94581089596059       -2.10227228345896
H          -18.98509351481220       25.91751031037743       -1.83619954226417
H          -13.79927066494369       24.79984414155735        1.82881370100306
H          -15.60925579764979       34.74095679746666       -4.59504115052807
H          -16.58229657063531       35.74637512186417       -3.52049162760259
H          -16.17469150859730       36.30864509606685       -5.13647887345370
H          -13.96256428002659       38.47412292321232       -3.17498501454993
H          -15.28482745880995       38.38188552243474       -4.31936175118931
H          -15.58017739038230       37.99889753707924       -2.63161447285400
57
 energy: -81.182452996536 gnorm: 0.000378235219 xtb: 6.7.1 (edcfbbe)
C          -14.85541452739027       37.91697464713047       -3.43028960215165
C          -14.55031413172535       36.45596562823798       -3.73896494310621
C          -15.79595280855195       35.76533617525886       -4.28196238578008
N          -14.08716208833808       35.76691419329165       -2.50041353963662
C          -12.94506889918741       36.41846787287940       -1.81478095564342
C          -12.36586138978571       35.30710572403036       -0.95492696359122
C          -12.42753991220146       34.11060996937368       -1.90122162427457
C          -13.74597705456517       34.32566335004440       -2.66737980817975
C          -14.91393499079169       33.54301708687465       -2.03486105856259
O          -15.73153717408541       34.18431470550852       -1.36892038402366
N          -14.99707239356975       32.23462489075516       -2.23848068042768
C          -16.09183504501823       31.48221268735006       -1.64932177512000
C          -15.55625465053196       30.40585308255470       -0.70883284663625
C          -14.59102156492862       29.49155697163260       -1.47387713157766
C          -13.46547176945355       30.34007372244107       -2.06270751928323
C          -14.06651461134060       31.40856395192872       -2.98153839340649
N          -14.10181195194129       28.43721995392030       -0.61285441377678
C          -12.94717220690056       28.37437210054421        0.10924337307258
N          -12.83045207199044       27.30768761022170        0.84126632945696
C          -13.98429245379821       26.59252281437010        0.61948331683514
C          -14.79647808795758       27.30313132670253       -0.29438804558481
C          -16.02875094510336       26.76189986260385       -0.66432073072653
C          -17.13858588110276       27.07719684009635       -1.48964435687316
C          -18.02770874500088       26.04976575685598       -1.35981400321660
N          -17.53928121451397       25.11078006111022       -0.50088261811307
C          -16.32031487060298       25.51171866646191       -0.05386399806024
N          -15.56104063388127       24.82727389346031        0.80830656307560
C          -14.40614478089749       25.36438476740740        1.14043660964829
H          -13.64930220231981       34.09240128012931       -3.72667016325437
H          -17.99745916879069       24.25771271365026       -0.22866560328610
H          -13.73558863705785       36.39498688236575       -4.46740591869716
H          -14.90237763866506       35.72219589214976       -1.83965314173443
H          -12.22258622970827       36.73506316335946       -2.56836145142897
H          -13.27692218422296       37.27653163899198       -1.23692768640246
H          -12.99114030210306       35.13644898684577       -0.07809536691372
H          -11.35494545755648       35.52513684007008       -0.62323651627968
H          -11.58423309776943       34.13062808406429       -2.59007040918331
H          -12.41289634246203       33.16736792814705       -1.36280293952860
H          -16.73444028654692       32.17785205182621       -1.10898972296464
H          -16.66822109282919       31.01798489284720       -2.45475202531000
H          -15.03114630878384       30.86683454785616        0.12993036298094
H          -16.38734580268215       29.82517193313272       -0.30873066495480
H          -15.13354253553711       28.99638782899864       -2.28799060783246
H          -12.91352993813726       30.82348653675466       -1.25631411802371
H          -12.77616125643277       29.71601078852969       -2.63031292593256
H          -14.61653049203308       30.91927537828355       -3.79126003853098
H          -13.26772176879713       32.00620010176865       -3.41027309569407
H          -12.18912176634314       29.12936136018234        0.06965379065654
H          -17.27186922268087       27.94717532506455       -2.09925305134131
H          -18.98462693295246       25.92179005913636       -1.82545576256827
H          -13.79597357096639       24.80925240221709        1.83725187006826
H          -15.60219180725126       34.74740476346784       -4.60631774170090
H          -16.57991600492585       35.74424397509513       -3.52815410327999
H          -16.16882719179034       36.31740245502317       -5.13914453915262
H          -13.96424666148964       38.47429214196863       -3.16036961733206
H          -15.28023244739799       38.38690475441379       -4.31221952346435
H          -15.58473679259171       37.99618697662422       -2.62789770119395
57
 energy: -81.182456774529 gnorm: 0.000353187838 xtb: 6.7.1 (edcfbbe)
C          -14.85614700150340       37.91759346157507       -3.42509449346890
C          -14.54898039892025       36.45781385860122       -3.73722438872142
C          -15.79271638754631       35.76803051542261       -4.28568909193117
N          -14.08870571084184       35.76547689369884       -2.49944340083125
C          -12.94835316120176       36.41502810960407       -1.80906910867422
C          -12.37357381921166       35.30127177084609       -0.94942214140120
C          -12.43131098007924       34.10726012926659       -1.89898932738133
C          -13.74727020009387       34.32450184231109       -2.66873692578773
C          -14.91684729678677       33.54055701117395       -2.04073468409361
O          -15.73677621304597       34.18060159621844       -1.37649648779834
N          -14.99822233568674       32.23221925265604       -2.24554496795530
C          -16.09305356130277       31.47805688026012       -1.65885750520579
C          -15.55737246146706       30.40371589346536       -0.71614089221869
C          -14.58881139026427       29.49064089447298       -1.47850470722595
C          -13.46371775374654       30.34027521096804       -2.06656274608812
C          -14.06510326789745       31.40739494177596       -2.98677261572234
N          -14.09873902796292       28.43862747314225       -0.61514548041207
C          -12.94276180375683       28.37602939057366        0.10487219174121
N          -12.82602265999896       27.31092534109246        0.83928259532812
C          -13.98085876815654       26.59638794191943        0.62098592211369
C          -14.79389896781851       27.30594258539183       -0.29291085615974
C          -16.02718745482706       26.76527729524816       -0.66014981803295
C          -17.13781423863442       27.08021549446745       -1.48453678902671
C          -18.02748895870804       26.05354683791643       -1.35204600591334
N          -17.53867831702271       25.11545399495952       -0.49227882593772
C          -16.31877672003656       25.51615316654120       -0.04752245013342
N          -15.55884506015538       24.83273978934534        0.81487781157427
C          -14.40312312459695       25.36951329777143        1.14465855335201
H          -13.64755390692807       34.09348546787248       -3.72823013683628
H          -17.99648859994147       24.26237867624494       -0.21916248671119
H          -13.73234884047736       36.39970797639044       -4.46374483925426
H          -14.90556154905756       35.71947732846302       -1.84087295162628
H          -12.22292795968049       36.73187583752077       -2.55974040195771
H          -13.28121622675900       37.27254637783585       -1.23093190850744
H          -13.00318499029640       35.12880711221165       -0.07605744663572
H          -11.36427632284920       35.51797193029594       -0.61227060812714
H          -11.58573121426914       34.12926112388799       -2.58499508017739
H          -12.41833442315384       33.16249079022150       -1.36315599146365
H          -16.73852516379198       32.17268772313852       -1.12076555329805
H          -16.66619988860182       31.01196020145039       -2.46546388186529
H          -15.03492087770946       30.86660239432000        0.12321442006416
H          -16.38814016663595       29.82187334106678       -0.31709312813038
H          -15.12903032695113       28.99309927129568       -2.29275119466246
H          -12.91340676901087       30.82487940177667       -1.25968193524439
H          -12.77285283987358       29.71674097530061       -2.63295916182049
H          -14.61290882697513       30.91710589365489       -3.79738712430006
H          -13.26650172717836       32.00615083075245       -3.41423365284062
H          -12.18380443128364       29.12989877952083        0.06213982700473
H          -17.27146619950623       27.94944274818830       -2.09527113867231
H          -18.98510407073458       25.92557009858413       -1.81625358716017
H          -13.79268352219718       24.81522736048834        1.84199057690150
H          -15.59729400475413       34.75149092406196       -4.61320180296196
H          -16.57844619212741       35.74363349562379       -3.53387146569712
H          -16.16402951664028       36.32287277787315       -5.14175039216534
H          -13.96677276771217       38.47392472232291       -3.14740532493051
H          -15.27539688636439       38.39090782797173       -4.30788140565455
H          -15.59053474324857       37.99357773699040       -2.62701558519965
57
 energy: -81.182459635651 gnorm: 0.000336735546 xtb: 6.7.1 (edcfbbe)
C          -14.85721200683933       37.91773848955456       -3.42174594854286
C          -14.54799384237289       36.45893042637377       -3.73625644641658
C          -15.79033999789733       35.76945852934951       -4.28826148982148
N          -14.08945056283795       35.76447151608734       -2.49905234754699
C          -12.95056105901367       36.41269100540646       -1.80506326678114
C          -12.37881690870172       35.29769762917242       -0.94508456321834
C          -12.43368669701272       34.10539747600841       -1.89686667815735
C          -13.74752478182591       34.32381032111931       -2.66999205136162
C          -14.91840375324130       33.53900551206151       -2.04551734725766
O          -15.73988551686436       34.17828949043408       -1.38242571692310
N          -14.99876540543985       32.23073915121900       -2.25098456351169
C          -16.09370803968987       31.47578359209261       -1.66559684196039
C          -15.55792580843149       30.40305535173539       -0.72108326779093
C          -14.58751369592008       29.49015929979778       -1.48123956791538
C          -13.46279070194607       30.34037074160333       -2.06915733576166
C          -14.06395321990057       31.40648996695077       -2.99071001904370
N          -14.09709172167972       28.43973464083598       -0.61614071750932
C          -12.94001693290962       28.37708146056488        0.10208615828235
N          -12.82270775729260       27.31253679386591        0.83714063302348
C          -13.97835906925833       26.59853169146178        0.62142350344230
C          -14.79239728342890       27.30780277160360       -0.29177790114138
C          -16.02650568328666       26.76763924421756       -0.65688143274552
C          -17.13831505859890       27.08290926084502       -1.47952005548241
C          -18.02806447375722       26.05647596015136       -1.34566202235947
N          -17.53818452584417       25.11824329117588       -0.48666379906310
C          -16.31754309228472       25.51865720137841       -0.04367711089473
N          -15.55659724661770       24.83535430790167        0.81791075439009
C          -14.40039735943783       25.37202604394744        1.14618699526642
H          -13.64507175417118       34.09443911480514       -3.72956723847603
H          -17.99518600643765       24.26471253178820       -0.21359092153669
H          -13.73009515782823       36.40301874884146       -4.46151889033224
H          -14.90757024580155       35.71696021653454       -1.84200960332397
H          -12.22294514007906       36.72986322711476       -2.55349157785842
H          -13.28437963892045       37.26978132271305       -1.22685105279108
H          -13.01183817839592       35.12391586759906       -0.07445728516719
H          -11.37077852802779       35.51358995623107       -0.60378450634526
H          -11.58597881198354       34.12860790150364       -2.58021730694038
H          -12.42220892392292       33.15977194278763       -1.36256785958872
H          -16.74097643554286       32.17007175354134       -1.12921234628811
H          -16.66484784147198       31.00822457343523       -2.47275329485697
H          -15.03707212011227       30.86743265379110        0.11842705320853
H          -16.38846620440577       29.82064931210095       -0.32243908905511
H          -15.12639719929874       28.99107855806356       -2.29544621494462
H          -12.91335706019740       30.82580448930954       -1.26218431607959
H          -12.77112893719578       29.71681227769463       -2.63452827540030
H          -14.61038156991039       30.91528257967520       -3.80168249348320
H          -13.26547782063190       32.00584270342579       -3.41761475122685
H          -12.18058127711152       29.13033909659598        0.05743159027159
H          -17.27280105584645       27.95223049331288       -2.08998724734597
H          -18.98644107180152       25.92881585504720       -1.80838140828933
H          -13.78920500243559       24.81779758248831        1.84287951663099
H          -15.59396374220393       34.75335969297022       -4.61662562281421
H          -16.57760649907881       35.74391528920661       -3.53806736321268
H          -16.16000946422140       36.32535417325297       -5.14436128350608
H          -13.96979987494421       38.47330433572358       -3.13667055678534
H          -15.27072543160958       38.39358411523070       -4.30583800008931
H          -15.59679680006000       37.99125846431185       -2.62827720551238
57
 energy: -81.182460725876 gnorm: 0.000171542886 xtb: 6.7.1 (edcfbbe)
C          -14.85723141381935       37.91764263216476       -3.42212463128816
C          -14.54770932497840       36.45881835186238       -3.73627379912789
C          -15.78981181138537       35.76917431029106       -4.28860565226488
N          -14.08951163356217       35.76446848180606       -2.49888668620266
C          -12.95107546777855       36.41301072307336       -1.80456937806216
C          -12.37902163701343       35.29804437718406       -0.94467936515805
C          -12.43363810407733       34.10555996591759       -1.89631801434630
C          -13.74723680467876       34.32389706279548       -2.66976443241318
C          -14.91817825874251       33.53894774214587       -2.04576868740927
O          -15.73977156757517       34.17827564589061       -1.38280950291968
N          -14.99881707397730       32.23075738317188       -2.25147420485701
C          -16.09372946500724       31.47595420901571       -1.66575216414588
C          -15.55786978402404       30.40342826729197       -0.72104697289759
C          -14.58760002392327       29.49039426267398       -1.48128100651704
C          -13.46270177619154       30.34041301807047       -2.06925397261499
C          -14.06398620153231       31.40633248699149       -2.99094131560966
N          -14.09731484779875       28.43986861021625       -0.61621004971047
C          -12.94007235937214       28.37706096615634        0.10172374773835
N          -12.82256482392755       27.31225507271703        0.83650494796719
C          -13.97813134780924       26.59812471527062        0.62063677676943
C          -14.79251364921861       27.30774462106954       -0.29205275081508
C          -16.02673265702590       26.76755295462777       -0.65676569202398
C          -17.13898438056264       27.08305350829094       -1.47875305654977
C          -18.02860668728994       26.05650886367354       -1.34475176951538
N          -17.53826398263490       25.11801442284300       -0.48622833955788
C          -16.31741819197538       25.51831656599263       -0.04377450728457
N          -15.55603733182124       24.83461265180658        0.81718484616598
C          -14.39974891025380       25.37132086766574        1.14512763565580
H          -13.64431132704653       34.09463856510502       -3.72926626515636
H          -17.99523010864783       24.26455130161639       -0.21286733205967
H          -13.72954201258083       36.40294482395001       -4.46120699991628
H          -14.90790393339389       35.71652333454249       -1.84212391172361
H          -12.22351746653489       36.73072732580031       -2.55281725638952
H          -13.28539347282351       37.26980564668550       -1.22623629099154
H          -13.01176833707829       35.12407628395206       -0.07396283186641
H          -11.37096316263767       35.51417633187446       -0.60362969936139
H          -11.58587662899939       34.12881685198491       -2.57944519844389
H          -12.42225810919817       33.15997174614333       -1.36204340336713
H          -16.74080831928117       32.17041451777908       -1.12928100124361
H          -16.66517870152622       31.00828211711040       -2.47268578025866
H          -15.03670348907366       30.86804393655522        0.11817699245872
H          -16.38839304270656       29.82122185873078       -0.32199097398932
H          -15.12659986947085       28.99136980827264       -2.29549343093994
H          -12.91340645617424       30.82602932096930       -1.26232761201690
H          -12.77093172014878       29.71688270964071       -2.63453062499657
H          -14.61045143558542       30.91482178762072       -3.80171936225540
H          -13.26558771123176       32.00560336095680       -3.41813646368989
H          -12.18076884719840       29.13051253240072        0.05723604598889
H          -17.27375318413746       27.95266977390093       -2.08879420593325
H          -18.98726708464365       25.92906974741459       -1.80692682192794
H          -13.78824822091529       24.81689297512971        1.84144186016550
H          -15.59347269430572       34.75279974290406       -4.61645132031917
H          -16.57740119919864       35.74400642306191       -3.53868272799040
H          -16.15907195519303       36.32474356969485       -5.14513255437337
H          -13.97018359950708       38.47327092651687       -3.13644433422920
H          -15.27021618819735       38.39336001525609       -4.30651619180303
H          -15.59731220058673       37.99111991976544       -2.62923430431700
57
 energy: -81.182462676819 gnorm: 0.000285483253 xtb: 6.7.1 (edcfbbe)
C          -14.85727644737283       37.91727763700460       -3.42305463789490
C          -14.54690865143733       36.45845239867126       -3.73646401433629
C          -15.78840728995701       35.76848369480128       -4.28965982099755
N          -14.08961126304023       35.76441351665585       -2.49859699706232
C          -12.95237069471590       36.41362896401771       -1.80315003012635
C          -12.37928934279915       35.29896102457545       -0.94345318240035
C          -12.43337523188500       34.10629239801240       -1.89506038012672
C          -13.74648464127933       34.32408199484795       -2.66945391270422
C          -14.91770368321814       33.53890599120226       -2.04651419082768
O          -15.73953057087057       34.17832206622304       -1.38374721129223
N          -14.99913117765720       32.23092182110831       -2.25287800872424
C          -16.09397103476910       31.47663059515542       -1.66626806644517
C          -15.55772528848699       30.40473678674991       -0.72104771972922
C          -14.58802771309973       29.49094121468545       -1.48109492866875
C          -13.46293905029613       30.34069747976687       -2.06922403302374
C          -14.06424900667074       31.40600327540161       -2.99164137246427
N          -14.09809460802873       28.44016721593750       -0.61608436217454
C          -12.94038971682147       28.37702049728840        0.10101502377814
N          -12.82193438548435       27.31134474037005        0.83451054136237
C          -13.97742536932376       26.59708943157333        0.61860081992222
C          -14.79279637407185       27.30744236705821       -0.29270767436975
C          -16.02730999254922       26.76716336962570       -0.65635316943109
C          -17.14090671987486       27.08327290151925       -1.47635261628425
C          -18.03019229182027       26.05648547142769       -1.34195011063722
N          -17.53825059826037       25.11708878739258       -0.48526102707409
C          -16.31691930075738       25.51724238100059       -0.04413492661707
N          -15.55424198790912       24.83255040463019        0.81498426745885
C          -14.39779838212896       25.36945933563998        1.14215044742079
H          -13.64234355901944       34.09505689541811       -3.72885607837027
H          -17.99492846211701       24.26365082336733       -0.21133534471103
H          -13.72802249944647       36.40265240877483       -4.46057126449585
H          -14.90876791524700       35.71529324632709       -1.84258221233199
H          -12.22479999922822       36.73297414774358       -2.55068168688176
H          -13.28808601508323       37.26951206330757       -1.22428445644888
H          -13.01140940914285       35.12466280271398       -0.07244101569117
H          -11.37115999187890       35.51582969893555       -0.60305971686019
H          -11.58523982773076       34.12947778843583       -2.57758192613284
H          -12.42228362872537       33.16087880390909       -1.36056641956494
H          -16.74065486997669       32.17161105449550       -1.12990590308813
H          -16.66597461783066       31.00858982742202       -2.47262399224113
H          -15.03589781619087       30.87002825692799        0.11743015960216
H          -16.38807483422739       29.82302475950578       -0.32091672241339
H          -15.12733812987215       28.99216527786229       -2.29531229441846
H          -12.91389417094836       30.82678093404255       -1.26243714905107
H          -12.77098658634274       29.71698867517733       -2.63404757338574
H          -14.61079891834255       30.91370551088844       -3.80191274714897
H          -13.26604774244421       32.00506003696857       -3.41959552157563
H          -12.18160044741015       29.13104560524460        0.05705441713767
H          -17.27653742892152       27.95362455058545       -2.08518512958361
H          -18.98960219351287       25.92950883644890       -1.80268756420330
H          -13.78511007199502       24.81428091623858        1.83685996634998
H          -15.59205446211011       34.75149291224412       -4.61586347144510
H          -16.57700668367808       35.74449992094732       -3.54070686598995
H          -16.15634687291765       36.32299632829702       -5.14745451032352
H          -13.97101665639145       38.47308462410060       -3.13562988219177
H          -15.26853875483105       38.39265963116943       -4.30842974559504
H          -15.59901661583142       37.99068589616974       -2.63178405341759
57
 energy: -81.182463825346 gnorm: 0.000269153042 xtb: 6.7.1 (edcfbbe)
C          -14.85728582270385       37.91698437664203       -3.42401699793123
C          -14.54617132394726       36.45818184743626       -3.73676226588172
C          -15.78700295839871       35.76777032458322       -4.29086362960439
N          -14.08963362501147       35.76443968629656       -2.49846709417172
C          -12.95345183590390       36.41425794155339       -1.80193677569322
C          -12.37983992803781       35.29965139483327       -0.94245007398079
C          -12.43315571345413       34.10674383262466       -1.89383246166455
C          -13.74583891763158       34.32422708144775       -2.66906551548108
C          -14.91736147191580       33.53892637767581       -2.04682276798745
O          -15.73926050059034       34.17844069711381       -1.38416184092397
N          -14.99942992760542       32.23107902578802       -2.25369948471775
C          -16.09426940092434       31.47709681308138       -1.66664634973845
C          -15.55797304849257       30.40578608270660       -0.72078629879499
C          -14.58869009766550       29.49150977632977       -1.48075686620514
C          -13.46332860112683       30.34079107726811       -2.06916802737348
C          -14.06456077419691       31.40576403045923       -2.99201861830948
N          -14.09888352822951       28.44055027601112       -0.61589890321267
C          -12.94053931842149       28.37699478154654        0.10013634052277
N          -12.82114023864196       27.31067911954965        0.83247241942464
C          -13.97643508015023       26.59615757736911        0.61653810400492
C          -14.79294981837317       27.30724219986892       -0.29318597429983
C          -16.02776677720340       26.76695085328060       -0.65584295089705
C          -17.14266599544522       27.08373007134096       -1.47382854577187
C          -18.03160092458409       26.05667834004526       -1.33922962213585
N          -17.53815982929082       25.11639524982665       -0.48441643096649
C          -16.31628267991338       25.51632474598889       -0.04459757142494
N          -15.55230890625302       24.83077603296278        0.81265822867450
C          -14.39562496215731       25.36768610767655        1.13898866884400
H          -13.64077032794988       34.09514503879225       -3.72838868052856
H          -17.99443268448299       24.26280255186951       -0.21029782157899
H          -13.72668276086056       36.40248226965213       -4.46021229376580
H          -14.90942969246632       35.71464098528951       -1.84309564234798
H          -12.22566328496596       36.73480764759164       -2.54873295440958
H          -13.29042924744743       37.26945119491120       -1.22271907289595
H          -13.01162784483457       35.12505677723534       -0.07124230406885
H          -11.37175787820218       35.51709301437115       -0.60227068761726
H          -11.58459077866737       34.12986735496691       -2.57588047400728
H          -12.42226108846293       33.16140581414844       -1.35910921728175
H          -16.74087337514358       32.17239789641503       -1.13066119661299
H          -16.66631420828811       31.00866397701531       -2.47269455939730
H          -15.03574351760166       30.87166275960414        0.11709912996362
H          -16.38825085915369       29.82452455168213       -0.31988285689014
H          -15.12832178630213       28.99288449326965       -2.29484112872921
H          -12.91437420644919       30.82725666244983       -1.26253912038253
H          -12.77130048361073       29.71682570720582       -2.63363431632119
H          -14.61114445497116       30.91312623831536       -3.80205935656336
H          -13.26638407702953       32.00463478825277       -3.42027970093207
H          -12.18214930351370       29.13140569296895        0.05644339158892
H          -17.27926944855625       27.95476266985299       -2.08144421614766
H          -18.99169241170026       25.93005019870744       -1.79865103875810
H          -13.78193327440458       24.81202058147303        1.83239476225535
H          -15.59043335700489       34.75037625456150       -4.61554309592714
H          -16.57664937604508       35.74490577371115       -3.54300656451109
H          -16.15359096555380       36.32133842276760       -5.14982584218957
H          -13.97163369055588       38.47297204250618       -3.13490781557826
H          -15.26692570696043       38.39224024207878       -4.31022774423140
H          -15.60055789852502       37.99028267303944       -2.63412827437777
57
 energy: -81.182464706236 gnorm: 0.000183360502 xtb: 6.7.1 (edcfbbe)
C          -14.85721299257613       37.91672479413155       -3.42479961820143
C          -14.54551054860438       36.45799074352318       -3.73716681087445
C          -15.78584166817335       35.76726744081283       -4.29204165590259
N          -14.08961341748213       35.76446413378403       -2.49851983690592
C          -12.95403166067734       36.41451270678963       -1.80117752727049
C          -12.38037118368365       35.30006012599627       -0.94151949725405
C          -12.43321138792419       34.10717759216175       -1.89291024495568
C          -13.74558079869445       34.32428428479341       -2.66877395275173
C          -14.91732658722232       33.53904903196793       -2.04675448837169
O          -15.73918587146502       34.17863539120829       -1.38412672572263
N          -14.99971317152340       32.23127342802912       -2.25388577097178
C          -16.09465057674595       31.47742482184193       -1.66683499528870
C          -15.55835964578612       30.40649023573187       -0.72051435611699
C          -14.58937107666454       29.49185873885045       -1.48038892372318
C          -13.46392968428534       30.34087210497464       -2.06903251707513
C          -14.06486432747951       31.40581443356632       -2.99208570930459
N          -14.09942210167653       28.44082553712787       -0.61571113593530
C          -12.94045113444317       28.37693242532206        0.09932266603850
N          -12.82013229731166       27.30999079829444        0.83054026391385
C          -13.97547099454172       26.59542455872457        0.61505344914770
C          -14.79291748445954       27.30707956087869       -0.29339322835234
C          -16.02800910762289       26.76690217544225       -0.65530887551144
C          -17.14388586262309       27.08434640239351       -1.47169498133059
C          -18.03252747475772       26.05703665122120       -1.33709616613657
N          -17.53795514308370       25.11594415151299       -0.48385055678600
C          -16.31565694519885       25.51564792176195       -0.04495999681007
N          -15.55069413171883       24.82945541761299        0.81086104272934
C          -14.39386845091714       25.36634164582365        1.13669038524501
H          -13.64002208441091       34.09499728282428       -3.72800898649728
H          -17.99378921054216       24.26204211726960       -0.20997066290763
H          -13.72556869420923       36.40240698010760       -4.46013080704163
H          -14.90979419750414       35.71458273129734       -1.84358716494071
H          -12.22596009419377       36.73564802757823       -2.54743695174381
H          -13.29174861050483       37.26936701404568       -1.22188792777347
H          -13.01231738927953       35.12529844702912       -0.07043743666414
H          -11.37242608628380       35.51778643632853       -0.60106322978616
H          -11.58433612914350       34.13022879332590       -2.57461220735350
H          -12.42242957899210       33.16186897336392       -1.35811109215176
H          -16.74148583871287       32.17284211032384       -1.13130118909471
H          -16.66634351955840       31.00859594826326       -2.47288048307740
H          -15.03601270750315       30.87268141443687        0.11710913804529
H          -16.38863418382070       29.82546594530872       -0.31929216543109
H          -15.12928031239756       28.99330743297882       -2.29433244430840
H          -12.91484585902782       30.82741766436285       -1.26252626468777
H          -12.77204235456664       29.71660937106285       -2.63333377753170
H          -14.61142866991763       30.91322281878726       -3.80215613850481
H          -13.26654366781750       32.00456924335867       -3.42024589221490
H          -12.18231736974412       29.13159885133083        0.05570911854688
H          -17.28137637754701       27.95597160099832       -2.07826280474342
H          -18.99314506548341       25.93069794457055       -1.79549856785489
H          -13.77922985747085       24.81010124807423        1.82878430447339
H          -15.58901643234626       34.74961321051315       -4.61564461975413
H          -16.57631816230839       35.74516062155814       -3.54505305870892
H          -16.15137026561072       36.32020910448644       -5.15186413828855
H          -13.97202192802885       38.47283628379577       -3.13445286023262
H          -15.26568111192592       38.39198777953233       -4.31154079726850
H          -15.60154850978545       37.98995734481957       -2.63589112596596
57
 energy: -81.182465716560 gnorm: 0.000117093257 xtb: 6.7.1 (edcfbbe)
C          -14.85699861194491       37.91650772225610       -3.42565985770712
C          -14.54470375498835       36.45786450882161       -3.73772274993372
C          -15.78447274639344       35.76684482472623       -4.29354112088406
N          -14.08961283797857       35.76457033389881       -2.49865367294879
C          -12.95443540732467       36.41469869232827       -1.80060493361154
C          -12.38134603373014       35.30025781222643       -0.94057997745708
C          -12.43348138580006       34.10738945227590       -1.89196109001508
C          -13.74557529209275       34.32433326150634       -2.66833748150664
C          -14.91761967099631       33.53933480002257       -2.04639285454172
O          -15.73938208610709       34.17900776923654       -1.38377802237489
N          -15.00009660116885       32.23157124333132       -2.25358751348302
C          -16.09515289986060       31.47768686868844       -1.66684222026379
C          -15.55901937986641       30.40700088038583       -0.72010784495102
C          -14.59019184757312       29.49214893256400       -1.47988517092209
C          -13.46474783984258       30.34091344245471       -2.06884711898193
C          -14.06528075434062       31.40609858049133       -2.99184864060521
N          -14.09986460485944       28.44112317219390       -0.61543090153308
C          -12.94006275763303       28.37676081106046        0.09826318670067
N          -12.81879842651184       27.30924615881667        0.82841384810198
C          -13.97418269535541       26.59460722697078        0.61347230657113
C          -14.79275593450284       27.30697857225949       -0.29337542526941
C          -16.02816997548419       26.76704079977283       -0.65453256600691
C          -17.14502490389440       27.08527308986254       -1.46923104604379
C          -18.03335089706687       26.05766834663676       -1.33479917628355
N          -17.53761197443046       25.11561559885237       -0.48332363219270
C          -16.31487781169940       25.51502906546852       -0.04533452135013
N          -15.54882342520107       24.82810161837296        0.80886955620140
C          -14.39178871109554       25.36484373979233        1.13413220927430
H          -13.63970337022270       34.09466422076442       -3.72746023034953
H          -17.99281846144485       24.26114576792483       -0.21018260183800
H          -13.72422619578886       36.40239189624140       -4.46010171120941
H          -14.91009698242840       35.71510630478305       -1.84414057327505
H          -12.22585870267196       36.73582435987375       -2.54636916087512
H          -13.29257229311082       37.26954737349070       -1.22154026345317
H          -13.01392865450204       35.12554435870440       -0.06991392544577
H          -11.37366416018502       35.51803809079976       -0.59936378303512
H          -11.58427634885926       34.13056216578894       -2.57332103910129
H          -12.42274539888572       33.16204470444341       -1.35716501550747
H          -16.74245111714154       32.17308455050568       -1.13189029411419
H          -16.66621111169903       31.00848050686780       -2.47309638653045
H          -15.03671360937273       30.87337753731485        0.11740686641731
H          -16.38934352812439       29.82614045000746       -0.31878234033875
H          -15.13037351277715       28.99357700539025       -2.29363230367845
H          -12.91535302171299       30.82730689265644       -1.26244758792107
H          -12.77317535007073       29.71631983177719       -2.63316958352293
H          -14.61175350618828       30.91389369628918       -3.80219967490893
H          -13.26667353003774       32.00477269990306       -3.41956838028556
H          -12.18209310838907       29.13156253543740        0.05454321853674
H          -17.28352757887169       27.95756159502722       -2.07459220331672
H          -18.99449642439660       25.93165865882542       -1.79218900004186
H          -13.77628795760958       24.80806446657286        1.82500542873178
H          -15.58733467929146       34.74901289834310       -4.61624111986830
H          -16.57582566685527       35.74532310102202       -3.54749254684627
H          -16.14891320062235       36.31925806944771       -5.15415360848839
H          -13.97220784291274       38.47274009522006       -3.13417109320874
H          -15.26439767266460       38.39177227100379       -4.31289638345160
H          -15.60234774139931       37.98960656631193       -2.63764826899717
57
 energy: -81.182466688070 gnorm: 0.000151662194 xtb: 6.7.1 (edcfbbe)
C          -14.85658532358818       37.91638402157405       -3.42679512597684
C          -14.54368772658493       36.45778968922794       -3.73843586094328
C          -15.78276589868084       35.76651143709000       -4.29548301523482
N          -14.08967887319024       35.76474598318809       -2.49883270469233
C          -12.95476090313569       36.41476277369438       -1.80011271796577
C          -12.38273831895648       35.30037884763501       -0.93931983224420
C          -12.43416035969077       34.10759727643407       -1.89078731650125
C          -13.74588352476067       34.32438309810379       -2.66781246997490
C          -14.91819368530161       33.53969894474021       -2.04586208326526
O          -15.74002196540473       34.17952936895782       -1.38355331036913
N          -15.00059839276544       32.23190050977155       -2.25292886121031
C          -16.09576431189472       31.47789058275440       -1.66658964996180
C          -15.55980427540038       30.40737467687024       -0.71953216650547
C          -14.59107701111755       29.49243823067539       -1.47933976945539
C          -13.46562338050411       30.34096156745799       -2.06862326396813
C          -14.06582990244910       31.40651098129417       -2.99135502372348
N          -14.10022184922765       28.44147312890335       -0.61511742615771
C          -12.93940716981277       28.37646189373093        0.09690076422852
N          -12.81703343926924       27.30820108439632        0.82574865192448
C          -13.97265873563138       26.59369097609281        0.61171822137131
C          -14.79250138737435       27.30691625726168       -0.29328703745999
C          -16.02830868699311       26.76730311840397       -0.65353601748282
C          -17.14629022463150       27.08649099576342       -1.46627362361409
C          -18.03418101366764       26.05845692671402       -1.33222040833965
N          -17.53716060169793       25.11531616961586       -0.48270879281586
C          -16.31394546656736       25.51437893627499       -0.04572458303563
N          -15.54664842593581       24.82655872382130        0.80662322472574
C          -14.38939972898073       25.36316950818203        1.13129375693599
H          -13.63971529647096       34.09425275303472       -3.72680640983232
H          -17.99158550879461       24.26008965397229       -0.21063884166220
H          -13.72248831880785       36.40239323143021       -4.45999840795900
H          -14.91048250813256       35.71599752977617       -1.84480386816837
H          -12.22551476252974       36.73538593635914       -2.54544310264380
H          -13.29304053030256       37.26990767311989       -1.22157664951819
H          -13.01641653338022       35.12575362983885       -0.06940894637798
H          -11.37542140924589       35.51798924674374       -0.59690454964077
H          -11.58461636084836       34.13103832224914       -2.57174868936996
H          -12.42347066232267       33.16218570368164       -1.35609582919625
H          -16.74351655903805       32.17318506308635       -1.13208356742629
H          -16.66625304429491       31.00841440163525       -2.47309616396459
H          -15.03754806037508       30.87386564449517        0.11793436242081
H          -16.39020661837427       29.82665061445000       -0.31817943152411
H          -15.13149416421078       28.99375672351144       -2.29287601846761
H          -12.91581782056853       30.82708329197472       -1.26233365398778
H          -12.77445174586162       29.71613277777100       -2.63319024274097
H          -14.61219340259637       30.91481167647370       -3.80207830785121
H          -13.26690005604056       32.00512670709888       -3.41853227299066
H          -12.18151676505332       29.13131548697460        0.05296009320483
H          -17.28596242246935       27.95964615574808       -2.07010834971865
H          -18.99592526336723       25.93289641828661       -1.78847549460146
H          -13.77283656783219       24.80555380130786        1.82054631829225
H          -15.58525449048210       34.74854288667647       -4.61746223083423
H          -16.57505944661527       35.74539772818856       -3.55043621315278
H          -16.14605958324411       36.31853587896995       -5.15682525788173
H          -13.97223032615267       38.47276229988950       -3.13420645689468
H          -15.26298261775630       38.39161819663784       -4.31451051228166
H          -15.60290856759681       37.98933485400054       -2.63967486145986
57
 energy: -81.182467366706 gnorm: 0.000142172234 xtb: 6.7.1 (edcfbbe)
C          -14.85606136475745       37.91636831410864       -3.42785062407606
C          -14.54273250424986       36.45778179338750       -3.73910885740259
C          -15.78125468012557       35.76639524485059       -4.29725247179518
N          -14.08983487843803       35.76494664960369       -2.49897822239899
C          -12.95510915934251       36.41479879355589       -1.79973145803611
C          -12.38422893124528       35.30040832766871       -0.93820915235854
C          -12.43490699864478       34.10762467718886       -1.88970576653626
C          -13.74626723788501       34.32445291754244       -2.66731581261641
C          -14.91897147042720       33.54011239802245       -2.04567485184870
O          -15.74091412098244       34.18007504908516       -1.38367588853233
N          -15.00114289092672       32.23222899191957       -2.25235629892139
C          -16.09626729136112       31.47813083573068       -1.66608084595799
C          -15.56022232244125       30.40761248779539       -0.71904147896606
C          -14.59161856888992       29.49260010861062       -1.47889524713210
C          -13.46631742128131       30.34113173418285       -2.06841520255715
C          -14.06639928661116       31.40693407624829       -2.99091307897814
N          -14.10034894953018       28.44164657727573       -0.61487759534816
C          -12.93867508984054       28.37598929955630        0.09566230906278
N          -12.81553669478963       27.30718135537229        0.82359401800715
C          -13.97134546642929       26.59278056962165        0.61018777002933
C          -14.79226447323475       27.30683816150064       -0.29317516714503
C          -16.02843006086334       26.76753366759161       -0.65261501220933
C          -17.14731773250937       27.08749602493568       -1.46378860172860
C          -18.03489781076923       26.05915760311835       -1.32998155925439
N          -17.53678600255378       25.11506565787298       -0.48215364704389
C          -16.31318006734940       25.51382292121133       -0.04600116599578
N          -15.54483732628997       24.82515910823532        0.80473426205676
C          -14.38735143151055       25.36161052998045        1.12882278802288
H          -13.63973032792840       34.09400310298906       -3.72618471469644
H          -17.99056387141145       24.25919807261722       -0.21102377615483
H          -13.72083039444070       36.40238261292688       -4.45987212623860
H          -14.91098562551220       35.71680149618176       -1.84544449847795
H          -12.22519531052628       36.73471724850276       -2.54471545571805
H          -13.29336231990821       37.27036526420780       -1.22181483193244
H          -13.01897030329470       35.12600332053952       -0.06902882322721
H          -11.37726291785077       35.51779201336443       -0.59465671049147
H          -11.58503103908835       34.13131385367257       -2.57024194131095
H          -12.42435832741347       33.16215454109810       -1.35513850952105
H          -16.74419289125812       32.17335329537291       -1.13167110701421
H          -16.66659857277534       31.00855750028014       -2.47265498165716
H          -15.03791822335275       30.87409324108445        0.11839514727143
H          -16.39059556184943       29.82689462544714       -0.31763285832242
H          -15.13221812071692       28.99387106177202       -2.29229353003679
H          -12.91617628762702       30.82699437610130       -1.26220475280520
H          -12.77545695604549       29.71619594156179       -2.63323592272696
H          -14.61274025250635       30.91549551291009       -3.80180929289190
H          -13.26733240319074       32.00553871014700       -3.41785387060937
H          -12.18078062297336       29.13083030087565        0.05150721579985
H          -17.28785656557652       27.96139221044222       -2.06635474285317
H          -18.99713095245863       25.93402552070922       -1.78531652600415
H          -13.77003835917638       24.80334978813159        1.81688228884664
H          -15.58342855037806       34.74839255008941       -4.61894348594200
H          -16.57427820616192       35.74534205867697       -3.55297581671288
H          -16.14370982920753       36.31830669355595       -5.15902288671017
H          -13.97202105288939       38.47285442561508       -3.13456197399250
H          -15.26174866676715       38.39147793713146       -4.31595207914518
H          -15.60306725041456       37.98931884423403       -2.64138257500592
57
 energy: -81.182467917889 gnorm: 0.000101230356 xtb: 6.7.1 (edcfbbe)
C          -14.85544109664700       37.91649277076623       -3.42881211089595
C          -14.54197096681661       36.45784973584806       -3.73969761265476
C          -15.78005752213190       35.76645944843052       -4.29877317823185
N          -14.09004794471480       35.76513171280082       -2.49914647174010
C          -12.95548102637444       36.41478638313652       -1.79944867647216
C          -12.38561422965262       35.30041970228798       -0.93723909897007
C          -12.43576900933532       34.10762548993719       -1.88874991999957
C          -13.74671367107478       34.32451544119944       -2.66703435671801
C          -14.91963339330827       33.54040329734128       -2.04557474875707
O          -15.74192360423456       34.18057156146555       -1.38421072519807
N          -15.00156645855893       32.23241196306897       -2.25176863101906
C          -16.09657876746431       31.47826764212516       -1.66534085241661
C          -15.56037528369984       30.40765542869332       -0.71847901409526
C          -14.59187211808437       29.49274314249846       -1.47860217240284
C          -13.46664118873857       30.34127447233433       -2.06826233910341
C          -14.06693439389875       31.40715816854439       -2.99050052710595
N          -14.10031190913868       28.44171426701471       -0.61481841931700
C          -12.93799193808766       28.37548861630350        0.09458621833974
N          -12.81428190252758       27.30620079993039        0.82174116127339
C          -13.97036779531088       26.59205976561255        0.60896874897097
C          -14.79203102081545       27.30674318897784       -0.29322030281026
C          -16.02849426733843       26.76768163908101       -0.65197326709061
C          -17.14809834673605       27.08823816191699       -1.46192255711628
C          -18.03543433552423       26.05966656903232       -1.32831565208002
N          -17.53653890652117       25.11491348243684       -0.48168299240435
C          -16.31263370471660       25.51343535281718       -0.04618015122125
N          -15.54353863697031       24.82412508775303        0.80336070638195
C          -14.38586042833958       25.36045741055772        1.12698377941998
H          -13.63975892310547       34.09385116330814       -3.72581108757224
H          -17.98989311999422       24.25863068821599       -0.21116096736034
H          -13.71948106135636       36.40234954693619       -4.45977196055415
H          -14.91154828806754       35.71739604406801       -1.84607270360705
H          -12.22497592682914       36.73404456357274       -2.54414533849975
H          -13.29365035496407       37.27075313232199       -1.22208496326751
H          -13.02125643416018       35.12621345417892       -0.06868300894644
H          -11.37893076052206       35.51758004323781       -0.59273759052470
H          -11.58555644937906       34.13141666899053       -2.56884941449237
H          -12.42547319255636       33.16213947051298       -1.35422414626639
H          -16.74432719261515       32.17346433870060       -1.13067913325699
H          -16.66719346287007       31.00881807061402       -2.47180199804333
H          -15.03789756218942       30.87407120634268        0.11888691403225
H          -16.39069603832035       29.82694182011905       -0.31694261525109
H          -15.13259846976834       28.99403178532879       -2.29194019391323
H          -12.91633090836947       30.82702065503745       -1.26210330478669
H          -12.77590643667954       29.71643132069516       -2.63335307934631
H          -14.61336835087813       30.91579473311788       -3.80139195455759
H          -13.26791049345270       32.00577256501222       -3.41748721072390
H          -12.18003940625246       29.13026001742949        0.05023924392464
H          -17.28922342551971       27.96271556397846       -2.06350174734524
H          -18.99803975575260       25.93488951254863       -1.78295468806237
H          -13.76792190855277       24.80160153802527        1.81400460588433
H          -15.58196940094379       34.74853140876806       -4.62057060566474
H          -16.57354202737658       35.74518684371498       -3.55499459098497
H          -16.14201840790637       36.31850594111233       -5.16066067320022
H          -13.97154248219837       38.47301495018041       -3.13517951730698
H          -15.26070903270440       38.39145490216713       -4.31718702042614
H          -15.60283685593345       37.98952734586393       -2.64272808438733
57
 energy: -81.182468492854 gnorm: 0.000074266480 xtb: 6.7.1 (edcfbbe)
C          -14.85463298603736       37.91672111751600       -3.42988189991282
C          -14.54120295560083       36.45797086819182       -3.74037423590904
C          -15.77895837383515       35.76671785385564       -4.30032672845782
N          -14.09034409599283       35.76531281296405       -2.49939866306043
C          -12.95601796519065       36.41475812932229       -1.79915347663268
C          -12.38717315125554       35.30040789898242       -0.93624900741707
C          -12.43677342378616       34.10755028773369       -1.88772012064350
C          -13.74721270082914       34.32458007855112       -2.66682619121497
C          -14.92049797264226       33.54073102659945       -2.04582812480347
O          -15.74312360829306       34.18111010844557       -1.38508210259867
N          -15.00202781632258       32.23257687690119       -2.25118926851371
C          -16.09676183554072       31.47844021752708       -1.66421589430963
C          -15.56013792958826       30.40762652953432       -0.71779742180628
C          -14.59189167222150       29.49279926088025       -1.47835086213349
C          -13.46685632941968       30.34150832771347       -2.06810465836356
C          -14.06753585020027       31.40735184853922       -2.99011824851000
N          -14.10008756569715       28.44157386925644       -0.61492170604027
C          -12.93718880654897       28.37476688333304        0.09344706394590
N          -12.81309711340445       27.30511347472253        0.82002446863064
C          -13.96943868086199       26.59123494465927        0.60774735420023
C          -14.79174482802213       27.30654248322709       -0.29336738096742
C          -16.02851793252908       26.76775385087080       -0.65144663394872
C          -17.14872996628395       27.08883859448779       -1.46036041213933
C          -18.03594061145960       26.06015428262905       -1.32680834663729
N          -17.53640148600859       25.11483930218169       -0.48117552789519
C          -16.31218826774422       25.51308556482867       -0.04630628063394
N          -15.54246196055652       24.82316539345926        0.80218194761468
C          -14.38453747613474       25.35930432551143        1.12528508915813
H          -13.63971133512234       34.09378193788537       -3.72550363656847
H          -17.98949959121720       24.25830945603911       -0.21101264099969
H          -13.71814454333312       36.40226325580338       -4.45977874000811
H          -14.91229248538598       35.71786031027605       -1.84687614796871
H          -12.22489258662607       36.73341041289240       -2.54350982971982
H          -13.29417900761231       37.27110014148450       -1.22235030351291
H          -13.02367551860422       35.12641469067714       -0.06828765429620
H          -11.38076254208272       35.51735299296364       -0.59083613251854
H          -11.58612478410013       34.13128878275251       -2.56725449067501
H          -12.42692773950406       33.16207918569800       -1.35318411484508
H          -16.74407797725453       32.17364687640228       -1.12901432487985
H          -16.66802310265041       31.00921399436362       -2.47035888413760
H          -15.03735528426306       30.87388432069633        0.11947356651994
H          -16.39031235906302       29.82684189079767       -0.31606376091357
H          -15.13281384406426       28.99424809564142       -2.29166909979511
H          -12.91643604893933       30.82722789567406       -1.26201094769824
H          -12.77616325050730       29.71683897619723       -2.63343442787710
H          -14.61421532206194       30.91585709229594       -3.80077448855997
H          -13.26872903157714       32.00599773842126       -3.41746757703226
H          -12.17913230096627       29.12942745375083        0.04887956371455
H          -17.29025016598325       27.96379476737359       -2.06115246510514
H          -18.99888240649558       25.93572550817153       -1.78082721304313
H          -13.76612368460206       24.79997880662416        1.81149588932426
H          -15.58059303373849       34.74897404491687       -4.62258328597071
H          -16.57275703681953       35.74494395878610       -3.55688875602969
H          -16.14063886110960       36.31914869786892       -5.16208852214096
H          -13.97076389947562       38.47319522495136       -3.13612036660587
H          -15.25960906127686       38.39155861634102       -4.31845476179356
H          -15.60222982953601       37.98999865784123       -2.64402917580511
57
 energy: -81.182469073064 gnorm: 0.000080992127 xtb: 6.7.1 (edcfbbe)
C          -14.85354087877219       37.91703397892505       -3.43114511813038
C          -14.54037159585365       36.45813018833294       -3.74122840288572
C          -15.77784726806999       35.76711529681209       -4.30209420211289
N          -14.09075533390112       35.76550846243219       -2.49978208786803
C          -12.95683637346588       36.41477571202097       -1.79875760152001
C          -12.38905092258147       35.30042264211394       -0.93517291736618
C          -12.43801974477528       34.10744553161532       -1.88654656230037
C          -13.74778958194667       34.32466328600886       -2.66672441262695
C          -14.92137428868159       33.54105086317674       -2.04607308575965
O          -15.74452342495224       34.18174949935307       -1.38626362132417
N          -15.00244172117824       32.23269892774016       -2.25038948513420
C          -16.09682763273863       31.47862204576186       -1.66265329032864
C          -15.55961466867578       30.40752344817643       -0.71685948164366
C          -14.59176239521945       29.49283929086816       -1.47808390337192
C          -13.46696673972165       30.34174255702565       -2.06797713031168
C          -14.06824661292692       31.40747211058064       -2.98970150881578
N          -14.09968921678062       28.44124249053874       -0.61525060317313
C          -12.93621006780823       28.37381238671645        0.09209051537215
N          -12.81175457249002       27.30376401193814        0.81804676949413
C          -13.96843824352429       26.59025461331825        0.60637051982775
C          -14.79133823963507       27.30619216000690       -0.29371527598644
C          -16.02847519599731       26.76774757944919       -0.65105665400286
C          -17.14927978314990       27.08938939636617       -1.45894629965241
C          -18.03649566953387       26.06072899033973       -1.32526726260489
N          -17.53637542330086       25.11487153647906       -0.48057546907769
C          -16.31181109740541       25.51277316162141       -0.04639028843654
N          -15.54151278898631       24.82225521260835        0.80110230019672
C          -14.38326629359989       25.35809655154039        1.12357971711493
H          -13.63956750270295       34.09368852470892       -3.72528218323243
H          -17.98936518450259       24.25825017785762       -0.21052341797376
H          -13.71672231132838       36.40209003851044       -4.45993147828792
H          -14.91327401945260       35.71826135730146       -1.84793777183380
H          -12.22498059424682       36.73296396025437       -2.54259743020277
H          -13.29516650169811       37.27139788992152       -1.22247304048091
H          -13.02641342402200       35.12670779405688       -0.06779404548479
H          -11.38292431630571       35.51719204337356       -0.58884324607689
H          -11.58681148391799       34.13094117857927       -2.56536511048682
H          -12.42883869727293       33.16203362852677       -1.35190632054780
H          -16.74346364280418       32.17387957192209       -1.12666938655579
H          -16.66904439048015       31.00970945842217       -2.46831292106903
H          -15.03632400707043       30.87353369061184        0.12023449501027
H          -16.38958649602934       29.82667891749779       -0.31478609292558
H          -15.13303104320279       28.99463251251643       -2.29138847629692
H          -12.91646630943620       30.82747958045819       -1.26195312316191
H          -12.77626766929565       29.71732326288401       -2.63357281139654
H          -14.61533030362811       30.91579811684862       -3.79999659006332
H          -13.26977156199246       32.00615469670765       -3.41760414827261
H          -12.17802515881539       29.12833418769010        0.04725112575930
H          -17.29109495662856       27.96473927207985       -2.05909874776110
H          -18.99979336673904       25.93667279389475       -1.77863156003295
H          -13.76436420582819       24.79828779726370        1.80896068524416
H          -15.57920816202579       34.74964056288053       -4.62507623188380
H          -16.57188453022315       35.74465218305517       -3.55892383679768
H          -16.13936200380119       36.32012872299244       -5.16355434831049
H          -13.96960502092568       38.47336302460761       -3.13732421249017
H          -15.25818721853656       38.39174342855827       -4.31993459249618
H          -15.60131013739431       37.99069969016336       -2.64550033740467
57
 energy: -81.182469488028 gnorm: 0.000087999807 xtb: 6.7.1 (edcfbbe)
C          -14.85251524148415       37.91733100172764       -3.43239913067640
C          -14.53966551670175       36.45825725530109       -3.74202423436911
C          -15.77694109948392       35.76751525402749       -4.30367081839030
N          -14.09116375472359       35.76564005289222       -2.50017412043592
C          -12.95771842449972       36.41480382643727       -1.79830102509331
C          -12.39069026494408       35.30047230729313       -0.93418262406955
C          -12.43911117026614       34.10743090937582       -1.88549868603664
C          -13.74829818556469       34.32472597553025       -2.66665478656950
C          -14.92222295434292       33.54132911427151       -2.04641104645137
O          -15.74567009672841       34.18227403223053       -1.38720462478936
N          -15.00277949207426       32.23278189725898       -2.24964898064637
C          -16.09674558991874       31.47872465346477       -1.66107822382456
C          -15.55896641631255       30.40740447027996       -0.71583098078518
C          -14.59162879660199       29.49284209675275       -1.47787400365355
C          -13.46703011052328       30.34187081342986       -2.06794792669013
C          -14.06886576916393       31.40755169468972       -2.98933028641392
N          -14.09927593250286       28.44083990236947       -0.61570781242759
C          -12.93531206047763       28.37289325940844        0.09079657477670
N          -12.81058802780310       27.30255137457533        0.81627769133453
C          -13.96754319185654       26.58933591877807        0.60508543528115
C          -14.79092154337702       27.30578983809704       -0.29415940488871
C          -16.02838765293928       26.76768445572783       -0.65086873584609
C          -17.14966960182455       27.08982302671897       -1.45790133074690
C          -18.03696565771671       26.06125795072098       -1.32403766963650
N          -17.53648671361758       25.11503459665086       -0.47996822932449
C          -16.31156202795440       25.51255447299199       -0.04644895375776
N          -15.54083458083376       24.82157397652374        0.80027600959515
C          -14.38224884435875       25.35706329520127        1.12212679901218
H          -13.63946031107259       34.09359591043052       -3.72510099019086
H          -17.98951830229143       24.25847896138950       -0.20978063429402
H          -13.71553255192245       36.40184750850938       -4.46013987532318
H          -14.91423409853686       35.71852032787630       -1.84898223972645
H          -12.22526395736170       36.73288441949514       -2.54159679767983
H          -13.29641620849648       37.27149668686249       -1.22234162105903
H          -13.02869689582275       35.12685246640576       -0.06726073062761
H          -11.38479246095825       35.51716515772655       -0.58713570076660
H          -11.58735159247935       34.13068898214233       -2.56362059625033
H          -12.43053281027124       33.16208480535243       -1.35073407624578
H          -16.74278688047842       32.17401905406965       -1.12441779677954
H          -16.66981858894341       31.01003553165060       -2.46626013329949
H          -15.03512977833251       30.87321996327184        0.12103442058061
H          -16.38873816616061       29.82654131659537       -0.31335992693352
H          -15.13333878296399       28.99502052026859       -2.29113067890641
H          -12.91639419457137       30.82763510218831       -1.26203154210815
H          -12.77637112452225       29.71764828586086       -2.63381178559780
H          -14.61636254065057       30.91576597536869       -3.79928381751246
H          -13.27069339748640       32.00626456535631       -3.41774013743900
H          -12.17701404314677       29.12728609106479        0.04568618824570
H          -17.29168746111091       27.96541921854154       -2.05764713746060
H          -19.00057940098712       25.93752990960519       -1.77681950781713
H          -13.76298643849325       24.79690380997962        1.80689628544543
H          -15.57809560982281       34.75026864428636       -4.62726093936935
H          -16.57116353894337       35.74450124134951       -3.56071375449928
H          -16.13830787912367       36.32103949525274       -5.16486855458365
H          -13.96849381121387       38.47343763574668       -3.13841953549223
H          -15.25674288401958       38.39200196628533       -4.32140334009801
H          -15.60048756719947       37.99138902035288       -2.64699391662936
57
 energy: -81.182469754712 gnorm: 0.000068572696 xtb: 6.7.1 (edcfbbe)
C          -14.85174727125983       37.91751703389629       -3.43334259387508
C          -14.53917085543098       36.45830963095393       -3.74262444794588
C          -15.77634602815747       35.76777461537204       -4.30476667712354
N          -14.09152071515075       35.76574613445048       -2.50044042217162
C          -12.95851520714635       36.41493166650121       -1.79786901564920
C          -12.39189471047671       35.30056680951856       -0.93352700620598
C          -12.43985560963348       34.10746356647402       -1.88479926100634
C          -13.74864479061110       34.32480284699959       -2.66658962752803
C          -14.92264490105263       33.54148216288033       -2.04638166781801
O          -15.74639584283785       34.18262164372425       -1.38773633619724
N          -15.00289393179042       32.23282278929131       -2.24896711663790
C          -16.09662335350048       31.47880457498076       -1.65988532423976
C          -15.55833979408383       30.40733189407546       -0.71507920910824
C          -14.59149021344240       29.49277289204681       -1.47772459057432
C          -13.46710289792676       30.34189797641798       -2.06801848917105
C          -14.06927126205992       31.40763628595448       -2.98908908353486
N          -14.09890379116488       28.44041523969810       -0.61614456716800
C          -12.93463363851192       28.37212986456420        0.08983182054575
N          -12.80974996905292       27.30159589227855        0.81499501608515
C          -13.96692071062841       26.58861973850092        0.60416975517368
C          -14.79058214352770       27.30540675085264       -0.29454885087265
C          -16.02830285839681       26.76759905325830       -0.65082459512359
C          -17.14985445550789       27.09007831628280       -1.45734321032467
C          -18.03734721005237       26.06172173393609       -1.32317326404820
N          -17.53667637930468       25.11524700926545       -0.47949621610676
C          -16.31147978736684       25.51244789706628       -0.04645063578645
N          -15.54051445272605       24.82117637558238        0.79981764212359
C          -14.38165415556026       25.35634920177941        1.12119800248834
H          -13.63939449690217       34.09348926145307       -3.72495127106639
H          -17.98982094701475       24.25882023393078       -0.20909282841407
H          -13.71469160394383       36.40156934035294       -4.46032394244107
H          -14.91500413354405       35.71868857054204       -1.84973715601163
H          -12.22565046036434       36.73313260296336       -2.54070206581938
H          -13.29762648102203       37.27154460446783       -1.22202720417549
H          -13.03024693218268       35.12698794539708       -0.06685213002218
H          -11.38614530606262       35.51727974716468       -0.58606875506448
H          -11.58776747981880       34.13057734507803       -2.56250484192316
H          -12.43164862617735       33.16214780904063       -1.34996431733387
H          -16.74226106377609       32.17411420326273       -1.12274788641365
H          -16.67026560632294       31.01023921388291       -2.46473668758584
H          -15.03400965410738       30.87297052147966        0.12157256804163
H          -16.38793478283253       29.82647959194072       -0.31223925941140
H          -15.13365281820303       28.99532245078036       -2.29090378734034
H          -12.91624016174060       30.82757939667734       -1.26220510055085
H          -12.77659505093090       29.71776922717626       -2.63415823704725
H          -14.61709948197818       30.91589686445648       -3.79885579164959
H          -13.27127418463627       32.00637908107498       -3.41778025167879
H          -12.17625402213008       29.12642938010014        0.04452279799238
H          -17.29192883666666       27.96573958861044       -2.05698172590103
H          -19.00118437541834       25.93824088168882       -1.77554778184936
H          -13.76217060609350       24.79594621229134        1.80556871812006
H          -15.57741454868975       34.75064597741377       -4.62867789971068
H          -16.57074062980818       35.74451247004887       -3.56199744129833
H          -16.13753182970924       36.32159858651853       -5.16584785906907
H          -13.96768156386851       38.47342928961271       -3.13912265505316
H          -15.25548240482448       38.39215487729285       -4.32258450158178
H          -15.60000497084877       37.99194512471037       -2.64824273188185
57
 energy: -81.182469961732 gnorm: 0.000041973504 xtb: 6.7.1 (edcfbbe)
C          -14.85121001170098       37.91763146926822       -3.43412001249662
C          -14.53885443097254       36.45830482799399       -3.74304237735225
C          -15.77595815007826       35.76792890162472       -4.30555020780533
N          -14.09184274337776       35.76580943397094       -2.50059187178420
C          -12.95921167502953       36.41504650977932       -1.79742943604706
C          -12.39269673515953       35.30069249138472       -0.93300883304453
C          -12.44029893542303       34.10764123881263       -1.88435927167636
C          -13.74890308204053       34.32487033656810       -2.66649734814983
C          -14.92298385744815       33.54159509905551       -2.04635097549013
O          -15.74682389476568       34.18280690151364       -1.38788354726017
N          -15.00293838546312       32.23284469110946       -2.24843347545213
C          -16.09641923298047       31.47878969203180       -1.65893474169558
C          -15.55778361250264       30.40722642846810       -0.71442648750716
C          -14.59137577651545       29.49269209613731       -1.47766181637037
C          -13.46710901997426       30.34179023649355       -2.06821298872139
C          -14.06953154409887       31.40770551123797       -2.98890392634056
N          -14.09859232964944       28.44004196942289       -0.61657338661712
C          -12.93412458461397       28.37151863551802        0.08906971877158
N          -12.80916031199447       27.30086782605140        0.81403388308873
C          -13.96650097609934       26.58808630488271        0.60348904444137
C          -14.79031642486204       27.30508277051638       -0.29491735587099
C          -16.02823502599171       26.76752559909468       -0.65088617222646
C          -17.14995618423904       27.09026396885616       -1.45705627909925
C          -18.03764776197617       26.06211360774900       -1.32261554056117
N          -17.53693738013503       25.11552247599263       -0.47909719510991
C          -16.31151897052300       25.51244466124061       -0.04641996708337
N          -15.54043808082311       24.82099915946812        0.79959379956660
C          -14.38134146006530       25.35587967925829        1.12059176144131
H          -13.63944633246129       34.09342646973580       -3.72480510237367
H          -17.99023059162259       24.25925353044740       -0.20844540660061
H          -13.71411892873545       36.40127455203164       -4.46042732747408
H          -14.91564322709304       35.71877530284745       -1.85027266147561
H          -12.22609508911351       36.73354466198096       -2.53987941677697
H          -13.29874453769353       37.27147617718063       -1.22156093889451
H          -13.03123513747296       35.12702188676550       -0.06648652953228
H          -11.38704997674721       35.51750910347247       -0.58530536601938
H          -11.58798423797464       34.13077709571893       -2.56178805451766
H          -12.43222137962775       33.16232780995291       -1.34951152716896
H          -16.74182354936165       32.17408394976768       -1.12150703943100
H          -16.67041064354329       31.01027214754096       -2.46355861042440
H          -15.03300757138175       30.87277213907388        0.12199185925162
H          -16.38723188639675       29.82641586086380       -0.31121841611762
H          -15.13395900349775       28.99553499315738       -2.29073521536028
H          -12.91594573964421       30.82731472922660       -1.26250827809016
H          -12.77682668163827       29.71769055374985       -2.63466398908479
H          -14.61760255326989       30.91612765651687       -3.79860532780418
H          -13.27162928152745       32.00648283942029       -3.41771083701088
H          -12.17566399625203       29.12572325196049        0.04359872741164
H          -17.29202585991280       27.96591175793270       -2.05671439228189
H          -19.00164528915593       25.93882636642169       -1.77470085784198
H          -13.76174651518268       24.79531661652500        1.80472886082151
H          -15.57701976621438       34.75081774637394       -4.62948854709114
H          -16.57053161918787       35.74467647118893       -3.56297732474805
H          -16.13690005257261       36.32184821995430       -5.16667132471306
H          -13.96713731422811       38.47336362525526       -3.13954766021299
H          -15.25437320441889       38.39224214478569       -4.32363850241075
H          -15.59983945154806       37.99236981266244       -2.64939578551698
57
 energy: -81.182470159071 gnorm: 0.000040933323 xtb: 6.7.1 (edcfbbe)
C          -14.85084655854148       37.91770721433373       -3.43486665267026
C          -14.53862777932952       36.45826458524273       -3.74334674877689
C          -15.77565014946690       35.76798702689874       -4.30615938293761
N          -14.09216867682625       35.76588000283452       -2.50063566879087
C          -12.95990492984495       36.41523471509139       -1.79695018025881
C          -12.39334910906192       35.30086799240492       -0.93255939507389
C          -12.44057066624315       34.10791771866638       -1.88403815583171
C          -13.74910430422984       34.32495580413420       -2.66633285052951
C          -14.92312985378453       33.54164247579671       -2.04610060460283
O          -15.74706144017140       34.18287177777891       -1.38777221225033
N          -15.00285575473542       32.23283623116534       -2.24787906728894
C          -16.09616127871988       31.47872754093036       -1.65812690648789
C          -15.55716767754899       30.40711094725161       -0.71388991988413
C          -14.59125040871006       29.49253174001384       -1.47768331355402
C          -13.46710967004561       30.34160043434299       -2.06850216225021
C          -14.06966458704238       31.40780681534665       -2.98875774757725
N          -14.09828290876294       28.43963199069097       -0.61702082087150
C          -12.93366368287476       28.37089710706903        0.08836516087344
N          -12.80869812965814       27.30019372917805        0.81323410356208
C          -13.96619819634510       26.58760391023620        0.60292386875841
C          -14.79010007331207       27.30476812170719       -0.29526156994535
C          -16.02820878689527       26.76747737067406       -0.65096686553460
C          -17.15004187317340       27.09045289754140       -1.45687697184402
C          -18.03795685108432       26.06252990364276       -1.32217456873931
N          -17.53729346566412       25.11587630750637       -0.47870478436628
C          -16.31165924899257       25.51250507259391       -0.04636323022270
N          -15.54053156833415       24.82092454699302        0.79949031486979
C          -14.38120814866576       25.35550675576683        1.12015167540418
H          -13.63957450560704       34.09337144136958       -3.72460330784390
H          -17.99075503239916       24.25977101758242       -0.20782195536860
H          -13.71365411177933       36.40095273228459       -4.46043816055444
H          -14.91623496337320       35.71885821610746       -1.85064964127737
H          -12.22663776163274       36.73411934383244       -2.53908052908314
H          -13.29987938405666       37.27142986331600       -1.22098635137337
H          -13.03198219995469       35.12694588583871       -0.06615168530522
H          -11.38779613443828       35.51784124819714       -0.58467054800183
H          -11.58815633014903       34.13128640497894       -2.56134403327474
H          -12.43238522103705       33.16254610415398       -1.34927891125112
H          -16.74142688583711       32.17396633691438       -1.12046853548029
H          -16.67037714867718       31.01023650014249       -2.46260302560468
H          -15.03196621651446       30.87257531509572        0.12230612985577
H          -16.38646975102519       29.82634587882790       -0.31033149711806
H          -15.13426182638045       28.99563398085150       -2.29062664924173
H          -12.91550891887286       30.82687107087492       -1.26293937609212
H          -12.77717852503399       29.71749145267283       -2.63536684076543
H          -14.61794511744584       30.91650064840215       -3.79848283929678
H          -13.27179089165362       32.00663489134673       -3.41754836567445
H          -12.17509761003640       29.12498210481272        0.04273979711424
H          -17.29205527743567       27.96605864664334       -2.05660740138785
H          -19.00209143469237       25.93944026987828       -1.77402305697006
H          -13.76157417480146       24.79481856139683        1.80414603124269
H          -15.57674764562015       34.75080118170862       -4.62985571377440
H          -16.57048168425709       35.74498673650436       -3.56385856057073
H          -16.13621232826079       36.32181739900644       -5.16749481459779
H          -13.96682683903145       38.47327143157023       -3.13979520937950
H          -15.25330104513142       38.39228625757166       -4.32472676285387
H          -15.59996525278025       37.99274833829715       -2.65063352719168
57
 energy: -81.182470347123 gnorm: 0.000050869356 xtb: 6.7.1 (edcfbbe)
C          -14.85059942972714       37.91773091160296       -3.43554900199660
C          -14.53846237330629       36.45818368606597       -3.74359033770882
C          -15.77539347081206       35.76795009624426       -4.30666888167405
N          -14.09252879491098       35.76596966586403       -2.50059272378549
C          -12.96063551074405       36.41547911743868       -1.79641102987788
C          -12.39393793796551       35.30109580872809       -0.93213703038686
C          -12.44067915476489       34.10831238077226       -1.88384779673505
C          -13.74925792267175       34.32507461564418       -2.66611547520922
C          -14.92317313816577       33.54167689382228       -2.04575792839447
O          -15.74716566626428       34.18286439765153       -1.38746713464128
N          -15.00268519935763       32.23282489160850       -2.24733065895321
C          -16.09583331891901       31.47863814245846       -1.65738854070936
C          -15.55654718775471       30.40692229292809       -0.71344474630863
C          -14.59105333607020       29.49234261980765       -1.47775714390197
C          -13.46701686916171       30.34131062013115       -2.06890828610716
C          -14.06970774350867       31.40791203320675       -2.98862681704236
N          -14.09794105614148       28.43919661103737       -0.61748636376627
C          -12.93320452379356       28.37023039840831        0.08768203270767
N          -12.80829024677538       27.29947429045857        0.81247735285368
C          -13.96600660324968       26.58714899522973        0.60245140120641
C          -14.78992528464858       27.30447449191989       -0.29558606634575
C          -16.02823652085437       26.76747722736406       -0.65103576353548
C          -17.15013519525099       27.09067734839527       -1.45676244631295
C          -18.03832671445338       26.06303226488638       -1.32174878492016
N          -17.53773403126890       25.11629713580479       -0.47833347392850
C          -16.31190696859034       25.51263374216877       -0.04626739884357
N          -15.54079069428408       24.82092260580692        0.79948438672202
C          -14.38124737205204       25.35520143997727        1.11985338933603
H          -13.63973466218567       34.09335997012843       -3.72435695971817
H          -17.99136231110307       24.26033378290312       -0.20728398649994
H          -13.71324304250814       36.40060611902385       -4.46038418444032
H          -14.91683734585439       35.71892958806182       -1.85092251237674
H          -12.22724282474552       36.73478769189251       -2.53822911814364
H          -13.30104996872745       37.27141256072015       -1.22031309712864
H          -13.03266365334971       35.12689354505265       -0.06585117959967
H          -11.38849753762885       35.51828940870380       -0.58405563748629
H          -11.58825723889632       34.13210762022396       -2.56114066858806
H          -12.43218866814638       33.16282959939594       -1.34928741640771
H          -16.74099596540325       32.17380590796192       -1.11951884483874
H          -16.67022281822770       31.01018757663339       -2.46176231654655
H          -15.03088608437442       30.87228611659930        0.12250993972744
H          -16.38570621684952       29.82621068066257       -0.30951006034619
H          -15.13449127822544       28.99569314401689       -2.29055665409929
H          -12.91491833445369       30.82622373462181       -1.26347577124588
H          -12.77749986514536       29.71717890410480       -2.63626005320985
H          -14.61817526186311       30.91696219179653       -3.79844469408214
H          -13.27182913083717       32.00679878418224       -3.41732253790928
H          -12.17448945028208       29.12415565817383        0.04189952350806
H          -17.29203370971319       27.96622799505666       -2.05659969045568
H          -19.00258330024860       25.94015833812158       -1.77339593176704
H          -13.76160469147464       24.79437059241888        1.80372326575986
H          -15.57659013027243       34.75059220828614       -4.62987197277140
H          -16.57055425267749       35.74542750386470       -3.56470747615159
H          -16.13545107372871       36.32152731401854       -5.16837745859664
H          -13.96670602224620       38.47317740433859       -3.13986606038475
H          -15.25221706020510       38.39222155954415       -4.32583119960154
H          -15.60034583113879       37.99308977007146       -2.65194197628186
57
 energy: -81.182470514339 gnorm: 0.000051689034 xtb: 6.7.1 (edcfbbe)
C          -14.85049469441881       37.91775356294728       -3.43625819404252
C          -14.53835685722602       36.45810563184224       -3.74376866725394
C          -15.77516267726641       35.76787627527013       -4.30711892701939
N          -14.09288656880777       35.76605918811989       -2.50051001890974
C          -12.96137578395292       36.41576231140650       -1.79585672612993
C          -12.39450112217531       35.30137056690977       -0.93169223494158
C          -12.44070395692734       34.10880563243882       -1.88368078899915
C          -13.74936695403848       34.32520055125003       -2.66587755657975
C          -14.92309061029841       33.54166312439362       -2.04533341649049
O          -15.74717312069248       34.18278037408870       -1.38708925800357
N          -15.00240476941918       32.23277658271854       -2.24677184741418
C          -16.09542163854567       31.47850532929400       -1.65670029425037
C          -15.55583195208909       30.40669656076898       -0.71305647324637
C          -14.59081755015568       29.49207796043980       -1.47792686397666
C          -13.46686974299462       30.34099904858781       -2.06931256085207
C          -14.06964417382688       31.40800939367794       -2.98850527904998
N          -14.09758408474809       28.43871290883280       -0.61799481063041
C          -12.93272488147147       28.36947528456746        0.08694194551366
N          -12.80795212707847       27.29872874762817        0.81177602359878
C          -13.96587564474416       26.58667054685293        0.60197822403165
C          -14.78979327553777       27.30418047352681       -0.29591047191188
C          -16.02832463756122       26.76751314717937       -0.65108635280529
C          -17.15029611336147       27.09098374873203       -1.45660217336551
C          -18.03873373508952       26.06358083974568       -1.32137524252362
N          -17.53828106239036       25.11680295127200       -0.47792635467432
C          -16.31224337521732       25.51280685008396       -0.04615247681806
N          -15.54115936453276       24.82094451999741        0.79950457944748
C          -14.38137218468642       25.35488359359034        1.11955835197497
H          -13.63989359258823       34.09336194412231       -3.72409766817290
H          -17.99209148692750       24.26098086510152       -0.20673923435943
H          -13.71289782812224       36.40029653801763       -4.46026453112419
H          -14.91742012384372       35.71895952492596       -1.85113920280779
H          -12.22790093656376       36.73552447388673       -2.53739564699091
H          -13.30224754577100       37.27142426095552       -1.21962304102072
H          -13.03333969258284       35.12673041628614       -0.06557713105448
H          -11.38919740908653       35.51881360498110       -0.58336642858338
H          -11.58830178791983       34.13321997305260       -2.56098135889277
H          -12.43174991923926       33.16317385704944       -1.34938844930725
H          -16.74046958701382       32.17358550803061       -1.11858466860426
H          -16.66999807567162       31.01015196166311       -2.46100218456938
H          -15.02976264522607       30.87194752564409        0.12271112880190
H          -16.38486354932197       29.82602275049175       -0.30881844482306
H          -15.13464086805210       28.99564908326818       -2.29060779142721
H          -12.91423763247477       30.82553419095354       -1.26401614840397
H          -12.77779817531673       29.71686078321657       -2.63719653808956
H          -14.61829750615177       30.91742756999470       -3.79842535450214
H          -13.27175252085020       32.00696355849639       -3.41708851491095
H          -12.17381352416794       29.12319171118610        0.04097062448320
H          -17.29206829931827       27.96652347451274       -2.05648531650222
H          -19.00310998265216       25.94095060758027       -1.77283322754615
H          -13.76179318011974       24.79395334091733        1.80340105647411
H          -15.57646876418103       34.75028578636384       -4.62964794896479
H          -16.57070555817637       35.74596696895387       -3.56555122531740
H          -16.13463053185948       36.32106720327560       -5.16932123355582
H          -13.96676059849705       38.47308375521224       -3.13988586983481
H          -15.25124226867903       38.39216024676023       -4.32698465508877
H          -15.60090374635076       37.99336280494929       -2.65331312792423
57
 energy: -81.182470634881 gnorm: 0.000036009802 xtb: 6.7.1 (edcfbbe)
C          -14.85051495949467       37.91773503942124       -3.43675244814077
C          -14.53829958446750       36.45802900489759       -3.74390142990532
C          -15.77498671299896       35.76774653087856       -4.30744302599358
N          -14.09316566552112       35.76614076385258       -2.50043316890745
C          -12.96197650126987       36.41603165554960       -1.79542076783938
C          -12.39498800085685       35.30163260933313       -0.93132614663081
C          -12.44065213857971       34.10923268830732       -1.88354639199179
C          -13.74938884265839       34.32531791752166       -2.66567179569992
C          -14.92297051838277       33.54164599633078       -2.04504294520601
O          -15.74711107327653       34.18268515223036       -1.38679494816603
N          -15.00212178618793       32.23273399572513       -2.24637873192492
C          -16.09504366445071       31.47839946811630       -1.65620701330619
C          -15.55528593350936       30.40644677701450       -0.71284205488583
C          -14.59054582782724       29.49186125008204       -1.47809132614213
C          -13.46664776446769       30.34073694879176       -2.06964058139807
C          -14.06950163773652       31.40807323696561       -2.98840805709717
N          -14.09726675583037       28.43830948653856       -0.61840912129703
C          -12.93230200278939       28.36880005937872        0.08631824987356
N          -12.80765698815532       27.29802666724684        0.81114562392220
C          -13.96582713612578       26.58628338027858        0.60162547430247
C          -14.78971692645269       27.30396762920407       -0.29615078284047
C          -16.02845016938190       26.76760153817207       -0.65108037289598
C          -17.15046751629297       27.09130257336960       -1.45644358894395
C          -18.03914749340763       26.06413703585611       -1.32100441487019
N          -17.53878429346941       25.11726774930403       -0.47760113867761
C          -16.31257796894093       25.51298755518027       -0.04604814857977
N          -15.54153712216807       24.82097618307091        0.79953020883514
C          -14.38156493641675       25.35464536284521        1.11936892760338
H          -13.63993212916208       34.09339107971486       -3.72387105484370
H          -17.99273908258376       24.26154189853716       -0.20635374100552
H          -13.71264753086797       36.40008285759831       -4.46016447820388
H          -14.91787325208382       35.71895404008482       -1.85129255348459
H          -12.22842195686250       36.73610766068315       -2.53674412323431
H          -13.30320721419491       37.27150908545895       -1.21912272990814
H          -13.03396824936676       35.12665204686603       -0.06538587168876
H          -11.38982274679593       35.51929332932733       -0.58274257908722
H          -11.58828410364505       34.13421332312870       -2.56086747157032
H          -12.43128108037276       33.16346040845973       -1.34951350478406
H          -16.73998531827350       32.17341130443116       -1.11786998790555
H          -16.66978567850449       31.01015911328665       -2.46045997615975
H          -15.02891250934140       30.87156463479186        0.12280635650740
H          -16.38423748998245       29.82579369110119       -0.30840490030193
H          -15.13462630251805       28.99561273295568       -2.29070798483384
H          -12.91367654099297       30.82498562709988       -1.26441208736786
H          -12.77786067847326       29.71662773679407       -2.63790781744511
H          -14.61828328570685       30.91774923979789       -3.79840021773398
H          -13.27160597032885       32.00707951266191       -3.41691733969896
H          -12.17319168926647       29.12230792954786        0.04017079903780
H          -17.29211083549551       27.96685028280630       -2.05634588644442
H          -19.00363026319219       25.94173649326545       -1.77229818183242
H          -13.76200356193074       24.79356510765032        1.80311005146983
H          -15.57637952195661       34.74994131196636       -4.62936115674426
H          -16.57085810659635       35.74638073562084       -3.56620810272793
H          -16.13395753945667       36.32057400508477       -5.17008571077438
H          -13.96695113908496       38.47304233802397       -3.13985917778713
H          -15.25062531845126       38.39204618299755       -4.32781332620122
H          -15.60144097937475       37.99351203080658       -2.65432732638376
57
 energy: -81.182470716785 gnorm: 0.000027517596 xtb: 6.7.1 (edcfbbe)
C          -14.85064676350952       37.91769024813337       -3.43697322776929
C          -14.53831937078055       36.45797526938517       -3.74395940052883
C          -15.77491277267421       35.76761569343203       -4.30760568001795
N          -14.09331563258329       35.76618103640776       -2.50039373488815
C          -12.96231276918916       36.41619585843731       -1.79519242444310
C          -12.39527391353470       35.30182984012643       -0.93109028521489
C          -12.44056858512911       34.10954619115809       -1.88347427069226
C          -13.74934871424187       34.32538946622770       -2.66557654361056
C          -14.92282120308267       33.54161387022165       -2.04488434016222
O          -15.74702414659323       34.18259914683835       -1.38665296519611
N          -15.00187804098803       32.23268908149352       -2.24618086279109
C          -16.09476871787109       31.47832104524197       -1.65599177260391
C          -15.55495921499095       30.40624742891286       -0.71280292744524
C          -14.59031502736666       29.49171184158380       -1.47823199045727
C          -13.46642065807631       30.34060446382690       -2.06976388503192
C          -14.06931618422280       31.40808539223994       -2.98834422336082
N          -14.09705634243339       28.43804967942984       -0.61866725028979
C          -12.93200818883385       28.36831640699268        0.08589214243293
N          -12.80749887853498       27.29754807098351        0.81075965561215
C          -13.96583064896308       26.58602066379698        0.60139370807078
C          -14.78970155374441       27.30385694082607       -0.29628093466359
C          -16.02857882825985       26.76770904807332       -0.65104142734364
C          -17.15062996077954       27.09159122190388       -1.45628939591996
C          -18.03946055784804       26.06456872638546       -1.32075666442663
N          -17.53916652129752       25.11762388399522       -0.47739165207898
C          -16.31285242581760       25.51314475165751       -0.04596980795903
N          -15.54184081770458       24.82100346604889        0.79953443232218
C          -14.38172955203330       25.35446851267053        1.11921580605328
H          -13.63987631774346       34.09342005893896       -3.72376359941536
H          -17.99321256435496       24.26194472724588       -0.20615009016806
H          -13.71256882485849       36.40001677349327       -4.46010630659246
H          -14.91810783381048       35.71889822756803       -1.85136459248442
H          -12.22869409257954       36.73641194006226       -2.53639174931811
H          -13.30373689550364       37.27159423238334       -1.21889451799020
H          -13.03440491209948       35.12665748803659       -0.06530287580160
H          -11.39021762114827       35.51963708323414       -0.58228765853682
H          -11.58820925220997       34.13490735096183       -2.56078931210754
H          -12.43091680482495       33.16368914829224       -1.34960708559284
H          -16.73962327427326       32.17329817782372       -1.11750189218475
H          -16.66962434159839       31.01020158561976       -2.46023892876293
H          -15.02847506342523       30.87124945139609        0.12284200613748
H          -16.38389284755484       29.82558324081802       -0.30834099434849
H          -15.13446966395746       28.99556838790782       -2.29086568554792
H          -12.91334623402744       30.82470397836599       -1.26451830614723
H          -12.77772529542095       29.71654292355696       -2.63819603787108
H          -14.61814607625743       30.91788135157065       -3.79838184901257
H          -13.27142211896541       32.00712506020675       -3.41681060587807
H          -12.17273829054082       29.12165794785288        0.03960785291590
H          -17.29218076566033       27.96717241281473       -2.05616646668671
H          -19.00400743917582       25.94232927146991       -1.77195450015535
H          -13.76222393588017       24.79331505911426        1.80294729128600
H          -15.57633991588156       34.74966753513883       -4.62910476196454
H          -16.57098165269355       35.74659269857431       -3.56657232037016
H          -16.13359075917072       36.32017760251178       -5.17054095447092
H          -13.96719934823795       38.47304121526667       -3.13983416084879
H          -15.25048760274199       38.39192470362801       -4.32819428808935
H          -15.60182426029908       37.99349311572809       -2.65479768553085
