42
 energy: -67.872615245953 gnorm: 0.166481429850 xtb: 6.7.1 (edcfbbe)
C          -14.67952309200000       29.42393964700000       -2.95268778100000
C          -14.38634093100000       29.87289834200000       -1.51704269500000
C          -13.28745177000000       30.96716702500000       -1.50319435700000
C          -13.79436047400000       32.28037928200000       -2.12418555700000
N          -15.03314027200000       32.74189225800000       -1.43253733600000
C          -16.12613899300000       31.72713632400000       -1.37100233800000
C          -15.60675546900000       30.42525914000000       -0.74404259500000
S          -15.50475152100000       34.36557293200000       -1.68277333400000
O          -16.56805922200000       34.63213570300000       -0.70311692200000
O          -14.28807582200000       35.17431985100000       -1.52480929500000
C          -16.11211095300000       34.48305208399999       -3.27203360800000
N          -13.89155380400000       28.65108836900000       -0.76932409200000
C          -12.59420048400000       28.48139016800000       -0.21578909400000
N          -12.41346275500000       27.25395386900000        0.30313329000000
C          -13.61687441100000       26.56753233300000        0.08744391700000
C          -14.55664192600000       27.42688809400000       -0.58739946100000
C          -15.83341189400000       26.89694866100000       -0.89432099800000
C          -17.05053697700000       27.31226629300000       -1.51562477800000
C          -17.93598180000000       26.23906934100000       -1.48698742300000
N          -17.32613838000000       25.14298867200000       -0.86379602800000
C          -16.03512854800000       25.52304932400000       -0.49047927700000
N          -15.12915189300000       24.69215887500000        0.15791249800000
C          -13.94011487100000       25.22295431900000        0.43954320900000
H          -12.98656430100000       31.18487615000000       -0.44712189600000
H          -12.39320469400000       30.63262263400000       -2.08360533400000
H          -13.00300035100000       33.06755290100000       -1.97443357000000
H          -13.96949688400000       32.13926485200000       -3.22365978200000
H          -16.94120765600000       32.14006003700000       -0.71313330800000
H          -16.54167031300000       31.51479426300000       -2.39183560000000
H          -16.43672525000000       29.68415247300000       -0.71118389900000
H          -15.29467087000000       30.63524662700000        0.31218288000000
H          -11.83803119600000       29.26205050500000       -0.21203662300000
H          -17.27326697600000       28.27258863600000       -1.94173979100000
H          -18.94843708000000       26.18274368100000       -1.86491791400000
H          -13.19914290300000       24.59559009200000        0.95591163200000
H          -17.74215506700000       24.23189941300000       -0.70909636700000
H          -15.44461999400000       28.61842200200000       -2.98787553000000
H          -15.05211165100000       30.28090854200000       -3.55918316700000
H          -13.74719140400000       29.03684017200000       -3.42831997300000
H          -16.43008463400000       35.53487759000000       -3.52977059600000
H          -17.02346439600000       33.84823092300000       -3.44843454200000
H          -15.36464812000000       34.19893760000000       -4.06203256500000
42
 energy: -67.901951740510 gnorm: 0.077726937352 xtb: 6.7.1 (edcfbbe)
C          -14.67751979325486       29.42455240568616       -2.94348272226153
C          -14.37701306494858       29.85488471168343       -1.50505700860740
C          -13.30136896379491       30.96227986056883       -1.49943769288113
C          -13.81258330858354       32.27209793228941       -2.11509074207594
N          -15.03006713007997       32.72734554345182       -1.43215881781745
C          -16.10640181576991       31.72951757291012       -1.37407419033819
C          -15.59366452186934       30.42821115089495       -0.75070560185270
S          -15.49842011860208       34.33475581413323       -1.68339111764849
O          -16.55886446665001       34.60971770773234       -0.71627991583563
O          -14.29359544672899       35.14696949970384       -1.53250806438725
C          -16.12171711661478       34.47894975924069       -3.30061760452861
N          -13.89406179549101       28.64181309909905       -0.77335602766072
C          -12.63257545995724       28.45877496471032       -0.22331725486608
N          -12.44657315581605       27.26604955622111        0.28625468965158
C          -13.63143895011453       26.58506665298542        0.07609978854579
C          -14.55664735834074       27.43446900642976       -0.59208255410049
C          -15.82621706471540       26.89892558015643       -0.89278787447689
C          -17.04384571447545       27.30170796798454       -1.51078097531930
C          -17.90414103366543       26.23660649839219       -1.47416584999035
N          -17.29363731761475       25.16647115460999       -0.85935550980979
C          -16.02321045270546       25.54074058220249       -0.49125878418308
N          -15.13675976714124       24.73105444265360        0.14315594515012
C          -13.95948857464581       25.25694081634349        0.42140169068716
H          -12.99878473008531       31.17388950101181       -0.46466986979248
H          -12.41696313516715       30.63984283991450       -2.06681098775185
H          -13.05388997276114       33.06025130501504       -1.97727324540310
H          -13.98110694581467       32.14540628514528       -3.19873830954352
H          -16.90400565078650       32.15411496239729       -0.74286795702969
H          -16.52347946786681       31.52917201118062       -2.37664830852949
H          -16.41340345550519       29.70230045837643       -0.71420824524248
H          -15.29195642631188       30.62934913644210        0.28829820542057
H          -11.87872812052787       29.22558203442796       -0.21451541018868
H          -17.27870793998713       28.25686915913262       -1.93833848106427
H          -18.91195837217626       26.17159372924316       -1.84648708598731
H          -13.23450822188445       24.62477827335332        0.93134142362639
H          -17.70832920017144       24.25896788967950       -0.70425582336719
H          -15.42481106278802       28.63008616303537       -2.98016555643260
H          -15.04373156383949       30.26247749246357       -3.54223853204870
H          -13.76423521058888       29.04509113359244       -3.41446336778535
H          -16.41740074485474       35.51936352122060       -3.50529576400866
H          -17.01103363423847       33.85021551809026       -3.43198183536425
H          -15.36275375506451       34.19844630519484       -4.04108465490093
42
 energy: -67.909437317328 gnorm: 0.027698230652 xtb: 6.7.1 (edcfbbe)
C          -14.67659858729721       29.42003609975354       -2.94005393327945
C          -14.37751375329491       29.85213588703408       -1.50183772134869
C          -13.30337050543195       30.95597935757061       -1.49292323370224
C          -13.82647966138858       32.25946798246268       -2.10970321099256
N          -15.02518998754680       32.70503234680179       -1.42865491383577
C          -16.09310037397892       31.72652470960759       -1.37945209461526
C          -15.59272093460224       30.42574346384594       -0.74950896231667
S          -15.48640015036999       34.29217135470633       -1.67502696720662
O          -16.54561498731513       34.57482007196320       -0.72289710314096
O          -14.29306123681221       35.10675341562455       -1.53314086485124
C          -16.12600758238765       34.46621150847099       -3.32180762598176
N          -13.90239246684165       28.65243081993953       -0.78402472214973
C          -12.66664789253856       28.46018218874119       -0.23601913369286
N          -12.47142890452129       27.28909451499966        0.27164658711929
C          -13.64424688796715       26.60994925706692        0.06437851344952
C          -14.56220518322522       27.45549904299419       -0.60173331305094
C          -15.82493380244398       26.91466541807436       -0.89809623585892
C          -17.04431475466734       27.30637970980008       -1.51421775897399
C          -17.88335633545097       26.23587144532755       -1.46646281073037
N          -17.26766688709046       25.18734005412679       -0.85562226424023
C          -16.01363227864364       25.56365306486097       -0.49420161845141
N          -15.14221062063260       24.76849587599685        0.13026137280363
C          -13.97110700426359       25.29171872507855        0.40689425723904
H          -13.00917864766390       31.16704548067086       -0.46707753449152
H          -12.42622180727666       30.64366355132398       -2.05789922942740
H          -13.08724933103577       33.04805086126358       -1.97445227940949
H          -14.00037357773558       32.13104550209538       -3.18318352718919
H          -16.87712308581191       32.15927917274690       -0.76015252045919
H          -16.50061582579345       31.52949496255882       -2.37673874388263
H          -16.40830664073075       29.70896497424721       -0.72031077856170
H          -15.28897659091802       30.62823781027752        0.27702585202846
H          -11.91117540653980       29.21697541559187       -0.22531982856374
H          -17.29025491429279       28.25702255209504       -1.94244105478675
H          -18.88818698579122       26.15662854126545       -1.83230712085799
H          -13.25849420781351       24.65577939749893        0.91298697396872
H          -17.67460345470175       24.28035780011739       -0.69582693171001
H          -15.41384895961663       28.62801573303712       -2.96515510053963
H          -15.04266655363281       30.25206532425397       -3.52622789426268
H          -13.76621675036954       29.04848920424502       -3.40143179967160
H          -16.40000406983005       35.50421044803495       -3.47054793257128
H          -17.00177290376728       33.84132726094476       -3.41742209462362
H          -15.35412950996647       34.18888969188337       -4.02471469718036
42
 energy: -67.910432611833 gnorm: 0.014927234306 xtb: 6.7.1 (edcfbbe)
C          -14.67793195069425       29.41805109980185       -2.94208113630867
C          -14.38008728959389       29.85357044888814       -1.50478292435774
C          -13.30463414831532       30.95369858419169       -1.49248719496390
C          -13.82928905312513       32.25335703285155       -2.11214999239820
N          -15.02228909046224       32.69103727230274       -1.42239367162352
C          -16.09462179143178       31.72110660844878       -1.38369636221174
C          -15.59649591196911       30.42155696047062       -0.75218956201218
S          -15.47733388365419       34.26897330977323       -1.66093997672840
O          -16.53808374275933       34.55218618068358       -0.71485536771743
O          -14.28584825574338       35.08204172536448       -1.52199401179751
C          -16.12055767528445       34.45184442891896       -3.31927625552435
N          -13.90521655214808       28.66314970246120       -0.78900544520269
C          -12.67097344620528       28.47591919910204       -0.24082924526184
N          -12.47338303320310       27.30402112234236        0.27110114976671
C          -13.64743828374196       26.62550627252498        0.06322950133487
C          -14.56713740539179       27.46954230572619       -0.60626277113768
C          -15.82900326288696       26.93124248092991       -0.90427408893331
C          -17.05066655364858       27.31682923097321       -1.52164752848549
C          -17.88422387465849       26.23943532052479       -1.46814054737013
N          -17.26257885548858       25.19705192738881       -0.85497447611744
C          -16.01157446640645       25.57969111343094       -0.49585170075531
N          -15.14130653124399       24.78508110086280        0.12994958628247
C          -13.97029933459408       25.30925390457516        0.40748073312011
H          -13.01629931314885       31.16542361781611       -0.46438906069923
H          -12.42656408317022       30.64010752376810       -2.05485465134694
H          -13.09442014202753       33.04819535630804       -1.98518949939897
H          -14.01381504551318       32.11534290191690       -3.18332000594081
H          -16.88206228919542       32.16047679345451       -0.77212922586229
H          -16.49041615492549       31.52342514519136       -2.38634426183660
H          -16.41053204362562       29.70329087366125       -0.72596257519730
H          -15.29174213552800       30.62496317357749        0.27435228807431
H          -11.91496116607374       29.23228771621648       -0.23236928227248
H          -17.30262013907536       28.26432554210142       -1.95240449856856
H          -18.88853007670310       26.15047540720425       -1.83121620289659
H          -13.25861918265922       24.67422718275082        0.91259377110877
H          -17.66071885103502       24.28797288286783       -0.68944643577699
H          -15.40775777044738       28.61780871005217       -2.95920103505784
H          -15.05221584376728       30.24504248711946       -3.53135405178531
H          -13.76308497270065       29.05104422363463       -3.39978714483863
H          -16.38551311700553       35.49492869023787       -3.44351775904224
H          -16.99732783402474       33.82688573238683       -3.40774761414991
H          -15.34142544872309       34.17532870619663       -4.01504146610841
42
 energy: -67.910843788129 gnorm: 0.004273345619 xtb: 6.7.1 (edcfbbe)
C          -14.67774533808113       29.41366421567575       -2.94630678740689
C          -14.38111069792772       29.85456225849983       -1.50966752976741
C          -13.30589394143095       30.95391971124386       -1.49706563778145
C          -13.83426062635844       32.24852739197985       -2.11807106479041
N          -15.02091290897036       32.68179449378748       -1.41426659854699
C          -16.09676615552402       31.71457153923733       -1.38984855077876
C          -15.60188308840593       30.41543349155254       -0.75829761484471
S          -15.46862801381108       34.25199010363470       -1.63942125755452
O          -16.53317054511310       34.53444670368707       -0.69995075006663
O          -14.27779408515095       35.06358101211934       -1.50319732932429
C          -16.11254739163424       34.43973414641282       -3.30927845837086
N          -13.90422250628409       28.67197917180711       -0.79388284924026
C          -12.66974129020220       28.49034318083451       -0.24388806242678
N          -12.47369392714365       27.31736849473700        0.27461160600810
C          -13.64926151808224       26.63931213133120        0.06603356054166
C          -14.56965185700303       27.48158713633533       -0.60856502827555
C          -15.83223900506531       26.94753806622661       -0.90912138713873
C          -17.05574484407549       27.32670720781162       -1.52927864453103
C          -17.88678085389852       26.24529084453793       -1.47157770408553
N          -17.26137049988009       25.20732503006694       -0.85363877279663
C          -16.01126214836604       25.59569966314111       -0.49511570959159
N          -15.14187018248552       24.80012378917040        0.13413208146415
C          -13.96948222745151       25.32446857313768        0.41333314329393
H          -13.02298230467588       31.16849107933488       -0.46649861427332
H          -12.42468109353553       30.63697178907115       -2.05423852942574
H          -13.10095006365516       33.04793059633357       -2.00447890445202
H          -14.03275092728874       32.10131698654371       -3.18682174569853
H          -16.89175870026124       32.15522773716706       -0.78746065535289
H          -16.47975248587760       31.51825544535839       -2.39919891535644
H          -16.41293288225752       29.69266714671487       -0.73446367736880
H          -15.29985051247120       30.61874277210591        0.27048304858966
H          -11.91320455201272       29.24665989037599       -0.23688412260161
H          -17.31291815387475       28.27030915135069       -1.96515399219100
H          -18.89056392634209       26.14847593071962       -1.83380827265885
H          -13.25801251584791       24.69129738075473        0.92050686926140
H          -17.65047055973294       24.29575116232026       -0.68113950689901
H          -15.39709214712018       28.60214303675720       -2.95775537742031
H          -15.06662243002283       30.23190105648533       -3.54041150233540
H          -13.75847721753472       29.05646473995761       -3.40581867011311
H          -16.37073037558910       35.48392350312057       -3.41801227077250
H          -16.98981432531686       33.81544337518131       -3.39826612923000
H          -15.33000117623722       34.16375886237952       -4.00164968568918
42
 energy: -67.910926000478 gnorm: 0.002962698670 xtb: 6.7.1 (edcfbbe)
C          -14.67601186674868       29.40966907720783       -2.95045927808316
C          -14.38027684528414       29.85345982155003       -1.51418085672502
C          -13.30709699350500       30.95506793481611       -1.50211147012289
C          -13.83821275091339       32.24718852686047       -2.12324064293467
N          -15.02186726777332       32.67983136443278       -1.41191153754308
C          -16.09815146707261       31.71149601956971       -1.39385450025776
C          -15.60330409576469       30.41233257841628       -0.76396528371853
S          -15.46659973797301       34.24927534525658       -1.62766027123211
O          -16.53361921721566       34.52953595423985       -0.69044152358715
O          -14.27523920563242       35.05991305783268       -1.49078412722263
C          -16.10879004117962       34.43948234619574       -3.30117818711073
N          -13.90157296721417       28.67301777820323       -0.79615496105870
C          -12.66761499633201       28.49289430367857       -0.24336560862804
N          -12.47376669128363       27.32052299164828        0.27828106363570
C          -13.64981356244659       26.64302015444262        0.07060473217967
C          -14.56858281676646       27.48403244454839       -0.60774561133259
C          -15.83179124281311       26.95172895154182       -0.90953057333207
C          -17.05451157413296       27.32893465641094       -1.53268205137846
C          -17.88652829725598       26.24846882152584       -1.47336480736088
N          -17.26242446303753       25.21160777505883       -0.85149773924873
C          -16.01216393526986       25.60093912051952       -0.49203564422581
N          -15.14443273423615       24.80548220879124        0.14052093805424
C          -13.97145321955146       25.32914217583112        0.42074049565472
H          -13.02479284529827       31.17121884178227       -0.47126388834586
H          -12.42476270260237       30.63795058647287       -2.05788590467552
H          -13.10474887822106       33.04747253381053       -2.01677724647549
H          -14.04562455685313       32.09801581459573       -3.19011909920824
H          -16.89698112040715       32.14945385329585       -0.79453830027085
H          -16.47509502568436       31.51835176771360       -2.40619431766962
H          -16.41298528495161       29.68765835443756       -0.74256086494866
H          -15.30402199552089       30.61380759888286        0.26644610495079
H          -11.91060238385455       29.24879600242010       -0.23744041561138
H          -17.31219731140374       28.27055473026739       -1.97287676882177
H          -18.88988237261062       26.15072262467931       -1.83671350781245
H          -13.26042587337229       24.69678430375015        0.93012034219100
H          -17.64908842003080       24.29965154589750       -0.67542284358587
H          -15.38788444758645       28.59118015657790       -2.96009692809841
H          -15.07480183407978       30.22337467549483       -3.54474545662833
H          -13.75449728941951       29.06102137420615       -3.41273672848791
H          -16.36578962272477       35.48368512934481       -3.40794075544745
H          -16.98606447493729       33.81532976576820       -3.39353634835260
H          -15.32552757303870       34.16362693102448       -3.99309962712104
42
 energy: -67.911008106607 gnorm: 0.003674823179 xtb: 6.7.1 (edcfbbe)
C          -14.67196775663016       29.40293496643935       -2.95729844988301
C          -14.37849127051800       29.85104131684360       -1.52174658996024
C          -13.30827214107229       30.95608736722172       -1.51132459421393
C          -13.84461289996009       32.24542633321366       -2.13140410848769
N          -15.02397387800441       32.67783309185153       -1.41012945502640
C          -16.09970124885929       31.70714252096221       -1.39951509818683
C          -15.60463718119024       30.40711979384539       -0.77321434332954
S          -15.46582814194136       34.24840793228713       -1.61197723905307
O          -16.53615962268465       34.52348826460444       -0.67662752915283
O          -14.27334668558772       35.05734943375197       -1.47169164016790
C          -16.10428184755651       34.44427098609012       -3.28846456372904
N          -13.89740451393128       28.67266455160969       -0.79979970230421
C          -12.66449253411088       28.49374255556242       -0.24307960199561
N          -12.47469953172128       27.32405062056107        0.28562128813465
C          -13.65070145674942       26.64670557703492        0.07850579470133
C          -14.56618378564564       27.48544729240403       -0.60611572364639
C          -15.82993401528748       26.95464299600856       -0.90945941705281
C          -17.05008876066169       27.33012924119055       -1.53831229047567
C          -17.88476192447086       26.25239834779768       -1.47612612907000
N          -17.26480976756059       25.21714888442974       -0.84674745159981
C          -16.01424429093644       25.60646862194323       -0.48562566654628
N          -15.14960913191456       24.81228181915055        0.15305329042284
C          -13.97607861045738       25.33461420680620        0.43396108495998
H          -13.02581829867265       31.17408416177439       -0.48075996502342
H          -12.42485475848454       30.64067546006530       -2.06667858073185
H          -13.11117310775965       33.04664525387894       -2.03426964165913
H          -14.06435103948559       32.09413161581838       -3.19524674956342
H          -16.90258577389579       32.14030558535107       -0.80252847471543
H          -16.47015043490621       31.51912259616402       -2.41489999015971
H          -16.41313311560042       29.68088166279838       -0.75569721829273
H          -15.30865421010211       30.60544309747328        0.25894648334142
H          -11.90675610307582       29.24897667444649       -0.23939712895431
H          -17.30648106617041       28.26883572644941       -1.98604060662296
H          -18.88732921882529       26.15518436032240       -1.84207018400389
H          -13.26693775440856       24.70379392037626        0.94859462668770
H          -17.65004502893748       24.30563910347751       -0.66529990736528
H          -15.37036384553543       28.57267542453431       -2.96484807101754
H          -15.08738594334030       30.20999457707346       -3.54961283236783
H          -13.74684519080338       29.07006307805284       -3.42437487885260
H          -16.36110005859681       35.48841535026521       -3.39545702175067
H          -16.98143021523808       33.82032975679446       -3.38654447426746
H          -15.31992384070905       34.16910587227500       -3.97969724901599
42
 energy: -67.911073649844 gnorm: 0.004239711755 xtb: 6.7.1 (edcfbbe)
C          -14.66719435809949       29.39639214412658       -2.96480093715141
C          -14.37645700792312       29.84796718351776       -1.52985031018785
C          -13.30920201066740       30.95616716402017       -1.52036821220872
C          -13.85051063000183       32.24381902705701       -2.13920726771043
N          -15.02607678252518       32.67521110070434       -1.41001255017933
C          -16.10094966889915       31.70305404550729       -1.40461142202225
C          -15.60478572411637       30.40168718999877       -0.78245951507794
S          -15.46651190766021       34.24801475200993       -1.59919510783174
O          -16.53917922262918       34.51613139054631       -0.66415017656931
O          -14.27293329155279       35.05483067995871       -1.45293644247143
C          -16.10091068024392       34.45278997299684       -3.27641282141989
N          -13.89385036807317       28.67138000843107       -0.80418189982142
C          -12.66253652829502       28.49392558632941       -0.24313260075405
N          -12.47555094989305       27.32702254210514        0.29176457516164
C          -13.65207928448834       26.65010152431053        0.08690532388323
C          -14.56411572306714       27.48590721455030       -0.60498779130273
C          -15.82790313895532       26.95549864569092       -0.90947957034666
C          -17.04471809458656       27.32955923698484       -1.54518833101624
C          -17.88244081924007       26.25473935589898       -1.47875006165775
N          -17.26743298053155       25.22187798404379       -0.84044943523697
C          -16.01684135012612       25.61072247207819       -0.47779056337951
N          -15.15546228328804       24.81906784365276        0.16831398639821
C          -13.98178414870737       25.34045210342446        0.44924746366407
H          -13.02577970155835       31.17506754635747       -0.49036905226688
H          -12.42559355603324       30.64333818002580       -2.07677809828708
H          -13.11750611130022       33.04587470041505       -2.04910050507348
H          -14.07969270054695       32.09034228972067       -3.20037353605420
H          -16.90604267897034       32.13187794123925       -0.80784185751001
H          -16.46792287723951       31.51939037134882       -2.42170255766104
H          -16.41257649495492       29.67477337446889       -0.76871857836750
H          -15.31102579891133       30.59674369669960        0.25085001906484
H          -11.90396199114163       29.24839645465367       -0.24287369297081
H          -17.29810343699426       28.26511811829275       -2.00152375180142
H          -18.88407761703582       26.15849477166450       -1.84770323265162
H          -13.27500049201740       24.71109943937343        0.96919941678550
H          -17.65308067908808       24.31166726801898       -0.65356307349588
H          -15.35017552102864       28.55327361122656       -2.97079831341312
H          -15.10044036819357       30.19657762546118       -3.55387184243737
H          -13.73821109715856       29.08138511116524       -3.43668355333095
H          -16.35801024207626       35.49726716483782       -3.38328283457160
H          -16.97792070963419       33.82932846675190       -3.37989568159146
H          -15.31505097454608       34.17936469933553       -3.96663560712414
42
 energy: -67.911154894624 gnorm: 0.003881927585 xtb: 6.7.1 (edcfbbe)
C          -14.66088359656765       29.38936121865486       -2.97444361495044
C          -14.37378937440413       29.84395701669099       -1.53990320507965
C          -13.30960268660497       30.95515100378244       -1.53101346486970
C          -13.85689942907285       32.24164831608850       -2.14804825538729
N          -15.02854561306368       32.67075625737360       -1.41153775854350
C          -16.10224428519427       31.69784725475671       -1.41026930772579
C          -15.60436025029170       30.39438535952169       -0.79340445616211
S          -15.46847487406217       34.24673103478568       -1.58651143492157
O          -16.54295428858470       34.50474021091585       -0.65046147855824
O          -14.27385699249143       35.05064600124866       -1.43037709110758
C          -16.09786333649197       34.46588725611551       -3.26266539621397
N          -13.88996433618919       28.66929119125383       -0.81093175916634
C          -12.66055184290610       28.49368463612327       -0.24561667166530
N          -12.47735432627294       27.33143422627152        0.30005999354792
C          -13.65409760984593       26.65440663210184        0.09655809460006
C          -14.56218197535290       27.48622107283267       -0.60464586161910
C          -15.82563280294849       26.95547122313994       -0.91001756235525
C          -17.03792302922811       27.32746574960994       -1.55519881799544
C          -17.87941207039326       26.25605720062827       -1.48204862900244
N          -17.27093636111685       25.22745263215367       -0.83084685271192
C          -16.02054000886749       25.61558841885946       -0.46685861369527
N          -15.16317980710737       24.82808113481958        0.18943745332431
C          -13.98917095003820       25.34851773424998        0.46890605399763
H          -13.02500660068167       31.17447884276399       -0.50168511410362
H          -12.42608300825748       30.64597084494874       -2.08939288049487
H          -13.12494610297407       33.04482992768693       -2.06378220163504
H          -14.09393073300120       32.08546436428545       -3.20668271980032
H          -16.90815560403436       32.12221418874182       -0.81174947992244
H          -16.46825805074473       31.51843171204558       -2.42821580532803
H          -16.41150544428831       29.66700032593628       -0.78378866495111
H          -15.31216308493514       30.58577047132722        0.24077572576856
H          -11.90101198170349       29.24726559816889       -0.24985296932615
H          -17.28597657858677       28.25873381591054       -2.02327278476057
H          -18.87970688217807       26.16062590657205       -1.85496117887549
H          -13.28635945557559       24.72166186889639        0.99728425980129
H          -17.65893151909659       24.31970861605966       -0.63705510662939
H          -15.32275916452817       28.52936613421983       -2.97910868799453
H          -15.11755738619235       30.18046977273158       -3.55832033977904
H          -13.72714164544911       29.09864380877422       -3.45267321985339
H          -16.35518334351098       35.51109453516128       -3.36705578010204
H          -16.97471692959304       33.84328899866000       -3.37249830474357
H          -15.30978663957224       34.19589748413270       -3.95152611100486
42
 energy: -67.911249910550 gnorm: 0.003250382725 xtb: 6.7.1 (edcfbbe)
C          -14.65326682578540       29.38224243765363       -2.98769706168361
C          -14.37019439220165       29.83861204630057       -1.55305649063092
C          -13.30954905109735       30.95295410359680       -1.54353273931471
C          -13.86343544427876       32.23866919637985       -2.15841231367760
N          -15.03133300844603       32.66343826608990       -1.41518762405275
C          -16.10372160706750       31.69058053523166       -1.41714946133009
C          -15.60320038886782       30.38438521946755       -0.80696762873188
S          -15.47129034359557       34.24311502688605       -1.57300743384901
O          -16.54693870532003       34.48748131185089       -0.63460258781719
O          -14.27592596167961       35.04326093438552       -1.40237824125012
C          -16.09496093265783       34.48392231605031       -3.24631160498982
N          -13.88537038855714       28.66634539207833       -0.82126402254964
C          -12.65893088729417       28.49417324518253       -0.24957663621126
N          -12.47913814927449       27.33703274353173        0.30772714892044
C          -13.65741973623479       26.66088746961794        0.10895152433515
C          -14.56052637874107       27.48683746386589       -0.60545340124552
C          -15.82325891144138       26.95509251730069       -0.91150062959532
C          -17.02967332077122       27.32322176238847       -1.56987811393557
C          -17.87567335639210       26.25586975904361       -1.48643095304593
N          -17.27542917623520       25.23435700703165       -0.81681282496039
C          -16.02568589274844       25.62219603927140       -0.45137722794579
N          -15.17371408573161       24.84110562099507        0.21953862521308
C          -13.99915305973423       25.36092704182642        0.49640733376300
H          -13.02400244649409       31.17224218507337       -0.51470294059604
H          -12.42611129409081       30.64816144398770       -2.10417993172303
H          -13.13320855685748       33.04348567726773       -2.07821949018656
H          -14.10618950139816       32.07958393588563       -3.21509025165377
H          -16.90908275224186       32.11038630112034       -0.81477888327401
H          -16.47158741858474       31.51548597521423       -2.43525749962964
H          -16.40934928827742       29.65617243588598       -0.80196005888921
H          -15.31228461374502       30.57160893528090        0.22811800632335
H          -11.89769778252621       29.24611834407657       -0.26061800125259
H          -17.26958068870406       28.24833237193304       -2.05423470955692
H          -18.87398931026337       26.16014599557795       -1.86453714942394
H          -13.30119932640123       24.73738302874746        1.03485551234678
H          -17.66812185478402       24.33060179887853       -0.61381616050072
H          -15.28704212253178       28.50094182478434       -2.99128516457849
H          -15.14027558363378       30.16119722360846       -3.56385745635797
H          -13.71434074046446       29.12367010782470       -3.47464437001503
H          -16.35171669560365       35.53052577563641       -3.34274131593802
H          -16.97180494542734       33.86297142825164       -3.36434700159855
H          -15.30422507581677       34.21997775394073       -3.93413076890430
42
 energy: -67.911332057188 gnorm: 0.003203975086 xtb: 6.7.1 (edcfbbe)
C          -14.64669209275004       29.37682684190387       -3.00205850680009
C          -14.36661278002435       29.83308480422046       -1.56673607649060
C          -13.30908180446697       30.95002590726254       -1.55556669725142
C          -13.86836424044185       32.23526468037907       -2.16830861490179
N          -15.03394784528060       32.65465262159954       -1.42051305522687
C          -16.10535394370744       31.68234776372374       -1.42452972636452
C          -15.60208983601525       30.37371714284150       -0.82075488318982
S          -15.47362383058562       34.23723978105974       -1.56043230284725
O          -16.54970725540791       34.46799608665759       -0.61926740772453
O          -14.27809611307439       35.03361196559620       -1.37421128419363
C          -16.09255794893784       34.50278833947484       -3.23013064357016
N          -13.88063012200249       28.66304992469771       -0.83370336959048
C          -12.65677073112381       28.49464521111340       -0.25661746424849
N          -12.48207885719253       27.34432017815593        0.31738923131866
C          -13.66095887491425       26.66824161443087        0.12074647858256
C          -14.55936695351243       27.48781352429939       -0.60719476459170
C          -15.82125852185884       26.95484446348624       -0.91356687210556
C          -17.02175824777391       27.31719985994200       -1.58627249148546
C          -17.87187731917698       26.25381486690133       -1.49119569656426
N          -17.27982812084752       25.24130474680195       -0.80086696782770
C          -16.03097916191385       25.62973439712734       -0.43437043958840
N          -15.18476220693010       24.85600703124516        0.25235190496402
C          -14.00899834259557       25.37530800156581        0.52521170065207
H          -13.02371620451155       31.16895704649161       -0.52669586226018
H          -12.42515926758955       30.64903658635238       -2.11736115483932
H          -13.14008722010658       33.04188373957335       -2.08914765277270
H          -14.11342297351194       32.07464717448934       -3.22431249313227
H          -16.90929329043507       32.09851756912855       -0.81758246580203
H          -16.47678828882353       31.51104495279629       -2.44238558764505
H          -16.40682902296344       29.64405604926807       -0.81998777790541
H          -15.31228886205826       30.55710697372745        0.21530593995542
H          -11.89374117432594       29.24470537043033       -0.27420491659079
H          -17.25259112413630       28.23511780466473       -2.08840054962071
H          -18.86787040119548       26.15588125317024       -1.87473860068563
H          -13.31683817924457       24.75675518606398        1.07675094777618
H          -17.67843429391294       24.34233912053400       -0.58796814192297
H          -15.25220655772864       28.47597652573623       -3.00544971181934
H          -15.16314279107222       30.14313504424829       -3.56934525008255
H          -13.70458487661026       29.15038426357442       -3.49858545222260
H          -16.34758076309200       35.55115084383700       -3.31286847688643
H          -16.96977642697173       33.88437924037980       -3.35740708628881
H          -15.29985313317502       34.24678550005046       -3.91841775820196
42
 energy: -67.911393306826 gnorm: 0.003233699241 xtb: 6.7.1 (edcfbbe)
C          -14.64266786499389       29.37397509376570       -3.01532339703225
C          -14.36375893636296       29.82825950963505       -1.57890670545655
C          -13.30850481982743       30.94706713998680       -1.56515375116857
C          -13.87067706266249       32.23215517177449       -2.17608030728593
N          -15.03603983742938       32.64653004232338       -1.42663822461499
C          -16.10673461085039       31.67446125026015       -1.43163741656568
C          -15.60142939704999       30.36417796339990       -0.83279296571047
S          -15.47459617271104       34.23063195799597       -1.55035094504035
O          -16.55060596403028       34.45097493186793       -0.60691541982083
O          -14.27934082010116       35.02388008820864       -1.35101999411063
C          -16.09084197263763       34.51920953548423       -3.21650703781451
N          -13.87667312061596       28.65986460085668       -0.84554024427723
C          -12.65549640380721       28.49585873391366       -0.26212161374086
N          -12.48375753552173       27.35024964368808        0.32215088670257
C          -13.66452094674080       26.67550691167172        0.13147172916312
C          -14.55873044854197       27.48866648373304       -0.60917944554598
C          -15.81981398507762       26.95443346878331       -0.91561223786399
C          -17.01538102394482       27.31010965352612       -1.60089370128080
C          -17.86853014478077       26.25009525193175       -1.49539840553410
N          -17.28315219676150       25.24659613939290       -0.78648986707795
C          -16.03540115198005       25.63665171094424       -0.41880250119277
N          -15.19454446304700       24.87021670618809        0.28258596077933
C          -14.01777572147263       25.38959023224778        0.55230673047810
H          -13.02451970359160       31.16526249620936       -0.53565404082501
H          -12.42348816257530       30.64858833151748       -2.12655785157628
H          -13.14410680829428       33.04029915079146       -2.09484976097892
H          -14.11484100662753       32.07221770298038       -3.23268122798684
H          -16.90913399406779       32.08832878488025       -0.82085043998877
H          -16.48178546006394       31.50616545757254       -2.44909333449902
H          -16.40471771563037       29.63283087424260       -0.83542521557361
H          -15.31281692468770       30.54461961767181        0.20425482023378
H          -11.89027297455841       29.24352015272169       -0.28631234689018
H          -17.23833776701735       28.22109959180330       -2.11854324927852
H          -18.86232780193506       26.14846302720192       -1.88351150874332
H          -13.32954896151558       24.77570278282093        1.11345054707960
H          -17.68747721434145       24.35232143783198       -0.56467174512596
H          -15.22540421714023       28.45893765137495       -3.01912119757597
H          -15.18209029315050       30.12996524813774       -3.57397896052007
H          -13.69986674126690       29.17336191763890       -3.52022900487520
H          -16.34341343069432       35.56915590005548       -3.28276155073119
H          -16.96890057108138       33.90403278636239       -3.35283341141210
H          -15.29757565281112       34.27166486560849       -3.90718164671227
42
 energy: -67.911436038055 gnorm: 0.002768572468 xtb: 6.7.1 (edcfbbe)
C          -14.64049910460048       29.37222109451074       -3.02730691333134
C          -14.36179041408441       29.82411455727630       -1.58977875176965
C          -13.30837149118304       30.94449792591751       -1.57310202615115
C          -13.87154084836145       32.22943940023795       -2.18255474363842
N          -15.03803144767856       32.63971365606955       -1.43288830228321
C          -16.10825108607255       31.66727579535136       -1.43899562603542
C          -15.60148228169989       30.35612322777581       -0.84375892250420
S          -15.47414306157143       34.22427139713933       -1.54091400129554
O          -16.55024195870316       34.43716964803604       -0.59607670504372
O          -14.27902851690006       35.01467393824600       -1.33132408803311
C          -16.08914842698363       34.53356168570416       -3.20397987336894
N          -13.87305669716369       28.65664313087018       -0.85678739569876
C          -12.65341530927634       28.49616493592024       -0.26909495362177
N          -12.48633240377953       27.35645931492581        0.32906828889042
C          -13.66742293525890       26.68180584398653        0.14036886597482
C          -14.55806865370157       27.48918367872340       -0.61097128830617
C          -15.81858862144106       26.95394136966052       -0.91727837006566
C          -17.00987395085536       27.30266022155837       -1.61360881153414
C          -17.86542822159267       26.24567369192241       -1.49902221557777
N          -17.28573222031689       25.25065725078368       -0.77356918954937
C          -16.03892107522699       25.64286152009644       -0.40494947845604
N          -15.20289107653043       24.88307721603687        0.30917454880779
C          -14.02497364204909       25.40234783561437        0.57571388720806
H          -13.02640572131411       31.16169405574863       -0.54263095309634
H          -12.42185305783151       30.64751713967613       -2.13304130324189
H          -13.14629867290212       33.03880502671959       -2.09812401251877
H          -14.11403694627019       32.07165603416669       -3.24022391467991
H          -16.90991270164958       32.07953831806408       -0.82596005099929
H          -16.48513399797906       31.50173197799926       -2.45647159644904
H          -16.40333380689840       29.62301602015281       -0.84964533359311
H          -15.31455524058121       30.53388221609696        0.19444351607813
H          -11.88638399296767       29.24167249769233       -0.29843873266224
H          -17.22650256235474       28.20701660062082       -2.14496004224898
H          -18.85715124052913       26.13956842800414       -1.89112571244044
H          -13.34064187042979       24.79414842162599        1.14785007420096
H          -17.69483480365681       24.36072139412480       -0.54332282741815
H          -15.20353675935594       28.44476817932905       -3.03157889989198
H          -15.20041957263188       30.11978569932702       -3.57725911587430
H          -13.69739440561513       29.19467793996361       -3.54017517047856
H          -16.33912626550953       35.58460360565381       -3.25343957845086
H          -16.96838743614327       33.92199821591834       -3.34921278132168
H          -15.29645750234812       34.29435989175605       -3.89844749952017
42
 energy: -67.911459715713 gnorm: 0.001781233269 xtb: 6.7.1 (edcfbbe)
C          -14.63997137840107       29.37181466699359       -3.03564184085513
C          -14.36103824190370       29.82133146769107       -1.59720594930755
C          -13.30843518449578       30.94247852461359       -1.57796193796190
C          -13.87090397776508       32.22765213587578       -2.18636821272570
N          -15.03951542203898       32.63580576686673       -1.43837115572001
C          -16.10934789306575       31.66258573491718       -1.44529271536618
C          -15.60222965575237       30.35110712044476       -0.85171429190097
S          -15.47265124358742       34.22017680159439       -1.53454796426589
O          -16.54868606835401       34.42955145408034       -0.58884879788835
O          -14.27715228553118       35.00820508362732       -1.31938285899168
C          -16.08820787649018       34.54416993850179       -3.19496192089290
N          -13.87119661693956       28.65406953870255       -0.86429243863095
C          -12.65264393485992       28.49649267797862       -0.27301017357345
N          -12.48746621411935       27.36021550535554        0.33135290890988
C          -13.66950228290631       26.68614424689665        0.14685120672818
C          -14.55774907290398       27.48897620096108       -0.61191710228714
C          -15.81778627713056       26.95258888610978       -0.91808298646452
C          -17.00608607303167       27.29578900542481       -1.62192728375802
C          -17.86305066707943       26.24085915891568       -1.50113715813175
N          -17.28694227514458       25.25195384250386       -0.76470086947586
C          -16.04096816107769       25.64634528165675       -0.39508925341732
N          -15.20828098805196       24.89178033162663        0.32812597423033
C          -14.02988026937673       25.41134971713458        0.59274839320879
H          -13.02849592217913       31.15854572499783       -0.54655142263791
H          -12.42054774974158       30.64617937327987       -2.13624289109763
H          -13.14640291125092       33.03749369907370       -2.09810103833747
H          -14.11088612865881       32.07279383219559       -3.24518423926308
H          -16.91093595120329       32.07406123545098       -0.83163090478822
H          -16.48641636973429       31.49887231041782       -2.46294257008670
H          -16.40336272861322       29.61704933144372       -0.86007222725445
H          -15.31704049980351       30.52713173361624        0.18737131922342
H          -11.88403487283924       29.24011980682533       -0.30682658851414
H          -17.21906946008555       28.19526667198884       -2.16245038414962
H          -18.85323990573088       26.13090129909726       -1.89597774996661
H          -13.34726199349294       24.80750000725075        1.17117885378712
H          -17.69896335631331       24.36514165600314       -0.52814011366055
H          -15.19223688551869       28.43895172730102       -3.04146129772850
H          -15.21054360975462       30.11441429947743       -3.57962040239485
H          -13.69848464894415       29.20714938665411       -3.55370043519905
H          -16.33643433134334       35.59566208106295       -3.23175478407349
H          -16.96854798458988       33.93565806509367       -3.34644078277028
H          -15.29700263219468       34.31136466930064       -3.89347591253891
42
 energy: -67.911469396944 gnorm: 0.001860458179 xtb: 6.7.1 (edcfbbe)
C          -14.63856968817866       29.37014825864541       -3.04471013119163
C          -14.36043110629496       29.81833365022787       -1.60569295919188
C          -13.30910472075522       30.94073689084698       -1.58370894314602
C          -13.87106436394320       32.22585664608926       -2.19129344647737
N          -15.04139682626310       32.63234034636383       -1.44406807670377
C          -16.11066234104343       31.65792375113421       -1.45340187386923
C          -15.60368568001007       30.34579931485472       -0.86153848726107
S          -15.47033410489844       34.21675028389631       -1.52576412770359
O          -16.54661375220410       34.42231100093990       -0.57908150709669
O          -14.27328341361573       35.00130114256866       -1.30584310820757
C          -16.08676916864735       34.55617337707962       -3.18341390615581
N          -13.86925524561571       28.65140833267410       -0.87207885012632
C          -12.65155477011317       28.49650665228059       -0.27741865451746
N          -12.48904022031791       27.36445444343129        0.33535675895839
C          -13.67171964841434       26.69061960802739        0.15438626572251
C          -14.55714142470694       27.48861018789924       -0.61256754129861
C          -15.81677304147341       26.95104323486033       -0.91868912712345
C          -17.00164166229647       27.28880927706824       -1.63060028895580
C          -17.86039364296182       26.23615277328007       -1.50337297962093
N          -17.28847037417420       25.25333555299533       -0.75511993990492
C          -16.04327150955750       25.64991233258380       -0.38441249011253
N          -15.21415837581029       24.90073487670242        0.34856587621575
C          -14.03537559644829       25.42040954678964        0.61115015726487
H          -13.03110328290568       31.15567641064046       -0.55143783057266
H          -12.41981276043104       30.64545141601132       -2.14040989733630
H          -13.14723431621377       33.03613729081329       -2.10068108117602
H          -14.11045509374948       32.07314817110031       -3.25054309264316
H          -16.91327225112399       32.06804528316529       -0.84025702341945
H          -16.48582261827852       31.49671793001081       -2.47194662244202
H          -16.40426974313528       29.61100842769084       -0.87337278029554
H          -15.32115790617604       30.51964534542835        0.17870110165638
H          -11.88158768331108       29.23844187726599       -0.31586083511283
H          -17.21149391916565       28.18306832095415       -2.18120676421237
H          -18.84889488940610       26.12271586912335       -1.90144154136982
H          -13.35461102645096       24.82124834610874        1.19669627087403
H          -17.70238062657414       24.36951021848268       -0.51085456313786
H          -15.17578429024583       28.42614102686639       -3.05085156760455
H          -15.22634238022515       30.10685707226366       -3.58189611672407
H          -13.69569910873160       29.22419584952542       -3.56893868127245
H          -16.33382433927526       35.60799310288034       -3.20883104589658
H          -16.96804812047345       33.95032964062229       -3.34097069641821
H          -15.29709496838178       34.32969691881140       -3.88597985238140
42
 energy: -67.911477872892 gnorm: 0.001595231560 xtb: 6.7.1 (edcfbbe)
C          -14.63887952682906       29.36998409134869       -3.04598094694511
C          -14.36134584074166       29.81790889711505       -1.60693438075372
C          -13.30969468107246       30.94005822247173       -1.58396194457114
C          -13.87004137296813       32.22570800282739       -2.19179728434986
N          -15.04165730423300       32.63286957394025       -1.44657767577722
C          -16.11107008820277       31.65846027470709       -1.45681401209917
C          -15.60503567989450       30.34625496303644       -0.86417542736968
S          -15.46829249533715       34.21733179807848       -1.52452488233251
O          -16.54364941337895       34.42341793336878       -0.57663103711809
O          -14.26953027399837       34.99981641638643       -1.30593957526599
C          -16.08715866406896       34.56014855021751       -3.18042588560972
N          -13.87037511359353       28.65087377525649       -0.87253308985239
C          -12.65218738237955       28.49642268596742       -0.27845548642417
N          -12.48995840798818       27.36585715035932        0.33706552663300
C          -13.67192911537057       26.69108732509740        0.15547139191510
C          -14.55750512880991       27.48790683629799       -0.61201225170659
C          -15.81674847224944       26.94912114437092       -0.91796362015454
C          -17.00112126994021       27.28535748096489       -1.63084093868105
C          -17.85963272496562       26.23267839075331       -1.50303077705179
N          -17.28779265932453       25.25107770016853       -0.75362513186051
C          -16.04294997045340       25.64874356622444       -0.38269177847509
N          -15.21378275238396       24.90106896904331        0.35133426441726
C          -14.03530991449523       25.42131309185052        0.61334539317891
H          -13.03231855986354       31.15451614576499       -0.55146606238329
H          -12.42018650769769       30.64461004971767       -2.14016236415266
H          -13.14593548690674       33.03546843378443       -2.09956293538213
H          -14.10804777021395       32.07392328027606       -3.25132854508115
H          -16.91436813343726       32.06868221724790       -0.84474576351881
H          -16.48466130495111       31.49737019769442       -2.47577667139008
H          -16.40606270666064       29.61198200666961       -0.87715670715492
H          -15.32384731331165       30.51988102771455        0.17636942130106
H          -11.88244888732428       29.23843811491223       -0.31754667483925
H          -17.21154174477390       28.17858958381447       -2.18244291255606
H          -18.84769997656116       26.11820840552880       -1.90184135833882
H          -13.35460387006248       24.82390549538428        1.20085319892005
H          -17.70089777269755       24.36751509492814       -0.50771224762536
H          -15.17893853427097       28.42988015666083       -3.05360995697278
H          -15.22213091020566       30.10685232434616       -3.58388852791775
H          -13.69821504542323       29.22052904259455       -3.56903598635449
H          -16.33457028313177       35.61193697287195       -3.20393709237429
H          -16.96866862837861       33.95479872364645       -3.33784937096604
H          -15.29880831344770       34.33514588559441       -3.88485989294696
42
 energy: -67.911484234845 gnorm: 0.001029097781 xtb: 6.7.1 (edcfbbe)
C          -14.63781407048191       29.36864825091217       -3.04615894020330
C          -14.36171628633992       29.81780949465536       -1.60730238527651
C          -13.30994958847639       30.93982677755116       -1.58461913470974
C          -13.87048883597735       32.22548494786512       -2.19287917578175
N          -15.04148061422593       32.63295130154941       -1.44731132912999
C          -16.11111873227653       31.65919234516089       -1.45865301471636
C          -15.60600095933888       30.34646883846867       -0.86577299680099
S          -15.46724953898952       34.21815546635347       -1.52356134496809
O          -16.54140743061668       34.42340497087272       -0.57405566309303
O          -14.26707291446595       34.99893802942282       -1.30578629976448
C          -16.08746187508964       34.56233185132881       -3.17848707055399
N          -13.87138378607680       28.65139775586401       -0.87167185322581
C          -12.65344879136347       28.49750107755708       -0.27711837708881
N          -12.49007350971225       27.36650272012852        0.33666145681526
C          -13.67222139221337       26.69162258063360        0.15614072624576
C          -14.55809433836835       27.48813403128257       -0.61139357669000
C          -15.81698248534413       26.94860365422118       -0.91746383962603
C          -17.00135631857441       27.28458496195883       -1.63054327985156
C          -17.85955017302068       26.23149202358600       -1.50275471191261
N          -17.28743324465535       25.25005246032747       -0.75338529970897
C          -16.04285204773304       25.64808316504991       -0.38224102209419
N          -15.21329057465826       24.90070862581988        0.35184305544661
C          -14.03518661015638       25.42154081213613        0.61392830478287
H          -13.03271885374923       31.15468954593835       -0.55224267905504
H          -12.42045387978093       30.64446706360392       -2.14084665724961
H          -13.14620363623805       33.03505736430909       -2.10145655800622
H          -14.10895002484551       32.07271846313145       -3.25210428691086
H          -16.91473390266881       32.06933161789598       -0.84696792524282
H          -16.48407900948468       31.49819714758582       -2.47792694109921
H          -16.40735142189678       29.61261432709409       -0.87953433446250
H          -15.32561450406803       30.52009796751534        0.17492636929969
H          -11.88391810558805       29.23978565404779       -0.31655299006494
H          -17.21221816547666       28.17776864482923       -2.18220610878600
H          -18.84754803250311       26.11719888832751       -1.90180141035320
H          -13.35415045844873       24.82395693712406        1.20068584284048
H          -17.69946282348898       24.36603087788308       -0.50725655861459
H          -15.17830830236327       28.42864439135867       -3.05331977497198
H          -15.22043837824908       30.10527954460962       -3.58551207458602
H          -13.69638499355391       29.21843928611226       -3.56814209795175
H          -16.33555657744177       35.61424864105116       -3.20284538429511
H          -16.96870065555167       33.95634913215640       -3.33479491009890
H          -15.29917415844653       34.33738836172473       -3.88291574847341
42
 energy: -67.911491519421 gnorm: 0.000663930535 xtb: 6.7.1 (edcfbbe)
C          -14.63663093160000       29.36590137917582       -3.04596105747212
C          -14.36289631549286       29.81791576633282       -1.60759773658249
C          -13.31086239815061       30.93968125649732       -1.58540654266763
C          -13.87079985989294       32.22526508690057       -2.19505377480594
N          -15.04072120547700       32.63344249605650       -1.44899320772777
C          -16.11122932045294       31.66125940055191       -1.46262960662635
C          -15.60826020091960       30.34775840410197       -0.86884069994626
S          -15.46431793802962       34.22003892721234       -1.52197515725771
O          -16.53526996878930       34.42430873668629       -0.56873408660312
O          -14.26121826176154       34.99723839392082       -1.30692258963367
C          -16.08829145133775       34.56625389208962       -3.17469009473801
N          -13.87365205010919       28.65270053628841       -0.86966476380186
C          -12.65567030386766       28.49943343760107       -0.27533770419091
N          -12.49137536619562       27.36842191386461        0.33863390488915
C          -13.67275416814596       26.69247144908034        0.15708756243026
C          -14.55934810251279       27.48861181960355       -0.61029462174464
C          -15.81759388305319       26.94766081691689       -0.91644675842708
C          -17.00260102454968       27.28298581368839       -1.62876197993192
C          -17.85944047203249       26.22853760115390       -1.50206562690497
N          -17.28609385308650       25.24727064275622       -0.75370372392594
C          -16.04198471306940       25.64635654544383       -0.38251135308042
N          -15.21131030967488       24.89918249488010        0.35061697762604
C          -14.03407484302321       25.42143437246578        0.61343359277508
H          -13.03397843611112       31.15562137042040       -0.55321604951006
H          -12.42141228002437       30.64363735634989       -2.14121408653814
H          -13.14585744926918       33.03431430834883       -2.10510703073012
H          -14.11002069214350       32.07094238253865       -3.25390304989120
H          -16.91564523007942       32.07173846993658       -0.85220811246240
H          -16.48241849875800       31.50027048876109       -2.48267410870612
H          -16.41016369484127       29.61463705110114       -0.88430379402170
H          -15.32985396626462       30.52139568433298        0.17235085863528
H          -11.88712981088975       29.24275480103261       -0.31381228221782
H          -17.21489040102276       28.17638717581719       -2.17943139994134
H          -18.84744406006322       26.11416312332660       -1.90107148042876
H          -13.35234671804778       24.82371577233048        1.19919331212539
H          -17.69568623992162       24.36199791897729       -0.50794693403369
H          -15.17916183452781       28.42637570358625       -3.05169613919126
H          -15.21630426042682       30.10289330792134       -3.58904058492699
H          -13.69345266862941       29.21214275947816       -3.56474069208409
H          -16.33779196441189       35.61803969098295       -3.20029649544719
H          -16.96903571071766       33.95902764190756       -3.32868079373897
H          -15.30060914462397       34.34151380858520       -3.87978208853007
42
 energy: -67.911490766449 gnorm: 0.001756922764 xtb: 6.7.1 (edcfbbe)
C          -14.63544916385918       29.36315976791112       -3.04576344067424
C          -14.36407401506284       29.81802195820352       -1.60789240727181
C          -13.31177370020256       30.93953627969493       -1.58619183225486
C          -13.87111103795663       32.22504582268759       -2.19722410593158
N          -15.03996344805781       32.63393247364694       -1.45067140552862
C          -16.11133989067423       31.66332281513155       -1.46659857570726
C          -15.61051522695801       30.34904541066735       -0.87190271854387
S          -15.46139211931226       34.22191900294080       -1.52039201730546
O          -16.52914434637009       34.42521042442498       -0.56342239281866
O          -14.25537403533722       34.99554114226215       -1.30805690487669
C          -16.08911937113514       34.57016832602661       -3.17090023639573
N          -13.87591617292374       28.65400104546135       -0.86766157987049
C          -12.65788744350153       28.50136177059605       -0.27356171807947
N          -12.49267485499323       27.37033750225399        0.34060297583775
C          -13.67328604345807       26.69331874896817        0.15803255733903
C          -14.56059944517249       27.48908877175583       -0.60919824038773
C          -15.81820406537415       26.94671976605893       -0.91543171398418
C          -17.00384342113435       27.28139036100876       -1.62698333069639
C          -17.85933103586191       26.22558934916208       -1.50137786289950
N          -17.28475729395925       25.24449462791030       -0.75402177424904
C          -16.04111930113132       25.64463325996930       -0.38278159804580
N          -15.20933389809781       24.89765929766930        0.34939262691190
C          -14.03296552952520       25.42132817966535        0.61293957086332
H          -13.03523553916452       31.15655166784678       -0.55418710752127
H          -12.42236943579402       30.64280998638713       -2.14158080453533
H          -13.14551278683012       33.03357296937292       -2.10875130200083
H          -14.11109044144404       32.06916841113494       -3.25569795197512
H          -16.91655508049493       32.07414070053690       -0.85743812796906
H          -16.48076147906809       31.50233985455392       -2.48741218432061
H          -16.41297069791479       29.61665590104663       -0.88906457813232
H          -15.33408539760653       30.52269088499643        0.16978001109605
H          -11.89033573237075       29.24571835754777       -0.31107756753537
H          -17.21755780417670       28.17500912961532       -2.17666050703815
H          -18.84734032725580       26.11113450559249       -1.90034311732516
H          -13.35054669908920       24.82347440360270        1.19770222641834
H          -17.69191654562891       24.35797304434283       -0.50863569294147
H          -15.18001065940224       28.42410832417885       -3.05007481991544
H          -15.21217932862678       30.10051135174782       -3.59256247743673
H          -13.69052321588544       29.20586049991682       -3.56134486137435
H          -16.34002346567807       35.62182331103215       -3.19775507704993
H          -16.96936982986879       33.96170035204734       -3.32257682903883
H          -15.30204067564001       34.34563023942758       -3.87665310682239
42
 energy: -67.911496834112 gnorm: 0.000947309878 xtb: 6.7.1 (edcfbbe)
C          -14.63620902447590       29.36349771649274       -3.04590534986088
C          -14.36440628773100       29.81800309309736       -1.60794549371629
C          -13.31167474127773       30.93916363724957       -1.58634153173276
C          -13.87017524899207       32.22475678000463       -2.19726829187606
N          -15.03985812481243       32.63397041789809       -1.45174929660351
C          -16.11131306391107       31.66307764405450       -1.46729138802307
C          -15.61088206570672       30.34914240814900       -0.87203347156971
S          -15.46070037579318       34.22162285987466       -1.52064341767962
O          -16.52802461418331       34.42569959699144       -0.56346569571278
O          -14.25494573629685       34.99544463240601       -1.30864713296893
C          -16.08939386075445       34.57077232158414       -3.17068947277832
N          -13.87610886074233       28.65385850591011       -0.86766204440789
C          -12.65825570192732       28.50173041579109       -0.27274287133603
N          -12.49264220334635       27.37042642398308        0.33995132800486
C          -13.67327758180985       26.69338138861423        0.15797606173481
C          -14.56080218434377       27.48900610400482       -0.60888150831665
C          -15.81833875780393       26.94650529040995       -0.91530603418112
C          -17.00389638500369       27.28040672981970       -1.62750492535376
C          -17.85920150801433       26.22455011052621       -1.50121666493975
N          -17.28433143866842       25.24372518373099       -0.75357936890014
C          -16.04079748943954       25.64444601880150       -0.38223682505322
N          -15.20914699126793       24.89768740214250        0.35017768525091
C          -14.03262296929227       25.42147030447195        0.61326446768104
H          -13.03574519787378       31.15611767992132       -0.55410494357685
H          -12.42188792271725       30.64188525651686       -2.14097359417658
H          -13.14451848152259       33.03317977836714       -2.10756082554799
H          -14.10914080551140       32.07012266111382       -3.25617308847524
H          -16.91647900174200       32.07448629809960       -0.85849344611137
H          -16.48049167632906       31.50212729996568       -2.48809764671568
H          -16.41338201032611       29.61674232165511       -0.88916330586441
H          -15.33474246937085       30.52287435432862        0.16973767640449
H          -11.89032744111423       29.24572884965616       -0.31079238315719
H          -17.21759537246195       28.17379180860980       -2.17779484086644
H          -18.84714202516595       26.10912138332779       -1.90009795282415
H          -13.35009592306850       24.82435797992507        1.19880764473037
H          -17.69184770121654       24.35733312789230       -0.50840642569778
H          -15.18269495138486       28.42637247870013       -3.05052855657076
H          -15.21140274859664       30.10169908948749       -3.59232553711956
H          -13.69207582415625       29.20460724343850       -3.56182254581652
H          -16.33988956244025       35.62254028618927       -3.19463847355821
H          -16.96995620388140       33.96289753473076       -3.32330238177178
H          -15.30317946752468       34.34736958107058       -3.87792813093282
42
 energy: -67.911502213723 gnorm: 0.000779838120 xtb: 6.7.1 (edcfbbe)
C          -14.63722648929019       29.36294539729769       -3.04624695196570
C          -14.36527577266774       29.81783446002902       -1.60841974174105
C          -13.31198344211331       30.93855372755345       -1.58693802257751
C          -13.86870010862229       32.22421281279585       -2.19855391072274
N          -15.03935953817300       32.63412427015074       -1.45455253490939
C          -16.11136351601553       31.66346623684630       -1.46998171931580
C          -15.61209750800160       30.34977456773902       -0.87367922037159
S          -15.45852360381384       34.22173334914670       -1.52049652156497
O          -16.52385368052111       34.42650855306420       -0.56132623719301
O          -14.25232521303297       34.99484293146286       -1.30962349762807
C          -16.09035740504932       34.57405786968750       -3.16875338146776
N          -13.87701096485656       28.65384227617154       -0.86746207146819
C          -12.65924045241313       28.50255202231294       -0.27185609117952
N          -12.49346047563165       27.37156579922099        0.34129856769994
C          -13.67369180652524       26.69387872051619        0.15940933232263
C          -14.56114366112388       27.48861816016223       -0.60865469113801
C          -15.81841633608293       26.94543029849672       -0.91517821915484
C          -17.00431080648825       27.27816483300264       -1.62733611866671
C          -17.85858114704504       26.22163267813471       -1.50129336704050
N          -17.28299630620861       25.24132985783806       -0.75322424242376
C          -16.03986174084653       25.64327451251739       -0.38150662735007
N          -15.20825036403131       24.89717942925413        0.35168837766162
C          -14.03223759683368       25.42195194487688        0.61550057372267
H          -13.03672372393126       31.15582557080428       -0.55452511958714
H          -12.42191494148777       30.64003314742596       -2.14051163546882
H          -13.14267685705005       33.03225213505365       -2.10743339463300
H          -14.10630504063132       32.07069072015013       -3.25795452810322
H          -16.91663608835247       32.07591450770880       -0.86204494372606
H          -16.47972392101790       31.50237792873333       -2.49094655555318
H          -16.41481126836234       29.61752185257383       -0.89139038656897
H          -15.33703221613819       30.52362127952227        0.16837286528493
H          -11.89159751705112       29.24682128355322       -0.30931981354284
H          -17.21861873020752       28.17151829019291       -2.17737458857205
H          -18.84636729700704       26.10462556871094       -1.90010377332782
H          -13.34878308012646       24.82548352584785        1.20035229251916
H          -17.69067506845456       24.35482023166102       -0.50863115259383
H          -15.18748910849501       28.42847161367619       -3.05094555063342
H          -15.20831119191431       30.10282351386241       -3.59379413374167
H          -13.69375549194372       29.19953738544220       -3.56106645026628
H          -16.34068559245008       35.62572212986029       -3.18768197978773
H          -16.97128419844358       33.96687889895742       -3.32228010880169
H          -15.30594073354623       34.35328570698982       -3.87893472641120
42
 energy: -67.911504591166 gnorm: 0.000358640721 xtb: 6.7.1 (edcfbbe)
C          -14.63737640343626       29.36221516814820       -3.04664680606785
C          -14.36544218517537       29.81750070469027       -1.60896737610178
C          -13.31215623413008       30.93824514571093       -1.58782741697389
C          -13.86888696748471       32.22398211964173       -2.19946973779744
N          -15.03927041497384       32.63389473600483       -1.45512206344507
C          -16.11145538958371       31.66348005843365       -1.47058002072988
C          -15.61215697968180       30.34976063240980       -0.87426706433010
S          -15.45814997744350       34.22159058545436       -1.52016813997088
O          -16.52325549311601       34.42602264304411       -0.56062440816675
O          -14.25186141284167       34.99447665749045       -1.30876579278552
C          -16.09020845956345       34.57584662802752       -3.16793888210000
N          -13.87727662388288       28.65387567308035       -0.86742881226152
C          -12.65959659290495       28.50295706940443       -0.27155679253824
N          -12.49419730260203       27.37263569308014        0.34321611763596
C          -13.67371155065542       26.69413750362980        0.15979099965069
C          -14.56135354665218       27.48869966411977       -0.60813799534999
C          -15.81842768800496       26.94516159931916       -0.91478539180265
C          -17.00414971697364       27.27747229463287       -1.62747537211005
C          -17.85831379647924       26.22083094938269       -1.50130592413081
N          -17.28257879526785       25.24066368862323       -0.75316738154655
C          -16.03961104835201       25.64290374240615       -0.38138326943765
N          -15.20785638005249       24.89709724550736        0.35181979922191
C          -14.03192610350457       25.42207026060186        0.61552945459288
H          -13.03657442723921       31.15564774779311       -0.55552644932209
H          -12.42229934134545       30.63960520287019       -2.14165715583471
H          -13.14277396304077       33.03196221641500       -2.10859611398885
H          -14.10681444208133       32.07034491290221       -3.25877576489775
H          -16.91658792648515       32.07595931176855       -0.86244308934150
H          -16.48001867543078       31.50242520450772       -2.49153010513337
H          -16.41493169301417       29.61757687065514       -0.89185509162414
H          -15.33702222784687       30.52367255012191        0.16777736420063
H          -11.89209229177491       29.24740269823074       -0.30906892124022
H          -17.21852172211227       28.17076149161584       -2.17773470996824
H          -18.84593517199898       26.10350904786478       -1.90041257079064
H          -13.34925301729389       24.82658753081535        1.20260977635856
H          -17.69024063959398       24.35407136347340       -0.50871352902410
H          -15.18956483805656       28.42832009814797       -3.05098423445767
H          -15.20703490718264       30.10325932230250       -3.59502246309773
H          -13.69333829089988       29.19681606760076       -3.56070629722740
H          -16.34014842228232       35.62743958858756       -3.18528851319368
H          -16.97134456258965       33.96907603021029       -3.32184732507320
H          -15.30588437896720       34.35574228027758       -3.87836252978589
42
 energy: -67.911507153048 gnorm: 0.000511687727 xtb: 6.7.1 (edcfbbe)
C          -14.63738958106130       29.36108299418501       -3.04702288712151
C          -14.36562878708694       29.81711320198502       -1.60962547461345
C          -13.31228761753742       30.93785809950116       -1.58926887356865
C          -13.86922597985129       32.22358961434974       -2.20095603048232
N          -15.03921808258902       32.63354540247064       -1.45612237482673
C          -16.11158192984704       31.66338673285562       -1.47149652771867
C          -15.61235294327965       30.34963399685309       -0.87510106200287
S          -15.45762740560184       34.22137448545870       -1.51962283051215
O          -16.52234811647428       34.42523386784988       -0.55943829668258
O          -14.25117318595130       34.99388312034414       -1.30739164322727
C          -16.09006816204047       34.57858404411417       -3.16665508447670
N          -13.87759173292950       28.65392082922994       -0.86737127777548
C          -12.66021684325838       28.50367402311793       -0.27077174363636
N          -12.49468597455317       27.37356176419832        0.34457514100743
C          -13.67410247908853       26.69490698933254        0.16120303945483
C          -14.56150080542723       27.48866856158693       -0.60775805931208
C          -15.81832712765399       26.94466060302424       -0.91454868379884
C          -17.00405604583650       27.27660636776100       -1.62745610331851
C          -17.85779328774753       26.21956134530429       -1.50166231130712
N          -17.28185022862104       25.23958280448678       -0.75341819792843
C          -16.03927037474347       25.64239681315063       -0.38112042294085
N          -15.20755027483601       24.89721405428482        0.35268960195491
C          -14.03214002073311       25.42292596644541        0.61717965350585
H          -13.03624734233343       31.15558071424890       -0.55717143031343
H          -12.42271450760171       30.63902925122242       -2.14345625803450
H          -13.14298959993021       33.03149030167728       -2.11049503279220
H          -14.10761704499653       32.06977617354566       -3.26012487003576
H          -16.91654859724086       32.07594731480547       -0.86318193924018
H          -16.48034381356583       31.50230110633361       -2.49239965548046
H          -16.41518296560280       29.61749377270140       -0.89249466338217
H          -15.33713473254593       30.52374203028136        0.16690231500527
H          -11.89291598729021       29.24834162577668       -0.30826882216307
H          -17.21879887090147       28.17002013719049       -2.17745104503416
H          -18.84522914372109       26.10185123870868       -1.90109392521148
H          -13.34949031350834       24.82766996629415        1.20473231626990
H          -17.68950943830033       24.35290128829176       -0.50919946928362
H          -15.19269966458291       28.42876548050676       -3.05115940497460
H          -15.20410593072769       30.10356712865860       -3.59697121789417
H          -13.69308429187866       29.19202832873440       -3.55988788927607
H          -16.33951915071281       35.63021274512968       -3.18158561941105
H          -16.97149597096429       33.97243601887146       -3.32130012667676
H          -15.30598564884455       34.35957969413550       -3.87763281273104
42
 energy: -67.911511110089 gnorm: 0.000540053793 xtb: 6.7.1 (edcfbbe)
C          -14.63738055647530       29.35877925199316       -3.04747643529766
C          -14.36595260432580       29.81649156215024       -1.61071764108467
C          -13.31255119631202       30.93728207329239       -1.59201091670846
C          -13.86989369637247       32.22286777551264       -2.20388789791860
N          -15.03930338698230       32.63294758882241       -1.45834550527010
C          -16.11188800233899       31.66312152365811       -1.47347253636956
C          -15.61270334494785       30.34954400648116       -0.87662328961726
S          -15.45665584323950       34.22106010293307       -1.51841845037098
O          -16.52060111148166       34.42369864254586       -0.55696474087375
O          -14.24976175561572       34.99261904076609       -1.30460601982990
C          -16.08982922970385       34.58369747982054       -3.16406275852059
N          -13.87814805749692       28.65406882415542       -0.86706843767461
C          -12.66132427376453       28.50496511372572       -0.26918318317573
N          -12.49576036937339       27.37547737371335        0.34733443209460
C          -13.67472125458304       26.69615892015103        0.16357626886477
C          -14.56187658580176       27.48876761072244       -0.60686094357218
C          -15.81826074725554       26.94390761988977       -0.91401333613573
C          -17.00401978542130       27.27509683256600       -1.62728901757678
C          -17.85689316400658       26.21729435066544       -1.50225116516921
N          -17.28045978933606       25.23756817322295       -0.75402956621612
C          -16.03854722866219       25.64143048763864       -0.38074642087094
N          -15.20686909930955       24.89720800173601        0.35411934699937
C          -14.03232775304259       25.42417635627273        0.61990905049542
H          -13.03566538001306       31.15579443396116       -0.56032858782718
H          -12.42347951848468       30.63797989203024       -2.14675503285424
H          -13.14347051074578       33.03067385777050       -2.11413628926430
H          -14.10905252855454       32.06882238572949       -3.26284145611528
H          -16.91668719923241       32.07591981999780       -0.86510676277252
H          -16.48069602119838       31.50175181548843       -2.49430228024196
H          -16.41552686060369       29.61739691324803       -0.89364575071066
H          -15.33745204703203       30.52412867125141        0.16530260099515
H          -11.89424176687524       29.24983250408368       -0.30683451072792
H          -17.21962553109876       28.16871429227001       -2.17658848684767
H          -18.84402358470916       26.09888999845355       -1.90222198937794
H          -13.34989685625242       24.82963003226654        1.20842806056067
H          -17.68796504156186       24.35066584158232       -0.51037000427501
H          -15.19890350633634       28.43033702231525       -3.05122116544330
H          -15.19744321645438       30.10375639710893       -3.60070369402226
H          -13.69306433866096       29.18206109243057       -3.55762294721745
H          -16.33859659963436       35.63558088377430       -3.17470620429783
H          -16.97173981165291       33.97868302501647       -3.32031699494467
H          -15.30634084704880       34.36685240779043       -3.87633934080397
42
 energy: -67.911514177054 gnorm: 0.000486401510 xtb: 6.7.1 (edcfbbe)
C          -14.63753102931108       29.35625682373356       -3.04808251486395
C          -14.36657865812789       29.81592826582600       -1.61194574620959
C          -13.31306677356869       30.93670367434411       -1.59482601836134
C          -13.87051054152635       32.22217146637500       -2.20697077405463
N          -15.03962658976215       32.63237622220367       -1.46113735716000
C          -16.11240134079555       31.66279875734348       -1.47624613681037
C          -15.61342584098879       30.34957604520284       -0.87850941971892
S          -15.45543692685893       34.22089499312371       -1.51671994453432
O          -16.51858433131753       34.42204811770672       -0.55399922024724
O          -14.24778337578572       34.99086988719689       -1.30119669207942
C          -16.08926013589576       34.58923448277991       -3.16083189527558
N          -13.87888535396404       28.65434406705333       -0.86677008069986
C          -12.66250608205167       28.50639726237896       -0.26771482894887
N          -12.49680892925804       27.37751061592159        0.34973660302249
C          -13.67535841509282       26.69750861756094        0.16591685581010
C          -14.56234742156605       27.48899225663188       -0.60596191702556
C          -15.81826946195337       26.94317056251320       -0.91345381767921
C          -17.00412642853749       27.27331273864439       -1.62706819375730
C          -17.85597005774425       26.21462096242389       -1.50268017047972
N          -17.27891992821641       25.23535465593486       -0.75435497593035
C          -16.03769787721259       25.64051246646431       -0.38015123449383
N          -15.20606823914099       24.89728271933227        0.35581635018770
C          -14.03236698453876       25.42551758507223        0.62276617928433
H          -13.03539935603848       31.15598247189867       -0.56352226546186
H          -12.42444211702478       30.63682270459871       -2.14997627513858
H          -13.14394454333077       33.02990015638640       -2.11759271748613
H          -14.11012670596014       32.06817013264642       -3.26582657912212
H          -16.91730041222879       32.07596704139809       -0.86828142442097
H          -16.48073327502073       31.50092892169824       -2.49713677547172
H          -16.41620581212664       29.61737827244237       -0.89517365504274
H          -15.33835320265766       30.52483726263041        0.16335689246407
H          -11.89567471250592       29.25152477733987       -0.30550110197234
H          -17.22081546944455       28.16696705511068       -2.17584593374518
H          -18.84277140525973       26.09529183085762       -1.90320319769469
H          -13.34996950098863       24.83185809723020        1.21207892967723
H          -17.68589203891272       24.34810342411495       -0.51111174879145
H          -15.20588268623825       28.43215206525197       -3.05088286914845
H          -15.19009469360777       30.10405294171857       -3.60486220638476
H          -13.69297676273499       29.17111147348863       -3.55469212986943
H          -16.33752506839799       35.64135774963678       -3.16756947684242
H          -16.97159039986430       33.98529577091116       -3.31882448428578
H          -15.30637111644088       34.37461460387679       -3.87444803122420
42
 energy: -67.911516137835 gnorm: 0.000363111941 xtb: 6.7.1 (edcfbbe)
C          -14.63760743392503       29.35447857679123       -3.04860847266208
C          -14.36724004207980       29.81563229559657       -1.61282727499915
C          -13.31362591614771       30.93635022263216       -1.59662982835316
C          -13.87085589926182       32.22180265921115       -2.20897960176142
N          -15.04012493551107       32.63202471936727       -1.46347435573630
C          -16.11300209488197       31.66260416397304       -1.47894158253656
C          -15.61437028388749       30.34970053599957       -0.88024522882256
S          -15.45443299782923       34.22092003402754       -1.51513654340833
O          -16.51710095312089       34.42084534156893       -0.55165439861911
O          -14.24594442701084       34.98919645917461       -1.29832088854078
C          -16.08850212408771       34.59339973383596       -3.15812187103351
N          -13.87963224289551       28.65465822475547       -0.86654517016126
C          -12.66338266329019       28.50746768273426       -0.26699473225705
N          -12.49754131526169       27.37905030522089        0.35118188965271
C          -13.67573612332733       26.69846556689194        0.16728770786319
C          -14.56279729459704       27.48923045065101       -0.60530798876773
C          -15.81838861569154       26.94262418394803       -0.91293188634596
C          -17.00436899742767       27.27176240464470       -1.62680759483523
C          -17.85539655486049       26.21238677241375       -1.50264222276061
N          -17.27780355177388       25.23366203786900       -0.75407179462178
C          -16.03703604913276       25.63988306805381       -0.37946059978004
N          -15.20534873535700       24.89737375216600        0.35716002344546
C          -14.03214532218088       25.42646759477164        0.62458202873065
H          -13.03565363667678       31.15606867161178       -0.56550578184788
H          -12.42520762039091       30.63599858125259       -2.15187094772208
H          -13.14421655309093       33.02944576887847       -2.11939730838274
H          -14.11026383944951       32.06797852835208       -3.26791425613152
H          -16.91828552968858       32.07611040325210       -0.87173086318274
H          -16.48046622599685       31.50026127205831       -2.50005202258579
H          -16.41712771481329       29.61746373906190       -0.89677752970257
H          -15.33972948779100       30.52560827405533        0.16162879530435
H          -11.89676181381757       29.25279489149061       -0.30498793039296
H          -17.22196468243301       28.16527181156584       -2.17546536917642
H          -18.84196795279379       26.09223754816179       -1.90349047141386
H          -13.34960721186679       24.83360078553341        1.21447216145731
H          -17.68403870203039       24.34606604195060       -0.51087562847801
H          -15.21087890503702       28.43359464896504       -3.05095835504672
H          -15.18461700456764       30.10415716062658       -3.60809791494070
H          -13.69299140144482       29.16319631033922       -3.55260838690847
H          -16.33654651930982       35.64562101748906       -3.16251450678606
H          -16.97101536325201       33.99003382439073       -3.31729944053128
H          -15.30587526400838       34.38020393367034       -3.87246385720809
42
 energy: -67.911517716524 gnorm: 0.000215784868 xtb: 6.7.1 (edcfbbe)
C          -14.63756742172584       29.35326706669805       -3.04926306739516
C          -14.36795731671726       29.81542548936059       -1.61368653434049
C          -13.31428588078716       30.93611350855983       -1.59768526395910
C          -13.87099510908996       32.22166214727743       -2.21026767433063
N          -15.04076143644089       32.63177332460425       -1.46560076272752
C          -16.11366445899084       31.66245869901623       -1.48187115178903
C          -15.61552466678891       30.34982408507143       -0.88215794581352
S          -15.45355655470717       34.22103381973313       -1.51353862825555
O          -16.51599352343290       34.41977911486876       -0.54962803020077
O          -14.24416042479703       34.98747959188103       -1.29556080155351
C          -16.08753095129471       34.59690542830658       -3.15568317868932
N          -13.88047670214750       28.65496218655650       -0.86645992889876
C          -12.66417546407135       28.50837104387533       -0.26680032935541
N          -12.49800088389939       27.38025388679607        0.35175046709566
C          -13.67595567324389       26.69921445521302        0.16807204527554
C          -14.56328242380147       27.48941877782364       -0.60483900736723
C          -15.81862093055759       26.94209775133867       -0.91235075349792
C          -17.00475974343482       27.27022381557669       -1.62641180433548
C          -17.85511740324406       26.21032161211122       -1.50208319523372
N          -17.27698175838861       25.23219607834114       -0.75319323479328
C          -16.03651997770508       25.63936180160769       -0.37852695707546
N          -15.20462320727402       24.89744045692916        0.35844539407343
C          -14.03171823321278       25.42720479050361        0.62583518229784
H          -13.03638362136057       31.15599101688887       -0.56656739640486
H          -12.42588201614118       30.63543293513730       -2.15276361408182
H          -13.14435557822052       33.02922383208357       -2.11995871127461
H          -14.10967767922731       32.06818779659317       -3.26942971402678
H          -16.91957225599679       32.07619388114416       -0.87565761282231
H          -16.47993032632583       31.49971871378506       -2.50334330621282
H          -16.41824076771989       29.61755031525248       -0.89887343215694
H          -15.34162846606882       30.52629179771153        0.15982336400699
H          -11.89775768058679       29.25388081825322       -0.30508784474086
H          -17.22311621217773       28.16342963257300       -2.17526032211183
H          -18.84154225677521       26.08940803131668       -1.90306647512788
H          -13.34885417624934       24.83503171045104        1.21599244074818
H          -17.68232474905200       24.34425900163400       -0.50977214913857
H          -15.21455538491722       28.43480288674451       -3.05129469221386
H          -15.18028628903905       30.10439523995329       -3.61085377256687
H          -13.69274136081649       29.15741087452879       -3.55097563040549
H          -16.33552774141234       35.64916137293695       -3.15854590612009
H          -16.97006090970644       33.99382643319910       -3.31589004093668
H          -15.30493238445186       34.38471477676755       -3.87037002353019
42
 energy: -67.911518880928 gnorm: 0.000123639946 xtb: 6.7.1 (edcfbbe)
C          -14.63724035907040       29.35242159903911       -3.05000412206821
C          -14.36864561442719       29.81530805536465       -1.61448578143410
C          -13.31488929477974       30.93594900553856       -1.59826135913465
C          -13.87098876893942       32.22166875400831       -2.21098136623775
N          -15.04148226821114       32.63156930157442       -1.46745696472713
C          -16.11437297148229       31.66234455714258       -1.48487401045820
C          -15.61688854904751       30.34985738103230       -0.88423569770464
S          -15.45288467486541       34.22115750900099       -1.51199979242663
O          -16.51530415849744       34.41875196248391       -0.54790363387779
O          -14.24263839711334       34.98585595809472       -1.29284738616330
C          -16.08647517081445       34.60008732178852       -3.15353062712353
N          -13.88134460803681       28.65520295985221       -0.86653059139371
C          -12.66483384662639       28.50903891332668       -0.26712352949433
N          -12.49830806980110       27.38123081851376        0.35185708584583
C          -13.67604457814383       26.69977589908218        0.16845187269281
C          -14.56373949563236       27.48948634480481       -0.60457390760029
C          -15.81889230749246       26.94150114558126       -0.91175845762482
C          -17.00523650574497       27.26867734775751       -1.62590096381508
C          -17.85505861164885       26.20838259448660       -1.50113052968813
N          -17.27644066311408       25.23092192833374       -0.75178904639991
C          -16.03614124131524       25.63886801470627       -0.37739972519233
N          -15.20392094796404       24.89748376150521        0.35974130800482
C          -14.03117498768959       25.42778675410099        0.62673336961420
H          -13.03744691719029       31.15581354951761       -0.56701981915295
H          -12.42628559249851       30.63511410666974       -2.15295110117639
H          -13.14437438625406       33.02913110132842       -2.11963494446566
H          -14.10857144607891       32.06860677558848       -3.27046008774094
H          -16.92105309036991       32.07618861259931       -0.87977280391010
H          -16.47925884636231       31.49936057227993       -2.50680085660479
H          -16.41958350879855       29.61756954530114       -0.90144817418647
H          -15.34398689301431       30.52674111821561        0.15793151082488
H          -11.89862068039540       29.25473001998800       -0.30569764554614
H          -17.22418766537488       28.16150743375114       -2.17514060324946
H          -18.84142794979569       26.08679287253591       -1.90204748555012
H          -13.34790820458804       24.83620902512948        1.21701423455079
H          -17.68094474043983       24.34273258723529       -0.50789256072284
H          -15.21692495826372       28.43567907556076       -3.05205602335037
H          -15.17677121233716       30.10459140730857       -3.61321406853344
H          -13.69218627737593       29.15331278103859       -3.54996101901069
H          -16.33447164463147       35.65234129145456       -3.15512432913041
H          -16.96893981763209       33.99718345044331       -3.31481272836489
H          -15.30371008013948       34.38876678593915       -3.86830763825977
42
 energy: -67.911519551457 gnorm: 0.000145453187 xtb: 6.7.1 (edcfbbe)
C          -14.63683125185383       29.35195647318815       -3.05078803253833
C          -14.36907415385846       29.81512080938519       -1.61522648189497
C          -13.31542158184254       30.93586821796326       -1.59836096691893
C          -13.87091912070469       32.22175349797289       -2.21127912646914
N          -15.04204140262543       32.63140024766485       -1.46872054543591
C          -16.11488228446185       31.66221457397585       -1.48725206404749
C          -15.61787954444052       30.34976831180588       -0.88604054936635
S          -15.45255298856615       34.22119679171905       -1.51088718217343
O          -16.51511190763114       34.41786193865648       -0.54678578959050
O          -14.24179344436261       34.98474709767130       -1.29067066112964
C          -16.08564194290670       34.60253513877336       -3.15205100947479
N          -13.88197908151855       28.65527367037565       -0.86668146888727
C          -12.66530504632714       28.50943878948053       -0.26748610705827
N          -12.49838356841304       27.38175393115328        0.35159414232903
C          -13.67603959119395       26.70007952927931        0.16860497009482
C          -14.56407881586110       27.48944615952696       -0.60439498656563
C          -15.81911595271229       26.94097984549491       -0.91123031670566
C          -17.00558204816739       27.26743775621837       -1.62549399250743
C          -17.85516642187602       26.20702409775028       -1.50005945254609
N          -17.27620937141743       25.23006722256336       -0.75034664350541
C          -16.03595284761491       25.63849011232877       -0.37633755766910
N          -15.20343002251689       24.89750295495434        0.36085952073299
C          -14.03072127624502       25.42813667329054        0.62733147146546
H          -13.03848458180448       31.15559022378296       -0.56694000027977
H          -12.42658904495628       30.63501436147097       -2.15264465397085
H          -13.14436458547521       33.02916113439161       -2.11899101809580
H          -14.10755453076253       32.06906282533883       -3.27103402361851
H          -16.92220803546208       32.07602246997201       -0.88298781083861
H          -16.47866102823774       31.49920551416161       -2.50957504204065
H          -16.42053139548365       29.61747057220154       -0.90392313702864
H          -15.34594589595937       30.52676843818249        0.15636143705935
H          -11.89918789816366       29.25519933347882       -0.30639980007565
H          -17.22478667545857       28.15987574255626       -2.17527756477474
H          -18.84155504036930       26.08498724739217       -1.90079486451458
H          -13.34713363173107       24.83694635971123        1.21763508025261
H          -17.68022070402131       24.34178763067757       -0.50595940017121
H          -15.21789800925965       28.43606831650084       -3.05297791557237
H          -15.17459384671246       30.10468814627580       -3.61497011321346
H          -13.69149172533494       29.15120489140866       -3.54956058965557
H          -16.33362574193344       35.65478582916006       -3.15248568607097
H          -16.96802959930992       33.99979464297872       -3.31437975962761
H          -15.30262436444522       34.39201247816960       -3.86679230788746
42
 energy: -67.911520017985 gnorm: 0.000151921045 xtb: 6.7.1 (edcfbbe)
C          -14.63627734920711       29.35168039043225       -3.05143870364715
C          -14.36938381142061       29.81501164679919       -1.61579639655629
C          -13.31570669967784       30.93575747857217       -1.59840088135067
C          -13.87085880681003       32.22179432289582       -2.21129848835885
N          -15.04249801953705       32.63122670402235       -1.46948952561135
C          -16.11529044129526       31.66204849293011       -1.48902151774001
C          -15.61879475674562       30.34951472615265       -0.88751637638896
S          -15.45248898187112       34.22114727018494       -1.51009175174891
O          -16.51531246555222       34.41709070314099       -0.54613618645996
O          -14.24149252998070       34.98402038269284       -1.28882782049805
C          -16.08494793566601       34.60446111452006       -3.15105920939065
N          -13.88240869840998       28.65526505339658       -0.86697479844251
C          -12.66554199626970       28.50960604897083       -0.26809534662892
N          -12.49840493079756       27.38212255887293        0.35129757421930
C          -13.67597840967363       26.70025471797999        0.16859510205868
C          -14.56426038761933       27.48932297813763       -0.60444995162919
C          -15.81923861838975       26.94051411459325       -0.91091660906520
C          -17.00584367289466       27.26650781555416       -1.62515449472194
C          -17.85529896983772       26.20605581043324       -1.49912534590683
N          -17.27617803093018       25.22955861407156       -0.74894886250907
C          -16.03588144364386       25.63824567768724       -0.37538532249514
N          -15.20312019313817       24.89758458944990        0.36186705501711
C          -14.03037942466981       25.42841032996768        0.62779089454080
H          -13.03937270835138       31.15532217803108       -0.56679056994807
H          -12.42655103829401       30.63503234283572       -2.15225848029090
H          -13.14434587837315       33.02914741637584       -2.11824776953159
H          -14.10671659418280       32.06939782494824       -3.27126895349559
H          -16.92312597879600       32.07573645270519       -0.88536342248778
H          -16.47820163854047       31.49915944015374       -2.51167382473461
H          -16.42144932332781       29.61723380971786       -0.90608253737842
H          -15.34768704749643       30.52647986298703        0.15509912388279
H          -11.89951472377076       29.25544200590499       -0.30719117422292
H          -17.22513141142200       28.15861472600542       -2.17544941503128
H          -18.84174385056545       26.08372122638464       -1.89963050514357
H          -13.34654667940816       24.83747036240790        1.21807838835186
H          -17.68000381243310       24.34133662704686       -0.50403652732754
H          -15.21782646456584       28.43606026134148       -3.05382237212528
H          -15.17331457006435       30.10459448603602       -3.61608788541992
H          -13.69069668211961       29.15039306491111       -3.54958177790671
H          -16.33288728600943       35.65671206053659       -3.15037070905999
H          -16.96727329865453       34.00192066535089       -3.31445126829533
H          -15.30162444158534       34.39472364386540       -3.86569335650786
42
 energy: -67.911520429147 gnorm: 0.000123062104 xtb: 6.7.1 (edcfbbe)
C          -14.63574820056440       29.35144864507722       -3.05219031630093
C          -14.36955593737703       29.81479351389728       -1.61642104894141
C          -13.31607271487863       30.93571803244145       -1.59827352950319
C          -13.87085135583008       32.22188849610930       -2.21122589078368
N          -15.04292145957331       32.63103536432948       -1.46998754708891
C          -16.11565369620347       31.66184139274903       -1.49052187394129
C          -15.61946907906318       30.34919136009776       -0.88893345822192
S          -15.45262147207020       34.22102775345402       -1.50941474317064
O          -16.51587097270941       34.41628852516630       -0.54577214438011
O          -14.24159318351354       34.98350606682514       -1.28688836176908
C          -16.08419630361424       34.60622535949980       -3.15030422968635
N          -13.88268245357755       28.65514316625255       -0.86732791102798
C          -12.66568106658204       28.50966576647705       -0.26865649284021
N          -12.49829656886730       27.38228929812353        0.35086095773249
C          -13.67586910449290       26.70033481189016        0.16856152337809
C          -14.56436920745748       27.48915785890983       -0.60449596203661
C          -15.81931271388089       26.94008081613936       -0.91062511069442
C          -17.00597312984789       27.26564249520701       -1.62497120384748
C          -17.85548212899750       26.20533168020429       -1.49811015673690
N          -17.27626116273750       25.22924493429404       -0.74747552826569
C          -16.03586925983996       25.63807033163733       -0.37441340924956
N          -15.20291567152671       24.89770663683226        0.36291534993807
C          -14.03008908677303       25.42863102416100        0.62825168160634
H          -13.04028691346176       31.15507371464756       -0.56646334367052
H          -12.42663023327406       30.63516005311103       -2.15173990770138
H          -13.14439472079262       33.02921670454685       -2.11750268565091
H          -14.10608357593502       32.06975912549720       -3.27137560762439
H          -16.92394666693299       32.07532652241903       -0.88733481971607
H          -16.47781185036336       31.49920132476336       -2.51348256327159
H          -16.42209165767958       29.61691593027693       -0.90828711668198
H          -15.34919290281028       30.52593469121035        0.15393255601446
H          -11.89967475004701       29.25550065090470       -0.30802226204095
H          -17.22516897806376       28.15734634403067       -2.17596120533943
H          -18.84201953304871       26.08279027033725       -1.89832386309461
H          -13.34605360081768       24.83788176019071        1.21850943995392
H          -17.68011821363510       24.34119356410356       -0.50198960058756
H          -15.21712096407200       28.43568053857818       -3.05483021908613
H          -15.17273468062512       30.10426500268006       -3.61705027604087
H          -13.68992530673085       29.15038894610147       -3.54998247183516
H          -16.33207196614576       35.65848465286294       -3.14837705897646
H          -16.96645474196643       34.00393629565885       -3.31495416512143
H          -15.30046281561821       34.39738057730847       -3.86474542368397
42
 energy: -67.911520777318 gnorm: 0.000075462708 xtb: 6.7.1 (edcfbbe)
C          -14.63522499257643       29.35126207629949       -3.05297426619527
C          -14.36969568178965       29.81457649387452       -1.61708096138856
C          -13.31634910660324       30.93563299024354       -1.59830277160993
C          -13.87097233313596       32.22192112054476       -2.21115008092220
N          -15.04334884821467       32.63076765668439       -1.47025177789220
C          -16.11599313654147       31.66150960646195       -1.49174132464187
C          -15.62011570885644       30.34867845162347       -0.89022991082231
S          -15.45289940100650       34.22080826383236       -1.50873572291258
O          -16.51674432276768       34.41540446194763       -0.54558740627977
O          -14.24199141316434       34.98306610714441       -1.28467917880580
C          -16.08330037006214       34.60785829268702       -3.14965354360762
N          -13.88283319778078       28.65500376234769       -0.86781498974581
C          -12.66571826436424       28.50970308924879       -0.26930890990648
N          -12.49816876804744       27.38248376385124        0.35044449867479
C          -13.67574860383629       26.70044961271599        0.16853434694691
C          -14.56439153139399       27.48900485522432       -0.60464669537537
C          -15.81931201123347       26.93970906163424       -0.91045968281874
C          -17.00599924240129       27.26489575168534       -1.62492503285320
C          -17.85561004373186       26.20476760328491       -1.49723265627883
N          -17.27641226077845       25.22913748225936       -0.74597367911688
C          -16.03591047453751       25.63804580659018       -0.37339805755031
N          -15.20284246115257       24.89799341213330        0.36411120974137
C          -14.02988891710392       25.42894571753405        0.62882904036753
H          -13.04107834500822       31.15476317983259       -0.56630334046592
H          -12.42661098820401       30.63532657698777       -2.15143451193873
H          -13.14458951201066       33.02925107887145       -2.11688182224646
H          -14.10578918567080       32.07006584592288       -3.27143077834956
H          -16.92467520035171       32.07472085933062       -0.88889365739517
H          -16.47752951443060       31.49921252856024       -2.51497701173906
H          -16.42271215312098       29.61639744655581       -0.91034839724626
H          -15.35055706639205       30.52513451196164        0.15286697482253
H          -11.89971629112589       29.25552330341597       -0.30894953923377
H          -17.22501576204946       28.15616460231600       -2.17668661929877
H          -18.84222902331654       26.08204844503598       -1.89719168333388
H          -13.34571991005696       24.83840063582356        1.21914217845895
H          -17.68045963465103       24.34134943675069       -0.49984632793065
H          -15.21593657696830       28.43504371525468       -3.05576987113718
H          -15.17271031897484       30.10375832319682       -3.61781945720264
H          -13.68916191875362       29.15096008159195       -3.55064635514577
H          -16.33112026536998       35.66013281507588       -3.14645634077391
H          -16.96546971576729       34.00584577951548       -3.31574645697807
H          -15.29904752869522       34.39997539315142       -3.86379942985888
42
 energy: -67.911521055895 gnorm: 0.000057976611 xtb: 6.7.1 (edcfbbe)
C          -14.63483045571842       29.35101100382515       -3.05372250261888
C          -14.36973542251857       29.81432616946406       -1.61774425990175
C          -13.31662394699301       30.93559842167799       -1.59850677729496
C          -13.87124777807112       32.22196489871353       -2.21117481762375
N          -15.04377946888797       32.63045800481775       -1.47032643906154
C          -16.11633609977375       31.66113058226890       -1.49257150145798
C          -15.62050844272997       30.34815932426078       -0.89129156987361
S          -15.45327101188632       34.22052591155128       -1.50802403350588
O          -16.51781434873735       34.41448508215527       -0.54549314015502
O          -14.24256561026197       34.98265423542382       -1.28231993987440
C          -16.08232548884533       34.60919736290005       -3.14907132580913
N          -13.88279795374165       28.65482098028161       -0.86839253333263
C          -12.66562378010777       28.50968034612914       -0.26995314428415
N          -12.49805007059399       27.38268065987790        0.35019041530020
C          -13.67566114758765       26.70061555786444        0.16862030916885
C          -14.56432190371098       27.48888495403937       -0.60483598230467
C          -15.81924280487380       26.93945840313357       -0.91040304485935
C          -17.00587387903236       27.26430446379290       -1.62511443413491
C          -17.85565819560727       26.20441423983901       -1.49661249662255
N          -17.27658881713636       25.22922752735962       -0.74466778998806
C          -16.03599350153192       25.63817634998022       -0.37246979822634
N          -15.20293695835559       24.89844603064789        0.36537201409693
C          -14.02986634204985       25.42938455266716        0.62960307635401
H          -13.04164683818959       31.15454923903724       -0.56638825006941
H          -12.42670688802530       30.63554932808661       -2.15148274616119
H          -13.14493850814641       33.02932828245128       -2.11658698270137
H          -14.10591224039172       32.07030045022749       -3.27151415266716
H          -16.92531452404848       32.07403237490582       -0.88990622199669
H          -16.47743041804970       31.49916385711397       -2.51601619448248
H          -16.42303274658922       29.61583030579944       -0.91202041163695
H          -15.35145650615030       30.52429517809068        0.15198704964965
H          -11.89961318958847       29.25547496522124       -0.30984022002512
H          -17.22464490962501       28.15513165158931       -2.17768728250381
H          -18.84232218160312       26.08155665245246       -1.89641659764072
H          -13.34564629628137       24.83903495487842        1.22005559399663
H          -17.68090388650327       24.34173845428941       -0.49790332875912
H          -15.21464934252632       28.43419979224815       -3.05665044256115
H          -15.17312770834672       30.10307855844501       -3.61837831226623
H          -13.68861357505763       29.15175721193883       -3.55153075628920
H          -16.33014124512539       35.66147023504752       -3.14479157342890
H          -16.96436397875598       34.00739902046117       -3.31659831165020
H          -15.29748159024152       34.40220442404897       -3.86282114278327
42
 energy: -67.911521323520 gnorm: 0.000087071504 xtb: 6.7.1 (edcfbbe)
C          -14.63456818253131       29.35078743707501       -3.05451812585783
C          -14.36972665450952       29.81407124549722       -1.61847697810980
C          -13.31683168806579       30.93554845944125       -1.59896842189821
C          -13.87168927286468       32.22195301349615       -2.21136029167685
N          -15.04423206143214       32.63005650399071       -1.47031788328111
C          -16.11664726729748       31.66059758146577       -1.49314077677190
C          -15.62076608336905       30.34750057485234       -0.89216222285342
S          -15.45370156718590       34.22014605099895       -1.50719003741571
O          -16.51906169254355       34.41340952687905       -0.54540464509929
O          -14.24324139029615       34.98215291586369       -1.27968015229792
C          -16.08122283574211       34.61034095416043       -3.14844686838627
N          -13.88264587444629       28.65467492082593       -0.86903629453329
C          -12.66549116853507       28.50974096617321       -0.27049857067332
N          -12.49794305279662       27.38295648905011        0.35004441049914
C          -13.67562021971369       26.70090736861042        0.16883472040249
C          -14.56421679018538       27.48887467745016       -0.60499907869558
C          -15.81913478899437       26.93935583234738       -0.91040438842423
C          -17.00561848977713       27.26384787840812       -1.62551779735545
C          -17.85561105167629       26.20421792024929       -1.49625294070130
N          -17.27677755964135       25.22950137373777       -0.74350787943060
C          -16.03612316254761       25.63848971282054       -0.37156120085163
N          -15.20318778695848       24.89911382600089        0.36676937187794
C          -14.02999443333916       25.42999733477627        0.63057243468123
H          -13.04195205538600       31.15432121599839       -0.56678266124178
H          -12.42682523297914       30.63579459254643       -2.15196229899242
H          -13.14549881028797       33.02940283577772       -2.11661412058964
H          -14.10644789106327       32.07047412970611       -3.27170623548535
H          -16.92582660171416       32.07315760254465       -0.89052006528404
H          -16.47748786441133       31.49895813702519       -2.51672976680972
H          -16.42318854248471       29.61507128760543       -0.91330825385326
H          -15.35198825860729       30.52336528319898        0.15123293999101
H          -11.89941098320598       29.25544437017599       -0.31076529475328
H          -17.22410362969146       28.15422602720105       -2.17892694964004
H          -18.84226957734954       26.08122902503906       -1.89602863684617
H          -13.34585129155423       24.83991299652684        1.22138447430788
H          -17.68137548114304       24.34232129485127       -0.49609922121068
H          -15.21334290823053       28.43330350392078       -3.05747432870959
H          -15.17386921039835       30.10234602975446       -3.61892185402858
H          -13.68823757755401       29.15268470999322       -3.55257896329599
H          -16.32912626715337       35.66259017433465       -3.14325701753342
H          -16.96305663407274       34.00865740329253       -3.31743931759507
H          -15.29568811026223       34.40419681534107       -3.86167881156316
42
 energy: -67.911521614809 gnorm: 0.000113244082 xtb: 6.7.1 (edcfbbe)
C          -14.63441200833797       29.35047327260568       -3.05539835568969
C          -14.36966494811871       29.81375517542452       -1.61933860707150
C          -13.31707285970647       30.93550975567557       -1.59974358008996
C          -13.87234763940979       32.22193134684973       -2.21172146576147
N          -15.04480255718689       32.62954787285550       -1.47026628096137
C          -16.11705921500750       31.65994598774613       -1.49351125103513
C          -15.62085677138966       30.34678312427139       -0.89296508879273
S          -15.45421938196727       34.21966179977586       -1.50610594478013
O          -16.52058953534413       34.41207987258840       -0.54526323103032
O          -14.24402031926726       34.98146196407321       -1.27648193298129
C          -16.07986616948500       34.61143851701928       -3.14767893081640
N          -13.88232145402862       28.65446879198914       -0.86990887622715
C          -12.66521856771228       28.50976294527689       -0.27121723464577
N          -12.49787576469827       27.38336918462229        0.35009529234871
C          -13.67563633403842       26.70135759012051        0.16925479958849
C          -14.56402250141198       27.48889590021691       -0.60524646053419
C          -15.81895395164519       26.93933647637452       -0.91050619219900
C          -17.00520904767294       27.26344291714684       -1.62617060572062
C          -17.85543436356841       26.20409125178683       -1.49616739410159
N          -17.27697949601458       25.22994071173481       -0.74239241373115
C          -16.03631348406664       25.63899641634511       -0.37055420820234
N          -15.20364303734693       24.90008230154360        0.36854108297922
C          -14.03034654286266       25.43090860211084        0.63200931803736
H          -13.04207826350930       31.15413199793738       -0.56755739268442
H          -12.42708190045171       30.63608563247281       -2.15293830392612
H          -13.14629928095881       33.02950977878251       -2.11696545583244
H          -14.10739043589163       32.07059144874040       -3.27202250567530
H          -16.92638456323407       32.07211050182784       -0.89081615496867
H          -16.47777493912564       31.49860161491447       -2.51719279589140
H          -16.42310785404277       29.61418641073071       -0.91436978486240
H          -15.35216717616596       30.52238563680038        0.15049856185917
H          -11.89906912594741       29.25537596307330       -0.31188130187997
H          -17.22334057888289       28.15331662889425       -2.18052773395639
H          -18.84201685666084       26.08094135475231       -1.89608079976077
H          -13.34636011636797       24.84112839849523        1.22330168478625
H          -17.68186509868494       24.34309459931359       -0.49426595960350
H          -15.21201417068044       28.43224187425340       -3.05834279305103
H          -15.17492091346021       30.10147270630407       -3.61939078799610
H          -13.68803801767878       29.15370927760531       -3.55389942869887
H          -16.32796899487932       35.66363753082629       -3.14168572685892
H          -16.96138870597585       34.00976324413193       -3.31831393384936
H          -15.29346705911237       34.40617362099476       -3.86021182571788
42
 energy: -67.911521865073 gnorm: 0.000100517671 xtb: 6.7.1 (edcfbbe)
C          -14.63443750496327       29.35018733787408       -3.05636894226430
C          -14.36961564278726       29.81344812629258       -1.62030690119945
C          -13.31727209894849       30.93544186133909       -1.60077852718448
C          -13.87313247494770       32.22184995516311       -2.21226367102846
N          -15.04541557547171       32.62894912617345       -1.47026109434100
C          -16.11746874811836       31.65915366137571       -1.49374762489313
C          -15.62090215735420       30.34593643549941       -0.89365447035580
S          -15.45471653134601       34.21910070298505       -1.50483550007800
O          -16.52219576069420       34.41054464206695       -0.54503633886954
O          -14.24474311910416       34.98057859541066       -1.27298056003968
C          -16.07832954291408       34.61251763066967       -3.14677235058354
N          -13.88196085426576       28.65431078107234       -0.87086968492025
C          -12.66497157148631       28.50991420974577       -0.27188388860021
N          -12.49785208343234       27.38394211509283        0.35025380827207
C          -13.67570917602830       26.70197549418671        0.16983336903650
C          -14.56385884356774       27.48904581918929       -0.60540194048641
C          -15.81876911285058       26.93941419356764       -0.91059750072090
C          -17.00467146401796       27.26300863449558       -1.62707646863717
C          -17.85514760092060       26.20395328561943       -1.49630869607119
N          -17.27715316473358       25.23044530161907       -0.74135144278134
C          -16.03652435775551       25.63962171412609       -0.36950386063848
N          -15.20420409000504       24.90126300540576        0.37054564006760
C          -14.03081263432333       25.43203748572196        0.63370473359483
H          -13.04201335942964       31.15391195601783       -0.56863103515352
H          -12.42736445635795       30.63637698348435       -2.15431112818657
H          -13.14726237704585       33.02959122771858       -2.11757015402626
H          -14.10859520924048       32.07066780629394       -3.27249528514457
H          -16.92684710162730       32.07091300456361       -0.89086020209899
H          -16.47824402214407       31.49810001008793       -2.51745762776863
H          -16.42297127217781       29.61313586668522       -0.91512268924559
H          -15.35209217820069       30.52135204610627        0.14981317416944
H          -11.89867130011838       29.25534270197399       -0.31317689129393
H          -17.22241143627042       28.15233729924543       -2.18245782679759
H          -18.84159162999493       26.08059405993687       -1.89649850581352
H          -13.34713249138736       24.84270369290557        1.22579188214225
H          -17.68226666074154       24.34391470963276       -0.49247883187047
H          -15.21084783045049       28.43121925303817       -3.05925772353846
H          -15.17619173542510       30.10061774585481       -3.61991705257811
H          -13.68808136221743       29.15473611337996       -3.55539343374328
H          -16.32673513698573       35.66464328910912       -3.14007593963915
H          -16.95945431749964       34.01075159789796       -3.31914192012723
H          -15.29096201464720       34.40815052037991       -3.85849689654952
42
 energy: -67.911521977852 gnorm: 0.000066018848 xtb: 6.7.1 (edcfbbe)
C          -14.63456758800816       29.35001392871319       -3.05698473532227
C          -14.36960338831145       29.81322194434049       -1.62093574161933
C          -13.31744818498981       30.93538308467576       -1.60154293179805
C          -13.87366100778554       32.22179113475147       -2.21270841925082
N          -15.04581433946748       32.62858531890701       -1.47034136824704
C          -16.11776810082054       31.65870293112769       -1.49380899623616
C          -15.62084709307665       30.34549032232045       -0.89403227593239
S          -15.45494873283941       34.21877577720679       -1.50398751230784
O          -16.52308893313196       34.40958187578067       -0.54481404451791
O          -14.24503716909506       34.97993519978294       -1.27083457300210
C          -16.07734064106383       34.61321431291531       -3.14613336167470
N          -13.88170550132505       28.65415766955235       -0.87156107430261
C          -12.66479163805858       28.50997430440026       -0.27238248057479
N          -12.49790216340405       27.38438320474694        0.35050998422615
C          -13.67580827800989       26.70242917836388        0.17033432619861
C          -14.56374352857972       27.48911512185504       -0.60553017795437
C          -15.81863516222778       26.93943244129427       -0.91069211211923
C          -17.00432054633658       27.26269736844910       -1.62767701915118
C          -17.85486737326769       26.20373773988678       -1.49660100558221
N          -17.27719845999603       25.23068442983320       -0.74081232095265
C          -16.03665868462895       25.64001523751507       -0.36882078187471
N          -15.20460965117983       24.90207436195588        0.37195309543287
C          -14.03120261458292       25.43286701647039        0.63501303791988
H          -13.04193316706068       31.15377395958816       -0.56944878757127
H          -12.42765080847781       30.63649159160070       -2.15534412648992
H          -13.14788858647887       33.02963037265528       -2.11809025641056
H          -14.10940801412158       32.07069235567035       -3.27288809563978
H          -16.92711140866277       32.07025584752785       -0.89073173637794
H          -16.47868544191356       31.49776912219547       -2.51748960780279
H          -16.42278367553354       29.61254748750911       -0.91545233628830
H          -15.35186851648876       30.52080455338435        0.14941408217832
H          -11.89841436823469       29.25530525335105       -0.31404962039364
H          -17.22184681537937       28.15171044048907       -2.18364301445785
H          -18.84116134834951       26.08017829555983       -1.89710003667035
H          -13.34773977013258       24.84384291134748        1.22765202542504
H          -17.68237251361411       24.34430200025954       -0.49151716424690
H          -15.21038404472810       28.43067938713198       -3.05980369918261
H          -15.17699516752707       30.10019433792292       -3.62021986303647
H          -13.68825109401496       29.15524343773280       -3.55634627722872
H          -16.32598612797673       35.66528035801795       -3.13905493392307
H          -16.95818340790497       34.01133562294262       -3.31954921905221
H          -15.28936694521188       34.40939875927308       -3.85734684417412
42
 energy: -67.911522024261 gnorm: 0.000034986255 xtb: 6.7.1 (edcfbbe)
C          -14.63474641588997       29.34995117554755       -3.05720689993138
C          -14.36963952081032       29.81316812986967       -1.62118355006192
C          -13.31748644692734       30.93533773346635       -1.60189259229373
C          -13.87383023652565       32.22173425393251       -2.21295111624833
N          -15.04592611369780       32.62845886611571       -1.47046318498435
C          -16.11785857300685       31.65855771585059       -1.49378570958753
C          -15.62083215975001       30.34534398860254       -0.89411166674688
S          -15.45491851649009       34.21867975388090       -1.50366805506504
O          -16.52322993745790       34.40924735675890       -0.54465347837196
O          -14.24495284016686       34.97963025427283       -1.27017952052065
C          -16.07698287445729       34.61353137642183       -3.14583855196955
N          -13.88166515863306       28.65412969069336       -0.87182734511310
C          -12.66479457495233       28.51006723954170       -0.27253331286820
N          -12.49798400269797       27.38464018055173        0.35067542922717
C          -13.67590512845671       26.70267908171936        0.17062050952857
C          -14.56376843255640       27.48919303851909       -0.60549943571928
C          -15.81861688834970       26.93943136181323       -0.91069048383016
C          -17.00416253305376       27.26246569481297       -1.62800997916683
C          -17.85471651286683       26.20352808401294       -1.49679863586849
N          -17.27713667753623       25.23065367191703       -0.74071589783668
C          -16.03667818956194       25.64011687820662       -0.36859318425482
N          -15.20474883714010       24.90239296941067        0.37252954476897
C          -14.03138490004082       25.43326147913630        0.63562699326124
H          -13.04184345709008       31.15373361509256       -0.56983457878845
H          -12.42774949728511       30.63648487383529       -2.15581600439871
H          -13.14807600180987       33.02959329950920       -2.11837118000671
H          -14.10967615782444       32.07065654197831       -3.27311121750743
H          -16.92711613672958       32.07007577835149       -0.89057185434129
H          -16.47894407479551       31.49764409715643       -2.51741188722625
H          -16.42274747008245       29.61236950906289       -0.91544103505798
H          -15.35172012444151       30.52064404473625        0.14930368942061
H          -11.89836178701394       29.25532936654437       -0.31442402783082
H          -17.22162557105593       28.15135341332417       -2.18420218468201
H          -18.84092209001622       26.07983661958006       -1.89747287096439
H          -13.34803481101445       24.84441908956335        1.22857806915750
H          -17.68225779529616       24.34427843757125       -0.49130841433978
H          -15.21048793840759       28.43056918368474       -3.06002256500464
H          -15.17730298443987       30.10012096173981       -3.62032152977765
H          -13.68848692608623       29.15530093553890       -3.55671415183235
H          -16.32575591177417       35.66556418124461       -3.13860482557549
H          -16.95770721188900       34.01157770627265       -3.31959527194656
H          -15.28881858392048       34.40994836916381       -3.85690803563066
