48
 energy: -73.134909081903 gnorm: 0.142180412464 xtb: 6.7.1 (edcfbbe)
C          -17.51999091700000       35.81121698100000        1.00161952200000
C          -17.66137923500000       36.03084283000000       -0.49676064200000
C          -19.11034765600000       36.13660753000000       -0.96018250900000
C          -16.76606457400000       37.12816227800000       -1.04808131800000
O          -17.28447922800000       34.73193311600000       -1.17731181300000
C          -16.03212711100000       34.21428202100000       -1.08010794900000
O          -15.10708922800000       34.70473815800000       -0.44269230600000
N          -15.94312669500000       33.08560857800000       -1.89861264900000
C          -14.83041446200000       32.11700147600000       -1.67395894900000
C          -14.53936737200000       31.37181403500000       -2.99978128700000
C          -14.47102096300000       29.87480947400000       -2.66962652100000
C          -15.23390991300000       29.69697332500000       -1.33520878100000
C          -15.19412776500000       31.05588476300000       -0.60543704700000
N          -14.62636743900000       28.61164776000000       -0.52554462600000
C          -13.35244430500000       28.63309797700000        0.10282207500000
N          -13.06595979700000       27.46029390100000        0.69816628800000
C          -14.16249561800000       26.61882671700000        0.44629641000000
C          -15.14322974800000       27.32706991400000       -0.33219294800000
C          -16.31934976400000       26.65386768000000       -0.72292672900000
C          -17.49982600100000       26.92243700100000       -1.47644270300000
C          -18.26570591000000       25.76007360800000       -1.48161419600000
N          -17.60987394000000       24.75704621400000       -0.75215434100000
C          -16.40775380500000       25.28341728900000       -0.27676262500000
N          -15.47245276300000       24.59092481300000        0.48483343500000
C          -14.37389730700000       25.26114629900000        0.83474276100000
H          -16.82470421100000       32.68378958800000       -2.24921433100000
H          -13.93041597800000       32.70051037400000       -1.34440948400000
H          -15.34610088300000       31.55899758300000       -3.74931830900000
H          -13.57624474500000       31.72549671900000       -3.43592832800000
H          -13.40838743900000       29.55081156300000       -2.56484964600000
H          -14.94265799800000       29.26438183900000       -3.47289091300000
H          -16.30231722400000       29.41324875100000       -1.53550818600000
H          -14.43369616800000       31.07063856500000        0.20956638700000
H          -16.18214095700000       31.26621566700000       -0.13261703600000
H          -12.70641338100000       29.50800839400000        0.08736528200000
H          -17.75534493000000       27.84588825700000       -1.96033395100000
H          -19.22345192300000       25.57898147800000       -1.95192792800000
H          -13.61956663800000       24.73678472400000        1.43881180200000
H          -17.94066697000000       23.81079269200000       -0.60221310600000
H          -19.16021979900000       36.30870581500000       -2.05940647400000
H          -19.60813060300000       36.98697060300000       -0.43948972400000
H          -19.65979188000000       35.19645599300000       -0.72248744200000
H          -16.45009954800000       35.64540230500000        1.27145889000000
H          -18.10952125500000       34.92161490800000        1.32103263200000
H          -17.89262019000000       36.70500606800000        1.55298647800000
H          -15.70578876200000       36.95420479900000       -0.74713243900000
H          -16.82039290700000       37.15589225300000       -2.16005456500000
H          -17.09402409500000       38.11607732800000       -0.64972016000000
48
 energy: -73.162240054497 gnorm: 0.053226548137 xtb: 6.7.1 (edcfbbe)
C          -17.52268402891264       35.81390826431728        0.99304789056419
C          -17.65175783284023       35.99790654908875       -0.51405747006389
C          -19.10662002942508       36.14460372941486       -0.95265671606935
C          -16.77342346025489       37.12309861461922       -1.04401156919342
O          -17.26523242503768       34.71676128281894       -1.18575961920575
C          -16.02436296873557       34.20734263243475       -1.09507201896286
O          -15.10851611657954       34.67928802441345       -0.44818084976122
N          -15.92953674655933       33.08567544039369       -1.87662779004260
C          -14.84172528239593       32.11740812570886       -1.67755790191164
C          -14.54089195178698       31.36980832509271       -2.99225836239541
C          -14.47114503413774       29.87554285472491       -2.66123764217098
C          -15.21605492840458       29.68199895203492       -1.32566013498904
C          -15.18837751616046       31.04864091674605       -0.61582034573866
N          -14.63298299894994       28.59881873743458       -0.52795572390407
C          -13.39204115951764       28.60390738417015        0.09471248697434
N          -13.09889917567325       27.46609844208947        0.67770150815295
C          -14.17775111549350       26.63195851654427        0.43305356819649
C          -15.14469252397327       27.33195054614177       -0.33569081107656
C          -16.31239804546928       26.65549827259519       -0.72062988221676
C          -17.49205497806912       26.91228619358955       -1.46916461866749
C          -18.23553708270719       25.76161846612368       -1.46556008844756
N          -17.58128868100009       24.78357246112850       -0.74614245390189
C          -16.39751477144232       25.30148325285807       -0.27799835542343
N          -15.48245025874152       24.62729040497948        0.46722743572143
C          -14.39417710261855       25.29009727447763        0.81348770180913
H          -16.80249519230469       32.70171998216797       -2.22941462288549
H          -13.96959315824525       32.70655213862653       -1.35200829853850
H          -15.33621708232688       31.56587048424949       -3.72170737250833
H          -13.60185635224197       31.72201206538952       -3.43379956333621
H          -13.42851064329333       29.55209697240458       -2.55156137030802
H          -14.92327073016942       29.26739973510513       -3.45343255757256
H          -16.26282138014290       29.39874061190648       -1.52094962718149
H          -14.44452698124670       31.05964544201615        0.18932707546347
H          -16.15705676153071       31.26611155784533       -0.14658557601883
H          -12.74561092617321       29.46573688443684        0.08551708113800
H          -17.75894388414764       27.82984328006530       -1.95630369207675
H          -19.18842617759763       25.57261883089662       -1.92909147325375
H          -13.65476282078864       24.75873359389377        1.40999025690250
H          -17.91206220116985       23.84131206971828       -0.59629933089744
H          -19.15882830046906       36.30800056471741       -2.03270102896510
H          -19.59472966065112       36.98020163532826       -0.44357208694817
H          -19.65056701948694       35.22391785385671       -0.72211372088226
H          -16.47456559002066       35.65162205306540        1.26644273447185
H          -18.10116927887481       34.94239441045897        1.31604060030773
H          -17.88766297785405       36.69388546800168        1.53121917934736
H          -15.73028712748043       36.96165431752028       -0.75218811069569
H          -16.82185209604586       37.15669323199761       -2.13704486708824
H          -17.09756744285190       38.09127315639091       -0.65015186474999
48
 energy: -73.167468201015 gnorm: 0.015979631963 xtb: 6.7.1 (edcfbbe)
C          -17.51982295124390       35.80569566555656        0.98303392948341
C          -17.63992781424303       35.97043800538613       -0.53010064918436
C          -19.09886345056972       36.13984966520583       -0.95389949185405
C          -16.77166943946589       37.11258467906786       -1.04757678342745
O          -17.25311536327427       34.70744183916779       -1.19025308074533
C          -16.02387522957689       34.19123717595081       -1.08789505504663
O          -15.10316409788702       34.66260930075390       -0.44729146472063
N          -15.92805168397616       33.07134009917110       -1.84345881733456
C          -14.84713450703365       32.11393158582715       -1.67041112033949
C          -14.55135000383308       31.36859435469669       -2.98407602472347
C          -14.46254125049475       29.87659070644812       -2.65263562369255
C          -15.21506049188482       29.67663687474003       -1.32510641789741
C          -15.18379293359582       31.04002497288356       -0.61167616159100
N          -14.64029107678995       28.60172629765914       -0.53907726370254
C          -13.42228076333805       28.59500082688162        0.08057853190820
N          -13.12148163246799       27.47911955603020        0.66245420238983
C          -14.18954428764011       26.64872715839482        0.41956341767503
C          -15.14940588912579       27.34643779781204       -0.34595699108586
C          -16.31152429286266       26.66848299919846       -0.72584687474478
C          -17.49250111078757       26.91537284297892       -1.47076353062175
C          -18.21737232013055       25.76262652724805       -1.45470673384360
N          -17.55996090052587       24.80460260018629       -0.74053139304985
C          -16.39028952171207       25.32240321165608       -0.28102118263321
N          -15.49031695450153       24.65851725369600        0.45246709268283
C          -14.40660845822262       25.31673888668233        0.79670702298752
H          -16.79617656639610       32.70865978241022       -2.21182951826425
H          -13.99044821825943       32.70738595325783       -1.34669393300548
H          -15.35063395964073       31.55951233585848       -3.69642785388544
H          -13.62520804165756       31.72138965013923       -3.42912134129335
H          -13.42513105240194       29.56801893776596       -2.53103571000523
H          -14.89975950111813       29.26699207851659       -3.44031305032029
H          -16.24791333146191       29.38634787392392       -1.51752933578606
H          -14.43773656705875       31.04681362828999        0.17923481385906
H          -16.14436381884439       31.25816946862203       -0.14723607920887
H          -12.77547374170562       29.44939265674459        0.07907214156424
H          -17.77015690236126       27.82703879286063       -1.96104885004381
H          -19.16673753046247       25.56039692293199       -1.91026242472367
H          -13.67826322902091       24.77974203558954        1.38790631295162
H          -17.88455812848044       23.86424008939021       -0.58600760062134
H          -19.15577296504066       36.30632567632426       -2.02443786270826
H          -19.55193691357324       36.97809991746134       -0.43835683064282
H          -19.65059542858592       35.23602563459897       -0.71548732647492
H          -16.48095121108237       35.64972468302960        1.26001311070721
H          -18.10146801011398       34.94842129580622        1.31122926695520
H          -17.88596351823724       36.69286632223715        1.48838504811039
H          -15.73725184198404       36.95972871707837       -0.75323952851793
H          -16.82313403210464       37.15528917565966       -2.13212076702522
H          -17.11591906522441       38.05728749222377       -0.64041221750912
48
 energy: -73.168218485074 gnorm: 0.008962409539 xtb: 6.7.1 (edcfbbe)
C          -17.51720594376686       35.79987102818856        0.97644194368082
C          -17.63405593520339       35.95509796732316       -0.53857730013769
C          -19.09391442522233       36.13759889942125       -0.95494637358110
C          -16.77072180310446       37.10443854989283       -1.05019181834445
O          -17.25001389191840       34.70173517448956       -1.19707464470664
C          -16.02188383962127       34.18575095900334       -1.08858464012985
O          -15.10080826505047       34.65475028539446       -0.44253735598787
N          -15.93207815925241       33.05741208372165       -1.82772988181608
C          -14.84811526096675       32.10861510399647       -1.66189450626096
C          -14.55977063795458       31.37090779555760       -2.98055574544436
C          -14.45360537047674       29.88065185559488       -2.64852681139773
C          -15.21638140116554       29.67565351120502       -1.32850486528558
C          -15.18119614656869       31.03198822856686       -0.60508403569817
N          -14.64220584452573       28.60547824780458       -0.54522272005994
C          -13.42760992553352       28.60238591250879        0.07560013575081
N          -13.12337193838857       27.48559344743961        0.65847260960268
C          -14.19227690569845       26.65540847766616        0.41538362825306
C          -15.15328454087347       27.35272872459103       -0.35216619033433
C          -16.31559969391154       26.67781313926729       -0.73249125667205
C          -17.49863595693021       26.92046738349377       -1.47662068152267
C          -18.21944700842332       25.76309741851123       -1.45391967814452
N          -17.55781132738999       24.81059607612694       -0.73873153072652
C          -16.39008801205003       25.33198244090131       -0.28331822202973
N          -15.49152589678881       24.66774211025376        0.44961983142552
C          -14.40678187474501       25.32548436581233        0.79366618458755
H          -16.80025468090485       32.70521982734379       -2.20658474037101
H          -13.99284712296312       32.70535635947046       -1.33924752699212
H          -15.37351812867419       31.55336543930292       -3.67958707555809
H          -13.64228156098323       31.73389049624540       -3.43656332917277
H          -13.41276629186003       29.58871632971732       -2.50970083828922
H          -14.87282734042421       29.26163816315756       -3.43948456674935
H          -16.24788440061205       29.38467443406520       -1.52670854183784
H          -14.42864330928592       31.03011991781291        0.17971165906484
H          -16.13917645108817       31.24934598937972       -0.13556492369236
H          -12.78044437620919       29.45663302291888        0.07463763278987
H          -17.78133603741651       27.82907249168261       -1.96885813568656
H          -19.16853054186976       25.55345405065597       -1.90519531285165
H          -13.67952694197396       24.78776490666915        1.38298701357007
H          -17.87629428802311       23.86987589253636       -0.57834402600168
H          -19.15651529886619       36.30269547261840       -2.02575429229372
H          -19.52521616056492       36.98623258198626       -0.43506924237052
H          -19.65701723000914       35.24259609379718       -0.70753563359825
H          -16.47932607480700       35.64304020526449        1.25778538275081
H          -18.10466263394680       34.94839694805528        1.31043028580712
H          -17.88298106001466       36.69670812065259        1.46605403890723
H          -15.73528714074072       36.95667829558447       -0.75565178072633
H          -16.82283286741326       37.15503629987861       -2.13464223952744
H          -17.12694005581833       38.04083947847204       -0.63281988119126
48
 energy: -73.168747255565 gnorm: 0.006071029530 xtb: 6.7.1 (edcfbbe)
C          -17.51410766622527       35.79339228771678        0.96789567386870
C          -17.62911732215306       35.94149051927485       -0.54898505744861
C          -19.08982093324479       36.13831255087319       -0.95694971733952
C          -16.76808262920540       37.09642833994063       -1.05474384517331
O          -17.25171543242624       34.69873106448106       -1.20284644500300
C          -16.02720459905578       34.17588742225155       -1.07697340056966
O          -15.10272453259573       34.65035501839485       -0.43696657057404
N          -15.94443798920065       33.04150510324778       -1.80149161911336
C          -14.85204751215337       32.10520156299221       -1.65301967227653
C          -14.57463979027096       31.37486472614803       -2.97752009994137
C          -14.43239163341385       29.88921163404703       -2.64255978263190
C          -15.21265585265039       29.67326738912004       -1.33501041780282
C          -15.17508617042249       31.02169107087434       -0.60052947826814
N          -14.64156989865490       28.60571438848329       -0.55390342382482
C          -13.42874279550093       28.60755665720457        0.06726583365533
N          -13.12513719017965       27.49008728814830        0.65630233999890
C          -14.19444136436964       26.65916810486431        0.41102709937704
C          -15.15647870484048       27.35581079694925       -0.36014046829794
C          -16.32098128892369       26.68660991360719       -0.74109561022489
C          -17.50713320046492       26.92445703487427       -1.48332352938387
C          -18.22612817602503       25.76369909517104       -1.45291058600518
N          -17.56027457295879       24.81604404203102       -0.73572400145446
C          -16.39218554627732       25.34099473196004       -0.28547048563301
N          -15.49432638082398       24.67485801789574        0.44758943848094
C          -14.40655395256203       25.33132806916861        0.79168289025061
H          -16.81069884331316       32.70234424244114       -2.19707597979373
H          -13.99727216746358       32.70481361453582       -1.33060670575484
H          -15.41331912750865       31.53642942014833       -3.65484913437133
H          -13.67580240398980       31.75755677196018       -3.45787869838955
H          -13.38448955734815       29.63025966693016       -2.47662191028450
H          -14.81620733902320       29.25275010196336       -3.44014934760089
H          -16.24356303643356       29.38544762296699       -1.54686231324616
H          -14.41319951680121       31.00986911822126        0.17593656547543
H          -16.12787629533152       31.23582907538763       -0.11814524773334
H          -12.78028263492071       29.46160982479870        0.06687302262316
H          -17.79553954682206       27.82915014101356       -1.97861441220669
H          -19.17580647761255       25.54693112706576       -1.89904091244588
H          -13.68029768784003       24.79327781744947        1.38081166852347
H          -17.87112322762187       23.87466078230903       -0.56612828225257
H          -19.16082543942359       36.29452625412024       -2.02932913649947
H          -19.49666561623950       37.00159760867665       -0.43934972634426
H          -19.66868169228109       35.25680710855126       -0.69334286774769
H          -16.47775010828105       35.63059490564689        1.25390381584891
H          -18.11008439473949       34.94996295037647        1.30948251971858
H          -17.87408667386202       36.69972050091032        1.44451159609528
H          -15.73124579725087       36.95190873903364       -0.76104957011723
H          -16.82073033535253       37.15612253953514       -2.13934086667633
H          -17.13196694594022       38.02576324023804       -0.62793314048547
48
 energy: -73.169039754908 gnorm: 0.008124935970 xtb: 6.7.1 (edcfbbe)
C          -17.51371779987037       35.79209520553209        0.96499344142836
C          -17.62961141029786       35.93963356271854       -0.55249384056341
C          -19.09023646615078       36.14337988931462       -0.95737156938133
C          -16.76735334523503       37.09528023251601       -1.05696638228800
O          -17.25548510560019       34.70303706373777       -1.20811697680123
C          -16.03111553228467       34.17746165088860       -1.07726760078681
O          -15.10739340407296       34.64981332721297       -0.43418182608306
N          -15.95581192691907       33.03377494488588       -1.78582284273316
C          -14.85873820009198       32.10341004216728       -1.64808063793728
C          -14.58924812868358       31.37858472744979       -2.97702592658603
C          -14.40962563830901       29.89852648665162       -2.63771932416891
C          -15.20326506591496       29.67069505145892       -1.34039799108465
C          -15.16901193774796       31.01410603581443       -0.59756827557361
N          -14.63760657538907       28.60066598842167       -0.56005197478094
C          -13.42581722010624       28.60335056445149        0.06314116799999
N          -13.12412963872712       27.48488027473978        0.65319323614368
C          -14.19544240392603       26.65588922901040        0.40947174611630
C          -15.15612116168431       27.35263666362385       -0.36459636925119
C          -16.32315442338991       26.68751993794697       -0.74504904136956
C          -17.51064060603787       26.92420409405718       -1.48568534264722
C          -18.23160995079494       25.76436968200646       -1.45118879993215
N          -17.56554284938589       24.81747840220426       -0.73284863790459
C          -16.39558054889468       25.34249578354024       -0.28551814733575
N          -15.49899619021766       24.67473714705486        0.44820376714339
C          -14.40899131134935       25.32933573656972        0.79245204174852
H          -16.81996280590326       32.70252105179782       -2.19211607488624
H          -14.00352835266106       32.70522487566203       -1.32942781346353
H          -15.44660865099582       31.51780419767699       -3.63773107319553
H          -13.70876621903386       31.77968979368762       -3.47812555623232
H          -13.35643871480029       29.67010509747197       -2.45341780846157
H          -14.76264123120518       29.24815346049228       -3.43948930170120
H          -16.23297452957346       29.38591806877826       -1.56576215283913
H          -14.40025739572351       31.00056416288843        0.17253886916389
H          -16.11840634329457       31.22178972659963       -0.10493755291325
H          -12.77510238085097       29.45597154798332        0.06238588501539
H          -17.80075724887793       27.82712711325032       -1.98315092848968
H          -19.18244430127575       25.54666932630138       -1.89453987343721
H          -13.68310918802331       24.79045743947062        1.38159070693789
H          -17.87359159108510       23.87623447188507       -0.55702832418179
H          -19.16425009976138       36.28762984223663       -2.03161240368924
H          -19.48731345280719       37.01602039904637       -0.44875667394033
H          -19.67608421536968       35.27018414370560       -0.68126557054337
H          -16.47794297190759       35.62200270362452        1.24983668938009
H          -18.11502895395106       34.95273770297329        1.30784333374444
H          -17.86628929974579       36.70106211717721        1.44119492653473
H          -15.73005841434631       36.94799033940483       -0.76538125422314
H          -16.82094514151544       37.15742158085591       -2.14161670541201
H          -17.12875165620967       38.02395911705452       -0.62773523553834
48
 energy: -73.169549096741 gnorm: 0.011606275411 xtb: 6.7.1 (edcfbbe)
C          -17.51576696932758       35.79496367557442        0.96187681783799
C          -17.63395503856538       35.94637854731806       -0.55589299544273
C          -19.09411162978929       36.15793601479340       -0.95759939584620
C          -16.76635571405592       37.09962490751511       -1.06042537657656
O          -17.26610218678112       34.71336458538080       -1.21311750807703
C          -16.04416690994081       34.17727529706819       -1.07025951081705
O          -15.11847139694345       34.65198579107399       -0.43295587363804
N          -15.98154141266955       33.02204533820938       -1.75708959884256
C          -14.87417858865118       32.10165148138862       -1.64361983061968
C          -14.61878682702845       31.38443038904877       -2.97909538110487
C          -14.36069241512434       29.91761166470644       -2.62953309880095
C          -15.17766391933507       29.66479292163003       -1.35187196398870
C          -15.15628454358301       31.00099634894471       -0.59579376326865
N          -14.62541973413487       28.58622059632125       -0.57229440994053
C          -13.41458694298671       28.58550080281320        0.05464799851240
N          -13.12111853126742       27.46712359903480        0.64949378578085
C          -14.19595104775805       26.64312073717987        0.40650893704742
C          -15.15228659004265       27.34194735268661       -0.37170810630866
C          -16.32470693582671       26.68375711850240       -0.74941729561479
C          -17.51335813775149       26.92181919600822       -1.48711819613928
C          -18.24123052031779       25.76667920978387       -1.44647989466676
N          -17.57815747560699       24.81850314135015       -0.72622202843654
C          -16.40343332041685       25.34035929279468       -0.28378971158183
N          -15.51021057121527       24.66918384541640        0.45134950565007
C          -14.41589286070234       25.31880509728577        0.79419092186412
H          -16.84035417477908       32.70160510021950       -2.18102183691328
H          -14.01803330856852       32.70750008383033       -1.33370849633417
H          -15.50996367886865       31.47479622308450       -3.60776722582514
H          -13.77726669856612       31.82312390841370       -3.51942395884821
H          -13.29910123093660       29.75189009039067       -2.41344910709672
H          -14.65392651257817       29.24095398461812       -3.43616522200974
H          -16.20370859111845       29.38528759347934       -1.60455787672548
H          -14.37517029199324       30.99162023296388        0.16236987127481
H          -16.10067908967081       31.19109709290248       -0.08530352339570
H          -12.75890980120255       29.43440161535830        0.05368627146808
H          -17.80319351247471       27.82301270372869       -1.98823981393077
H          -19.19480843432249       25.55186192729063       -1.88579068026307
H          -13.69239400028383       24.77873271201868        1.38606933928109
H          -17.88490563232541       23.87860892340116       -0.54013627805896
H          -19.17062521209288       36.27451049832614       -2.03587587465118
H          -19.47949893683055       37.04774921708376       -0.47140167136027
H          -19.68879334707256       35.29864672428340       -0.65714970373342
H          -16.48090898960935       35.60945332140900        1.24212388483515
H          -18.12621980354381       34.96159508061401        1.30369678215021
H          -17.85354823192539       36.70619739246805        1.44342895926017
H          -15.72890086896155       36.94274140029238       -0.77318478450892
H          -16.82294019180950       37.16191854964249       -2.14514081455874
H          -17.11721924064305       38.03121867635171       -0.63004226603726
48
 energy: -73.170007432589 gnorm: 0.010594955715 xtb: 6.7.1 (edcfbbe)
C          -17.52031922757871       35.80271994526066        0.96256149790080
C          -17.64079045757314       35.96043923037885       -0.55455730419834
C          -19.09998970183385       36.17405493571162       -0.95739322490436
C          -16.76663826320522       37.10798123859159       -1.06226840821277
O          -17.27689057061910       34.72431038590450       -1.21492664953805
C          -16.05678532259012       34.17994183367298       -1.06834626367415
O          -15.12921422630305       34.65484117185772       -0.43572908978103
N          -16.00526226273827       33.01448193716077       -1.73750087730341
C          -14.89069079835390       32.09977758761572       -1.64243118644406
C          -14.64341501919643       31.38651455072213       -2.98101773040255
C          -14.31880698962475       29.93492713095460       -2.62395845600770
C          -15.14957063910324       29.65803820196514       -1.36159361872860
C          -15.14568657067189       30.98969444358063       -0.59583984048498
N          -14.60939796369001       28.56980275436148       -0.58347031238891
C          -13.39910221319797       28.56188226361060        0.04727357171191
N          -13.11479580379905       27.44396630631264        0.64495449715745
C          -14.19468124598808       26.62692583835504        0.40429480801533
C          -15.14503758219370       27.32904593382971       -0.37727457144444
C          -16.32255499385450       26.67574865677808       -0.75053217424078
C          -17.51088704501011       26.91915001808340       -1.48605225656909
C          -18.24783483573492       25.77068845809135       -1.44130860258436
N          -17.59061592461954       24.81900801155924       -0.71966722518286
C          -16.41099697641476       25.33457323107328       -0.28040515442785
N          -15.52176178452531       24.66046077484320        0.45681490979562
C          -14.42409688482111       25.30477231149531        0.79725163596476
H          -16.85947985984816       32.69955428098282       -2.17248890104384
H          -14.03365180920302       32.70907764174174       -1.34217159657916
H          -15.55415941281161       31.43264120287349       -3.58580798668536
H          -13.83663731304314       31.85351455168757       -3.54843681549615
H          -13.25508831681560       29.82191992056283       -2.38916587632399
H          -14.56452122223093       29.24288318159336       -3.43175468231293
H          -16.17081285783576       29.38158896419923       -1.63692216951809
H          -14.35566266992921       30.99069929382805        0.15316408281701
H          -16.08770847734807       31.16024023518444       -0.07413628980547
H          -12.73863116787291       29.40682032906268        0.04631896317663
H          -17.79623107717768       27.82075544484152       -1.98956856562156
H          -19.20425034025858       25.56288746355212       -1.87847613770532
H          -13.70307439130966       24.76311046046064        1.39162251879561
H          -17.90142390207779       23.88162735577272       -0.52709390059593
H          -19.17644644743872       36.26507966801459       -2.03850607706854
H          -19.48125050204467       37.07710322199920       -0.49385531478645
H          -19.69903787152790       35.32540134069223       -0.63728605942806
H          -16.48632517773056       35.60518708385185        1.23794973782200
H          -18.13711790574394       34.97288795017307        1.30113752833987
H          -17.84670810305905       36.71350942117752        1.45262576548593
H          -15.72944393243920       36.94126739336856       -0.77935745270317
H          -16.82695423209634       37.16837921146056       -2.14690177748187
H          -17.10505970691620       38.04471723514912       -0.63296696630878
48
 energy: -73.170359348660 gnorm: 0.006377509267 xtb: 6.7.1 (edcfbbe)
C          -17.52590656230712       35.81397945341605        0.96423112325193
C          -17.64648488320032       35.97466940084824       -0.55198882262021
C          -19.10483096573235       36.18885660797097       -0.95738662147052
C          -16.76722551242856       37.11596123065122       -1.06339279550799
O          -17.28634513901171       34.72922105119019       -1.21158644193697
C          -16.06975029955526       34.17709115694155       -1.06429605678569
O          -15.13728703208305       34.65474685657753       -0.44182549937119
N          -16.02552482369708       33.00673228041538       -1.72449571419872
C          -14.90614529283783       32.09555932243647       -1.64280173271903
C          -14.66147809399181       31.38396790886665       -2.98244104035610
C          -14.28835068298872       29.94786556894086       -2.62125484060167
C          -15.12459605321302       29.65004212875170       -1.36923039213651
C          -15.14023296019685       30.97901674354833       -0.59698832396580
N          -14.59126146665609       28.55552916018521       -0.59371273677456
C          -13.38140432592814       28.53845066392120        0.03905905911614
N          -13.10635777141988       27.42192389009117        0.64052998673622
C          -14.19120796324500       26.61189997192658        0.40073293103843
C          -15.13568174649584       27.31852763609742       -0.38233880157918
C          -16.31731400090326       26.66848519819720       -0.75031881238493
C          -17.50422793972866       26.91970045440139       -1.48506839239820
C          -18.25053594397428       25.77801055076228       -1.43637997589142
N          -17.60043296708576       24.82281146218006       -0.71323821975252
C          -16.41660211612949       25.33006018703174       -0.27666181556715
N          -15.53158303579771       24.65345266999263        0.46272525830074
C          -14.43084980871108       25.29218642040505        0.79876050168963
H          -16.87705222489941       32.69268904580417       -2.16372567290904
H          -14.04966086162031       32.70859941991817       -1.35016145933595
H          -15.58049009347241       31.39574308498705       -3.56976014709225
H          -13.88240173632549       31.87060770493091       -3.56439694528928
H          -13.22733028616017       29.87576729972136       -2.37573949966533
H          -14.49984040263144       29.24919925465874       -3.42822088457252
H          -16.14001958920218       29.37149220461498       -1.65889035541993
H          -14.34605298248961       30.99230192454560        0.14694850334526
H          -16.08237785612693       31.13117644503365       -0.07197133982456
H          -12.71650145189133       29.37944212114671        0.03720163083133
H          -17.78190198453601       27.82309627798935       -1.98996999907646
H          -19.20937242243348       25.57848852366699       -1.87239976838986
H          -13.71366897744365       24.74924089489157        1.39667897628661
H          -17.91999602345580       23.88898508922114       -0.51779283818256
H          -19.18040901931097       36.26054088410220       -2.03924630681176
H          -19.48311813523348       37.10203987113693       -0.51140510284928
H          -19.70772183259581       35.34928600498331       -0.62265968329027
H          -16.49316142832665       35.61066410789388        1.23787699482529
H          -18.14655521748168       34.98672637082418        1.30122784222895
H          -17.84713370224798       36.72478267271880        1.45831306278630
H          -15.73056660684454       36.94286631390090       -0.78388671883732
H          -16.83168657832010       37.17565874526229       -2.14757889547486
H          -17.09686319963098       38.05645776630028       -0.63427321639734
48
 energy: -73.170533090580 gnorm: 0.008305888404 xtb: 6.7.1 (edcfbbe)
C          -17.53114400657835       35.82752321321823        0.96442611472607
C          -17.65075391794515       35.98545344533854       -0.55141166097663
C          -19.10802231744809       36.20577792529713       -0.95806694982989
C          -16.76665222692999       37.12037437345536       -1.06609050349435
O          -17.29762064618815       34.73121377239060       -1.20728724723318
C          -16.08596375209726       34.17075876363852       -1.05908087102373
O          -15.14627231110070       34.65043675981456       -0.44809205699460
N          -16.05216263885789       32.99189456492920       -1.70483853243354
C          -14.92625572066777       32.08749080616148       -1.64012546941333
C          -14.68922504355494       31.38051247735245       -2.98403322349826
C          -14.24662135216916       29.96270854957721       -2.61581255835902
C          -15.09603865120241       29.63781804652659       -1.37935852139582
C          -15.13615412531813       30.96187433170238       -0.59712545727714
N          -14.56796671752251       28.53981235194223       -0.60729785676021
C          -13.35969990780266       28.51362963952411        0.02764886490813
N          -13.09442002062954       27.39754467222364        0.63326550460219
C          -14.18647593675923       26.59641865942876        0.39535129064214
C          -15.12400435418280       27.30852078748214       -0.39062136770111
C          -16.31100178913032       26.66469117564365       -0.75303572296318
C          -17.49669287591841       26.92495355553552       -1.48702654523165
C          -18.25375789611710       25.79041550470786       -1.43128443967007
N          -17.61168614295605       24.83271763055263       -0.70515271924143
C          -16.42295298825642       25.33001014922750       -0.27308044989560
N          -15.54367464475215       24.64957479903413        0.46931406388886
C          -14.43808218141776       25.28078225143685        0.80016814601914
H          -16.90260522786929       32.68074808835945       -2.14787745828689
H          -14.07085838544387       32.70613668047680       -1.35637866507092
H          -15.62994229270101       31.34505513996717       -3.54235032879451
H          -13.94798477521008       31.90034149551800       -3.59280354243894
H          -13.18446005208531       29.95070481620232       -2.34647901009343
H          -14.40680275990778       29.24684532832637       -3.42443141941987
H          -16.10392520294200       29.35298271999904       -1.68798079330532
H          -14.33774851387756       30.98589488341690        0.14182405060447
H          -16.07891242016519       31.09198875871595       -0.06847489423657
H          -12.68905103578788       29.34981424197520        0.02394798056961
H          -17.76529977486301       27.82967723716603       -1.99432579016256
H          -19.21529719003422       25.59875661953001       -1.86469446480830
H          -13.72560048512154       24.73517086010422        1.40067286426512
H          -17.94213374549890       23.90356721144897       -0.50537574190876
H          -19.18474036362624       36.25576489810408       -2.04077506617434
H          -19.47448153934791       37.13362820683449       -0.52956202456740
H          -19.72041751876287       35.38033106619464       -0.60371456026634
H          -16.50002694000589       35.61950096236427        1.23910900650768
H          -18.15726710322026       35.00534508384246        1.30370177172945
H          -17.84812637321020       36.74212067834036        1.45529247574067
H          -15.73008425027245       36.94233273707625       -0.79073643884210
H          -16.83614874935720       37.18307411945167       -2.14959532307283
H          -17.09028313518548       38.06190996444433       -0.63354445836180
48
 energy: -73.170714014508 gnorm: 0.004971028432 xtb: 6.7.1 (edcfbbe)
C          -17.53458244728983       35.83861780970266        0.96602262491232
C          -17.65254267653878       35.98908982768425       -0.54965348122993
C          -19.10858362385729       36.21255850417896       -0.95930091719981
C          -16.76626939781177       37.11884886179203       -1.06781038168542
O          -17.30317468318648       34.72632075406248       -1.20031876215857
C          -16.09410093412265       34.16565620920125       -1.05833346940839
O          -15.14982970399060       34.64412667028611       -0.45216318232189
N          -16.06226149283278       32.98379953276276       -1.70118874006933
C          -14.93616061650591       32.08005552238315       -1.63750604954976
C          -14.69772651747980       31.37456466861295       -2.98261751630676
C          -14.23837986835526       29.96744358494937       -2.61563777609162
C          -15.08494484108073       29.62948677236680       -1.38199145008402
C          -15.14171098089793       30.95199970439397       -0.59726553518240
N          -14.55161299870677       28.53352737030984       -0.61316266091931
C          -13.34365900396349       28.50212259937164        0.02074191692715
N          -13.08251125973070       27.38549973696995        0.62710503216528
C          -14.17976411476531       26.58977860217942        0.39180964923263
C          -15.11378302747090       27.30568152499353       -0.39453701016503
C          -16.30351672363911       26.66568110029065       -0.75407529638935
C          -17.48751072566545       26.93346196711135       -1.48911995711239
C          -18.25151451221586       25.80363271780115       -1.42979906400453
N          -17.61562427553968       24.84427296189784       -0.70094470563760
C          -16.42401484820081       25.33366974591316       -0.27083213414513
N          -15.54797055023004       24.65083595331904        0.47369603955621
C          -14.43887909638824       25.27697453073412        0.80065135446213
H          -16.91581419839820       32.66891680082510       -2.13602958955159
H          -14.08177899841777       32.70007734008590       -1.35502011803788
H          -15.63662906114681       31.32538677385167       -3.53310081249477
H          -13.96920822207072       31.90017022380110       -3.59384765491887
H          -13.18335701104857       29.96949697877741       -2.34509503467027
H          -14.38713655001816       29.25478653680596       -3.42320481390164
H          -16.08822430668504       29.33551100015045       -1.69400377703148
H          -14.34818454312242       30.98163373622380        0.14600374625702
H          -16.08859510294098       31.07139611554661       -0.07555801965041
H          -12.67002452642421       29.33591743453700        0.01463746755596
H          -17.74740272140585       27.83987976515988       -1.99756296041497
H          -19.21413670553209       25.61757857689766       -1.86279850270923
H          -13.72915913343123       24.72896424421975        1.40172680890342
H          -17.95775527476714       23.91898260849536       -0.50256758390177
H          -19.18544938461433       36.25912053375349       -2.04061785398010
H          -19.47051435044096       37.14253818552204       -0.53364243772640
H          -19.72469139839890       35.39275569003057       -0.60165004186493
H          -16.50387275130300       35.63561916865908        1.24440329763132
H          -18.15985242946621       35.01777026409475        1.30948247038757
H          -17.85603498891662       36.75574754015871        1.44969385654846
H          -15.72958124360288       36.94052490807756       -0.79449787171308
H          -16.83849300683910       37.18428865330131       -2.15072692456864
H          -17.08897517054163       38.05982969175672       -0.63299217674234
48
 energy: -73.170809344373 gnorm: 0.004327293738 xtb: 6.7.1 (edcfbbe)
C          -17.53678230663573       35.84704481902117        0.96621995564781
C          -17.65406887603404       35.98930590325281       -0.55013965149151
C          -19.10905978546069       36.21875763537229       -0.96007207929055
C          -16.76425858253975       37.11451061476058       -1.07153789508944
O          -17.31049892813460       34.72253549405762       -1.19452326297084
C          -16.10371995589220       34.15971532813354       -1.05264658531021
O          -15.15560385720728       34.63783666969043       -0.45143098815624
N          -16.07511144712217       32.97512283841824       -1.69107159295622
C          -14.94727405098361       32.07349820596052       -1.63374271806325
C          -14.71131396161434       31.37188882669356       -2.98156570962144
C          -14.22376718539892       29.97429614525332       -2.61462434450132
C          -15.07362425206610       29.62186354045653       -1.38711930784995
C          -15.14661627946384       30.94077671147534       -0.59737830366636
N          -14.53708533051302       28.52736466123686       -0.61979777197718
C          -13.32936349232977       28.49332483104459        0.01350135702741
N          -13.07245763476421       27.37614827023256        0.62214307015910
C          -14.17306582532926       26.58412298067651        0.38820271529009
C          -15.10482414932263       27.30302316934610       -0.39839889509701
C          -16.29814563262918       26.66931281991086       -0.75641655073461
C          -17.48114427499750       26.94203045778866       -1.49183546015810
C          -18.25154865806751       25.81669583659041       -1.42831092540350
N          -17.62070395726277       24.85610978066337       -0.69639114583704
C          -16.42560475971084       25.33941965122436       -0.26909836987470
N          -15.55234292262782       24.65347856195744        0.47648021165396
C          -14.43846429637077       25.27391107839928        0.80032214215235
H          -16.93142062485503       32.65910520529265       -2.12026861701108
H          -14.09271915223884       32.69366824795791       -1.35196269617141
H          -15.65585754918899       31.30415927456025       -3.52048963823037
H          -13.99907520035938       31.90892336758054       -3.60202652068380
H          -13.17067187399970       29.99998164106208       -2.33476980886671
H          -14.35145969004436       29.25788898652846       -3.42350818291545
H          -16.07280949448539       29.32084198754261       -1.70722123707684
H          -14.35636532066304       30.97356338633546        0.14963317710087
H          -16.09704874304798       31.04921905005577       -0.07885489458565
H          -12.65266040216376       29.32486447150140        0.00563100417134
H          -17.73515145551185       27.84844371241339       -2.00300753567917
H          -19.21548537469705       25.63447989503793       -1.85989597663056
H          -13.73183042044951       24.72345347566175        1.40289784482921
H          -17.97071822684082       23.93398862796883       -0.49671306039039
H          -19.18647951300347       36.25889281442763       -2.04195545691151
H          -19.46346466314800       37.15416374048953       -0.53965041203010
H          -19.73038893649655       35.40559461512379       -0.59625463112739
H          -16.50591168591566       35.64616060622128        1.24657711573900
H          -18.16184528336343       35.02810541874310        1.31466747602894
H          -17.85890234229208       36.76726451712143        1.44362583012234
H          -15.72730609530519       36.93262482891855       -0.80085692656993
H          -16.83872184453064       37.18085964656275       -2.15419238240437
H          -17.08275570491952       38.05625765527626       -0.63537236358836
48
 energy: -73.170912553870 gnorm: 0.003330200462 xtb: 6.7.1 (edcfbbe)
C          -17.53857374855123       35.85811873922747        0.96720603098911
C          -17.65576316378366       35.98558568708316       -0.55090851490754
C          -19.10909269459880       36.22418702361492       -0.96102657877521
C          -16.75891846382962       37.10243271397243       -1.07995091403073
O          -17.32146170833544       34.71491086798206       -1.18337161912110
C          -16.11616022594333       34.15090643120988       -1.04180169867693
O          -15.16424063807473       34.62746918426067       -0.44506091178415
N          -16.09049656950418       32.96443701769891       -1.67732297499221
C          -14.96203504294935       32.06424874507385       -1.62671814812223
C          -14.72811540860599       31.37018773039614       -2.97867819548483
C          -14.20987721351332       29.98367570787579       -2.61479079895680
C          -15.06151820557612       29.61192313255145       -1.39414132566705
C          -15.15858966027231       30.92471683429537       -0.59775743142540
N          -14.51750016616200       28.52071102819784       -0.62845870035663
C          -13.30987079845431       28.48536816828027        0.00370060151659
N          -13.05682608631561       27.36691454275668        0.61387652560613
C          -14.16165339707587       26.57908769704179        0.38416054790069
C          -15.09093828050026       27.30080009792885       -0.40314114131220
C          -16.28965198502770       26.67799898011749       -0.76016250031735
C          -17.47125695246244       26.95668930183145       -1.49586129021439
C          -18.25014719155823       25.83780135744343       -1.42687599656919
N          -17.62611775106994       24.87530248250609       -0.69059429723410
C          -16.42621405028765       25.35094598027522       -0.26676953918841
N          -15.55665404195159       24.66061299705981        0.47949595201478
C          -14.43591033602535       25.27253529164219        0.80047360238381
H          -16.95287443816033       32.64447939889089       -2.09264309340722
H          -14.10671391916828       32.68295856666381       -1.34306831833006
H          -15.67948904853615       31.28171589486842       -3.50406770051522
H          -14.03513966885167       31.92219288523489       -3.60931558999527
H          -13.16021343258364       30.03307372071835       -2.32694237818953
H          -14.31624737026511       29.26668665469680       -3.42567432252922
H          -16.05483529892880       29.29910911898279       -1.72287608652745
H          -14.37804451991451       30.96095714584971        0.16032877341645
H          -16.11685831957871       31.01940324158318       -0.08931894791628
H          -12.62978238899376       29.31437243154052       -0.00595610463727
H          -17.71840068930454       27.86211882977573       -2.01194569506346
H          -19.21585813544714       25.66040597754624       -1.85646162986951
H          -13.73254795602605       24.71685370867091        1.40232871500026
H          -17.98610875740359       23.95749607002275       -0.48912131310891
H          -19.18678732425631       36.26023523149541       -2.04376703695380
H          -19.45455883621030       37.16457850474120       -0.54541363854924
H          -19.73682941407780       35.41805450803103       -0.59333276434009
H          -16.50660140282407       35.66269485172926        1.24978050720982
H          -18.16097138693921       35.04070101523665        1.32420819240629
H          -17.86280574510658       36.78229570608625        1.43482097002896
H          -15.72192042061720       36.91286936866649       -0.81288686827626
H          -16.83634933034451       37.16629556184149       -2.16259089596604
H          -17.06797841603119       38.04748387080429       -0.64480545616183
48
 energy: -73.170947223949 gnorm: 0.003052254959 xtb: 6.7.1 (edcfbbe)
C          -17.53867512160134       35.86421288967365        0.96910821218656
C          -17.65672863875406       35.98387327812077       -0.54996734592294
C          -19.10924649472757       36.22623112178931       -0.96054309806989
C          -16.75503269444032       37.09430265794160       -1.08607602503781
O          -17.32753867635326       34.71054021630903       -1.17513230374426
C          -16.12137109827359       34.14705606640654       -1.03542760929586
O          -15.16859659322441       34.62283019213497       -0.43982932612270
N          -16.09708927645866       32.96102376165013       -1.67183357216447
C          -14.96971306100037       32.06024748887646       -1.62287297533279
C          -14.73500812197826       31.37097980280402       -2.97666250568263
C          -14.20584505002973       29.98812822999031       -2.61647689558689
C          -15.05744240224630       29.60768419032722       -1.39870439120934
C          -15.16804457928582       30.91691596475627       -0.59882849169843
N          -14.50892073492080       28.51819153015570       -0.63358896569984
C          -13.30107956639341       28.48270129176822       -0.00187175519891
N          -13.04973758467546       27.36458490448636        0.61013658553073
C          -14.15532458869074       26.57759950748691        0.38193114625737
C          -15.08382752584758       27.29983547707869       -0.40549575095017
C          -16.28512328626823       26.68220558749158       -0.76152401877247
C          -17.46610857983215       26.96344256294168       -1.49685759171446
C          -18.24893227612844       25.84772174516632       -1.42515381888737
N          -17.62781585673333       24.88406891553852       -0.68746071695392
C          -16.42565396843378       25.35645782069700       -0.26550060305300
N          -15.55741081481415       24.66453806814878        0.48037936785499
C          -14.43377143421751       25.27239206860211        0.79967447017718
H          -16.96301029362238       32.63777982400006       -2.07770277043365
H          -14.11385622411894       32.67718760307383       -1.33657440461965
H          -15.68505001911780       31.27759347734101       -3.50009377707507
H          -14.04779263036607       31.92819406758052       -3.60607698998321
H          -13.15657746172175       30.04707356708323       -2.32508350712791
H          -14.30329594638033       29.27144727261716       -3.42992248121805
H          -16.04722047576508       29.28781187726833       -1.73083750530725
H          -14.39503694216479       30.95536076289018        0.16734031094938
H          -16.13170644548099       31.00499649864903       -0.09903620756588
H          -12.61996229790243       29.31077333422200       -0.01217191673417
H          -17.71127654738289       27.86810899027069       -2.01537113373547
H          -19.21567038983094       25.67294458399086       -1.85360635734873
H          -13.73242378466577       24.71427678343391        1.40168119610468
H          -17.99127379819264       23.96809190405802       -0.48448677662675
H          -19.18647266213717       36.26147677051078       -2.04368013046500
H          -19.45238940849258       37.16804504910863       -0.54671751300821
H          -19.73918842273822       35.42193213731962       -0.59245197692261
H          -16.50604306486294       35.67159955131253        1.25164314995283
H          -18.15917509744740       35.04696340496678        1.32986072204382
H          -17.86416220661189       36.78957884212213        1.43292385987214
H          -15.71853757575063       36.89931216150924       -0.82068825906302
H          -16.83452734080158       37.15302317748158       -2.16893249182419
H          -17.05681293911384       38.04326302284791       -0.65463705977297
48
 energy: -73.170973919210 gnorm: 0.002218615956 xtb: 6.7.1 (edcfbbe)
C          -17.53868751897071       35.87183432915258        0.97165584089624
C          -17.65788334343430       35.98399388834584       -0.54823413547271
C          -19.10967630383868       36.22922655563529       -0.95951243226591
C          -16.75101398589722       37.08659359377439       -1.09343525090782
O          -17.33393725904439       34.70625362937377       -1.16526542837065
C          -16.12619210129084       34.14318619140072       -1.02793412564324
O          -15.17291912162670       34.61948994776504       -0.43418099688924
N          -16.10346065792714       32.95805072876134       -1.66578738095830
C          -14.97650033787616       32.05698324522780       -1.61875221789412
C          -14.74052673343944       31.37395058294265       -2.97510199818542
C          -14.20018023676848       29.99429696781789       -2.61785492408016
C          -15.05169075705650       29.60396873695629       -1.40354926134836
C          -15.17662175604107       30.90927279380774       -0.59984633300280
N          -14.50051955286915       28.51496255930116       -0.63933187885410
C          -13.29284580108948       28.47900344565831       -0.00700420751868
N          -13.04316325052363       27.36149018365562        0.60644858448015
C          -14.14967944905860       26.57551441697770        0.37997629778045
C          -15.07693600042220       27.29784455842116       -0.40827769452248
C          -16.28063999510066       26.68438944805412       -0.76269122221044
C          -17.46126065533479       26.96811050221083       -1.49708679946796
C          -18.24776176606397       25.85529455773177       -1.42276272980438
N          -17.62910913149523       24.89042444585401       -0.68446014893876
C          -16.42492409028396       25.35988311227778       -0.26443259694721
N          -15.55789138847477       24.66694834742853        0.48130547362846
C          -14.43229267076577       25.27135655658965        0.79908369405719
H          -16.97219953231360       32.63136466328137       -2.06295909452792
H          -14.12054263352742       32.67260250420028       -1.32968143418726
H          -15.69398664809561       31.27267801529205       -3.49455790432854
H          -14.06070028851282       31.94026822611290       -3.60690821049801
H          -13.15252522764203       30.05838431340894       -2.32703766371191
H          -14.29291489890969       29.28033178240443       -3.43258041366694
H          -16.03757624164250       29.27787981901867       -1.74048603293455
H          -14.41190424880211       30.95024974830618        0.17459877568089
H          -16.14616615720679       30.98953747682352       -0.10991774915579
H          -12.61092213787422       29.30625223470834       -0.01772846890141
H          -17.70562250613492       27.87214596636996       -2.01732006265340
H          -19.21566448017431       25.68349327110458       -1.84992435406552
H          -13.73270791270720       24.71108102823484        1.40106988844738
H          -17.99460413675071       23.97593422258333       -0.47896820389504
H          -19.18629345145925       36.26251017127280       -2.04294090111268
H          -19.45175160733872       37.17255030689617       -0.54807550745087
H          -19.74129212234952       35.42634443285214       -0.59041585450007
H          -16.50574003798278       35.68071737395608        1.25364104883817
H          -18.15818741671375       35.05511803469186        1.33553846863300
H          -17.86467132783955       36.79836664734269        1.43257147936141
H          -15.71533025565764       36.88613687926760       -0.82943859016426
H          -16.83302868262123       37.13755903626492       -2.17661440655322
H          -17.04485418304782       38.04077052448442       -0.66803293521355
48
 energy: -73.170993300424 gnorm: 0.001438897225 xtb: 6.7.1 (edcfbbe)
C          -17.53796996363183       35.87689847494622        0.97374959387448
C          -17.65823610639008       35.98544751850179       -0.54631546488913
C          -19.10997839061388       36.23062953587047       -0.95768568514833
C          -16.74956037831036       37.08349717145450       -1.09763345084234
O          -17.33661320806073       34.70439058383402       -1.15914706087610
C          -16.12741201345048       34.14190792638841       -1.02393551237433
O          -15.17462683707946       34.61902826624523       -0.43058729085481
N          -16.10480816409028       32.95848981297062       -1.66419930806568
C          -14.97870788079418       32.05636349173916       -1.61676978168515
C          -14.73939677998028       31.37677163914270       -2.97396617092161
C          -14.19883536094532       29.99676867990014       -2.61964050659644
C          -15.05103890138933       29.60275815836155       -1.40717186934368
C          -15.18216345484780       30.90609315659702       -0.60144474760371
N          -14.49912465144804       28.51389887128352       -0.64311979871067
C          -13.29162750058456       28.47837483232171       -0.01011147973059
N          -13.04164037690081       27.36164049368418        0.60386491265628
C          -14.14828912320142       26.57548844284111        0.37879884233646
C          -15.07526396348136       27.29674013216736       -0.41035902688248
C          -16.27942839520237       26.68319878791988       -0.76306362857732
C          -17.46061196808219       26.96714488470525       -1.49608311814175
C          -18.24763069381717       25.85477169979347       -1.42033756666182
N          -17.62870471062121       24.88996499696478       -0.68259645051158
C          -16.42403163278657       25.35919796680498       -0.26396434112069
N          -15.55671842467092       24.66704086777167        0.48191700447946
C          -14.43140685562567       25.27145546383738        0.79882985345705
H          -16.97409416499212       32.63074339370851       -2.05902475512751
H          -14.12301738255556       32.67048712495457       -1.32420208801880
H          -15.69061458327471       31.27648567367621       -3.49617682786445
H          -14.05914306053890       31.94499643052212       -3.60216162914756
H          -13.15060673429627       30.06129390364412       -2.32843137925837
H          -14.29053044910233       29.28457993381753       -3.43681306607957
H          -16.03492863954651       29.27436758543266       -1.74698564133542
H          -14.42217339461451       30.94724734509664        0.17721963092049
H          -16.15450311458246       30.98326628075320       -0.11731437088882
H          -12.60989649242550       29.30571204186755       -0.02140056894110
H          -17.70641213996998       27.87087320238195       -2.01622647607088
H          -19.21614592379657       25.68390830151390       -1.84644488795244
H          -13.73172086435635       24.71117517014473        1.40053900544323
H          -17.99295830388870       23.97556909817398       -0.47463082250037
H          -19.18663041863606       36.26349058254103       -2.04088382687220
H          -19.45311176666280       37.17356955443386       -0.54620827400469
H          -19.74107344968630       35.42720608218007       -0.58874009680632
H          -16.50516047899970       35.68549037647428        1.25522629908799
H          -18.15781565767718       35.06098263644986        1.33907466620012
H          -17.86341298534579       36.80427158968563        1.43363709114719
H          -15.71437326360530       36.88184873731642       -0.83364100701445
H          -16.83279667971495       37.12821510344774       -2.18103844481167
H          -17.04055431572306       38.04085799973628       -0.67760047637034
48
 energy: -73.171020559979 gnorm: 0.002741919013 xtb: 6.7.1 (edcfbbe)
C          -17.53577117218621       35.88857231059152        0.97746554319735
C          -17.65847194596704       35.98914280622636       -0.54271370227935
C          -19.11068798793681       36.23307520783218       -0.95305067634360
C          -16.74895053824230       37.08005593176152       -1.10522479110844
O          -17.34015532000288       34.70194118697251       -1.14860755262624
C          -16.12839948370418       34.14122031039345       -1.01798351914206
O          -15.17699177276893       34.61967447716284       -0.42417257395388
N          -16.10540181745873       32.96005471133194       -1.66162813272090
C          -14.98077100263082       32.05593237363297       -1.61226402902777
C          -14.73353580947315       31.38346240744735       -2.97142310352129
C          -14.19510566200552       30.00111688852843       -2.62274501744434
C          -15.05120069849576       29.60053207503641       -1.41501892605731
C          -15.19207016956065       30.90023210617132       -0.60479050751761
N          -14.49943171316041       28.51166261248046       -0.65111940522506
C          -13.29197726518893       28.47763847186249       -0.01775649722140
N          -13.04174253426442       27.36338112004379        0.59983923671936
C          -14.14714194456635       26.57544954093025        0.37483672753835
C          -15.07488018534760       27.29436518890821       -0.41509033013894
C          -16.27908930551672       26.67814378707272       -0.76383581960873
C          -17.46248710943142       26.96095980830353       -1.49344024919737
C          -18.24881243978071       25.84802775710999       -1.41440406394690
N          -17.62716284017483       24.88443576764881       -0.67841459115898
C          -16.42194196640688       25.35480697099024       -0.26336132593480
N          -15.55265436783008       24.66490298209745        0.48250265326846
C          -14.42831005373202       25.27133410541265        0.79680349041107
H          -16.97436810423423       32.63273400256300       -2.05708686712995
H          -14.12617672569851       32.66719774751562       -1.31117916354430
H          -15.68079744107481       31.28708211066665       -3.50058186212465
H          -14.05003418732637       31.95492014893243       -3.59190686659631
H          -13.14654999551494       30.06171527340038       -2.33040610075676
H          -14.28717081599643       29.29363893020257       -3.44479411496415
H          -16.03165330468817       29.26951069066761       -1.76162797809937
H          -14.43986611068231       30.93932502085019        0.18082768363642
H          -16.16898779800827       30.97252273514195       -0.13040634539720
H          -12.61129370900986       29.30585643001116       -0.03044848926646
H          -17.71211260620758       27.86415498792817       -2.01268221458857
H          -19.21843285873867       25.67743526548264       -1.83790573855001
H          -13.72810216575587       24.71363904671725        1.40021232508271
H          -17.98695711612297       23.96947957859253       -0.46503168950023
H          -19.18859980963384       36.26517735793779       -2.03567207252378
H          -19.45513347739286       37.17550263607284       -0.54061590637438
H          -19.74033107677502       35.42863378624968       -0.58314412395399
H          -16.50349736087072       35.69552966261496        1.25859951370612
H          -18.15769788860350       35.07601565340479        1.34720194147119
H          -17.85844436554730       36.81897606147424        1.43399676951035
H          -15.71411285719602       36.88022222009768       -0.83994412183001
H          -16.83326371387205       37.11286530446869       -2.18903744820149
H          -17.03877140521379       38.04234444705738       -0.69596996596527
48
 energy: -73.171040529103 gnorm: 0.002683655877 xtb: 6.7.1 (edcfbbe)
C          -17.53414739379701       35.89661271805507        0.97891455535212
C          -17.65849025482644       35.99067677742877       -0.54143737609845
C          -19.11114532824436       36.23442671688684       -0.95040606447616
C          -16.74928452814992       37.07858427615412       -1.10959376971078
O          -17.34205920927088       34.70057905009980       -1.14293082111868
C          -16.12999896240872       34.14029115761732       -1.01369475311785
O          -15.17844015809924       34.61936058492849       -0.42042981147814
N          -16.10651721517293       32.95988489466325       -1.65859512246378
C          -14.98245673060448       32.05492132205382       -1.60882098452198
C          -14.73031301512779       31.38727081383783       -2.96955561627537
C          -14.19215900357303       30.00407235077401       -2.62426824834289
C          -15.05127676027417       29.59823472647837       -1.42018199237828
C          -15.19822067880717       30.89551537595559       -0.60665118162341
N          -14.49903796335945       28.50956744061556       -0.65664000038831
C          -13.29175183177549       28.47704622653498       -0.02312005761130
N          -13.04006170238629       27.36308574867006        0.59430471174375
C          -14.14621122541780       26.57511815025791        0.37206232323943
C          -15.07444592727171       27.29271276785926       -0.41860457278106
C          -16.27888461457503       26.67532560909612       -0.76487080543662
C          -17.46389243003875       26.95723791301311       -1.49236652068480
C          -18.24978962350767       25.84403675544849       -1.41071497517551
N          -17.62639192795976       24.88143925363281       -0.67514093482117
C          -16.42067314122040       25.35258322394936       -0.26254975907611
N          -15.55038774976668       24.66378317578441        0.48346723400690
C          -14.42628971972581       25.27155942599502        0.79641116038098
H          -16.97529360634605       32.63373957445376       -2.05567073449155
H          -14.12863764172901       32.66455948089107       -1.30220655427108
H          -15.67625473487027       31.29180343920540       -3.50172913723904
H          -14.04553441926017       31.96159105434144       -3.58631529045235
H          -13.14406319206475       30.06376850386462       -2.32934085789837
H          -14.28246397697106       29.29943821433125       -3.44925245794323
H          -16.02958320671721       29.26531707840602       -1.77112790126785
H          -14.45031425057010       30.93242503004514        0.18334431786963
H          -16.17793058718426       30.96486210302751       -0.13746134445011
H          -12.61157348700666       29.30573568486817       -0.03706493650780
H          -17.71480681052575       27.86004649121915       -2.01161867084707
H          -19.22020343599228       25.67299290261786       -1.83219546470358
H          -13.72458401877138       24.71500219478165        1.39911591781962
H          -17.98459063312145       23.96645663650542       -0.45903270283926
H          -19.19060680128812       36.26610612959880       -2.03284944122947
H          -19.45489632607553       37.17694538544013       -0.53763563773001
H          -19.74034840664682       35.43032713379618       -0.57918876146451
H          -16.50198493141662       35.70300135947510        1.26015076358644
H          -18.15734316779902       35.08711874509515        1.35327476730578
H          -17.85457230518298       36.82990639783712        1.43131295346060
H          -15.71426139773700       36.88104115077611       -0.84304606864058
H          -16.83331511509447       37.10560467513670       -2.19358740439510
H          -17.04001045226523       38.04288418249524       -0.70566196981420
48
 energy: -73.171083375718 gnorm: 0.002078233577 xtb: 6.7.1 (edcfbbe)
C          -17.52950933598303       35.91668675163650        0.98185407668903
C          -17.65855517199701       35.99380930431129       -0.53892387036757
C          -19.11245277295086       36.23689801729042       -0.94408896499777
C          -16.75068702890049       37.07551792118621       -1.12017389030817
O          -17.34606245758241       34.69807633030292       -1.13012948254822
C          -16.13383761310750       34.13906910720124       -1.00391987802558
O          -15.18176282822652       34.61816624475011       -0.41090331248052
N          -16.10932358548327       32.95913576547689       -1.65032145518214
C          -14.98676310029010       32.05224496130273       -1.59938962043480
C          -14.72299600803960       31.39695502129756       -2.96433182067062
C          -14.18582719245678       30.01134098389952       -2.62738230810381
C          -15.05248015792323       29.59245386513778       -1.43264762564408
C          -15.21357864183289       30.88346760235659       -0.61081538672259
N          -14.49832638171777       28.50414874632922       -0.67042643700783
C          -13.29028333518410       28.47499552571424       -0.03871265891437
N          -13.03679731128585       27.36301568019896        0.58228993464070
C          -14.14288877734060       26.57367714111848        0.36373570774302
C          -15.07353473837257       27.28857630338780       -0.42703836686421
C          -16.27854839027591       26.66864703492890       -0.76728537221203
C          -17.46744433196665       26.94771765508900       -1.49000799557277
C          -18.25209433078394       25.83396358466755       -1.40157859650075
N          -17.62438353501643       24.87407746670365       -0.66623129234656
C          -16.41719871317651       25.34731047937633       -0.26021277807695
N          -15.54415738977200       24.66093169874843        0.48531651893523
C          -14.41969833038509       25.27152892669156        0.79356081438153
H          -16.97752747185446       32.63641438024415       -2.05190009383053
H          -14.13478463725881       32.65783531433870       -1.27914641616601
H          -15.66541271498139       31.30478397760896       -3.50420583366980
H          -14.03414644305637       31.97790619712351       -3.57123026082512
H          -13.13970651942989       30.06817850318860       -2.32548742933871
H          -14.27120194913222       29.31429555586760       -3.45939792586462
H          -16.02568051198208       29.25500909284389       -1.79350772548023
H          -14.47622523230119       30.91394474766168        0.19006093944914
H          -16.19992829863189       30.94652680069524       -0.15411490344138
H          -12.61138132777200       29.30483338704853       -0.05586251343605
H          -17.72068145507796       27.84938759774282       -2.01002334145415
H          -19.22442205940022       25.66101039508636       -1.81788480018347
H          -13.71552462141979       24.71871222146176        1.39699034346535
H          -17.97976687349102       23.95930131281258       -0.44451052153376
H          -19.19601072188427       36.26733645585448       -2.02640022777875
H          -19.45365792028024       37.18031791729226       -0.53124470638235
H          -19.74074694701460       35.43407197616822       -0.56895610369036
H          -16.49733612065523       35.72164466562244        1.26270234213713
H          -18.15574159946344       35.11552548761762        1.36887437760683
H          -17.84351275146756       36.85762993421150        1.42294205709405
H          -15.71513254479961       36.88436265906181       -0.84972186254108
H          -16.83303121257217       37.08898436905079       -2.20460523174085
H          -17.04474860601896       38.04417493629141       -0.72880610080414
48
 energy: -73.171116113669 gnorm: 0.002279789555 xtb: 6.7.1 (edcfbbe)
C          -17.52346586366162       35.94075394868945        0.98480470067816
C          -17.65899469767523       35.99835343259463       -0.53632503692822
C          -19.11429933345262       36.24046314841113       -0.93722296189923
C          -16.75173395951857       37.07232665502219       -1.13332680019786
O          -17.35137804430393       34.69625124183243       -1.11512127099765
C          -16.13966956787029       34.13749932937221       -0.99114517735988
O          -15.18630617085199       34.61580833304581       -0.39900582629246
N          -16.11534468479915       32.95732300638863       -1.63804909167114
C          -14.99451735428013       32.04840918960894       -1.58721703965604
C          -14.71785871422317       31.40859160928181       -2.95732772087579
C          -14.17740661308870       30.02125782361112       -2.63036894293165
C          -15.05280167021249       29.58508360658384       -1.44767031125618
C          -15.23282953559118       30.86789206465288       -0.61537603257873
N          -14.49556798857224       28.49662989470997       -0.68775061350675
C          -13.28641554232912       28.47091426946201       -0.05813295720074
N          -13.03045743300418       27.36085414343556        0.56553760532698
C          -14.13733166080201       26.57074587418724        0.35346227796910
C          -15.07071568550903       27.28267186769911       -0.43725539021909
C          -16.27704347138544       26.66106982604931       -0.76996495181752
C          -17.46997339096765       26.93723238847049       -1.48752955930077
C          -18.25423763859508       25.82390610711474       -1.39042150652991
N          -17.62251005925050       24.86686026566719       -0.65460950239036
C          -16.41321352510763       25.34178688053236       -0.25648205305588
N          -15.53741326710243       24.65807051696768        0.48824418783318
C          -14.41182450928732       25.27060375239663        0.79008257353397
H          -16.98304297353437       32.63809234645962       -2.04359084898484
H          -14.14465911114548       32.64913206821073       -1.25170566362140
H          -15.65636579951961       31.31849355702885       -3.50503404090589
H          -14.02596397796384       31.99876064020660       -3.55282386944744
H          -13.13401772865345       30.07937726486831       -2.31894262615534
H          -14.25245066530761       29.33264950184964       -3.47073424087095
H          -16.01938980377585       29.24116822218489       -1.82067620871132
H          -14.50862767303619       30.89199323700224        0.19837467229880
H          -16.22716730125252       30.92246241585946       -0.17405235840864
H          -12.60838848650983       29.30140971501578       -0.07953241264813
H          -17.72483038805828       27.83739477493518       -2.00936822860933
H          -19.22897254454281       25.64904846687936       -1.80044293042932
H          -13.70489890907119       24.72097692926493        1.39327068714523
H          -17.97695567938708       23.95308208440154       -0.42732209899590
H          -19.20239003288786       36.26707771353515       -2.01960146998576
H          -19.45252738931149       37.18604364936152       -0.52686213306272
H          -19.74181769759919       35.43993817742167       -0.55598831845975
H          -16.49110665870390       35.74341491068827        1.26379268405912
H          -18.15294183364681       35.14948377429103        1.38647983593407
H          -17.82916305758995       36.89013308027575        1.41330113464321
H          -15.71595917629689       36.88700063782780       -0.85868955513988
H          -16.83257687513778       37.06962774577580       -2.21813425982496
H          -17.04797585562185       38.04647991486667       -0.75674634749528
48
 energy: -73.171138758123 gnorm: 0.002196193899 xtb: 6.7.1 (edcfbbe)
C          -17.51787199745426       35.95998760366582        0.98647711924994
C          -17.65922605067458       36.00241516864535       -0.53468340124548
C          -19.11564706516998       36.24336840980452       -0.93226408448282
C          -16.75210706695907       37.06982137940167       -1.14442657997018
O          -17.35543090838346       34.69565081731511       -1.10335402420108
C          -16.14463487045046       34.13604402015768       -0.97955258741573
O          -15.18997455174007       34.61326995182841       -0.38839190936182
N          -16.12134101620759       32.95550778896390       -1.62639518816467
C          -15.00196763084028       32.04487724641927       -1.57653448761578
C          -14.71507979345280       31.41841590422201       -2.95076349602118
C          -14.17293837219876       30.02996244030485       -2.63227829339833
C          -15.05368636724561       29.57937453619688       -1.45921274874287
C          -15.24914684781190       30.85480597964893       -0.61880058559444
N          -14.49293480516522       28.49051131128123       -0.70187443029437
C          -13.28215671956387       28.46720932295409       -0.07509418700663
N          -13.02427661198308       27.35900196681586        0.55117551015549
C          -14.13148844397460       26.56807559144158        0.34465777583454
C          -15.06752623178205       27.27757048842727       -0.44542960846600
C          -16.27510862796515       26.65527234857091       -0.77195347766241
C          -17.47075281338985       26.92902168670802       -1.48599431113785
C          -18.25495856884627       25.81649438021433       -1.38167125336870
N          -17.62077717276647       24.86188366040416       -0.64442004225881
C          -16.40968097946377       25.33787713049538       -0.25282285262271
N          -15.53160545763684       24.65642597159020        0.49101614615995
C          -14.40460990848879       25.26964252362677        0.78675664927111
H          -16.98893602389632       32.63845946709896       -2.03382078112336
H          -14.15385818004603       32.64113263390513       -1.22875533257958
H          -15.64992483424081       31.33082171339756       -3.50508497982201
H          -14.02040058194277       32.01546389186878       -3.53630360598373
H          -13.13224648417725       30.08971833586356       -2.31340717890879
H          -14.23926675984167       29.34908006132828       -3.47901526460859
H          -16.01481719272872       29.23025456394690       -1.84108681341263
H          -14.53634429766130       30.87360101882794        0.20527670224740
H          -16.24972443605351       30.90257895384640       -0.19068071837713
H          -12.60467231602945       29.29798667739700       -0.10012411724758
H          -17.72650174709315       27.82762263043629       -2.01010840178586
H          -19.23141209512869       25.63992284845372       -1.78683532338859
H          -13.69576886836128       24.72201812280147        1.38952357899287
H          -17.97604025194878       23.94938686937250       -0.41348599677740
H          -19.20712389418250       36.26536762973561       -2.01470009758739
H          -19.45214623546658       37.19093327525205       -0.52529754089480
H          -19.74222608369254       35.44479297193411       -0.54553705364778
H          -16.48527364381647       35.76024247057941        1.26316522706969
H          -18.14970395604474       35.17670314259179        1.39948281365225
H          -17.81645507159274       36.91565201740734        1.40543896084234
H          -15.71637777328156       36.88808135741387       -0.86702764520327
H          -16.83232042219969       37.05399696153269       -2.22917981978313
H          -17.04902997095350       38.04829475990199       -0.77980226231307
48
 energy: -73.171149062487 gnorm: 0.001071807146 xtb: 6.7.1 (edcfbbe)
C          -17.51696239123241       35.95959968859604        0.98598304721800
C          -17.65888852190226       36.00342599216889       -0.53500597816060
C          -19.11543341638561       36.24370887208011       -0.93260985901824
C          -16.75158416828633       37.07051696866700       -1.14482712827982
O          -17.35510947082536       34.69688288589293       -1.10419318790115
C          -16.14449935869854       34.13654647456313       -0.97959459579305
O          -15.18980109285021       34.61330647235362       -0.38851441420981
N          -16.12260976465898       32.95544402906970       -1.62501535377059
C          -15.00358890676450       32.04456950695761       -1.57558848882991
C          -14.71662874287916       31.41896016947285       -2.94967970623205
C          -14.17406494224920       30.03062575239927       -2.63170699982278
C          -15.05428583609958       29.57950329061709       -1.45911596779150
C          -15.25023697793718       30.85427947153981       -0.61859554400760
N          -14.49308288959637       28.49040539239239       -0.70210053687199
C          -13.28187714238122       28.46690474017083       -0.07581856332519
N          -13.02393852156919       27.35901308728011        0.55068581202838
C          -14.13070105894918       26.56773567976123        0.34414674129090
C          -15.06707598878373       27.27704240464497       -0.44551374357766
C          -16.27467568369434       26.65487390972778       -0.77173138780331
C          -17.46996547897657       26.92839271521706       -1.48617321673524
C          -18.25431197948181       25.81618647899143       -1.38154428235213
N          -17.62043496843405       24.86174783232672       -0.64375307080580
C          -16.40938846560531       25.33771057377177       -0.25226805060247
N          -15.53114065313788       24.65653856974674        0.49139328166004
C          -14.40395655093700       25.26919757119776        0.78610402270722
H          -16.99025683395357       32.63825793373605       -2.03195226894692
H          -14.15559374328749       32.64066185983258       -1.22805473167803
H          -15.65051733798136       31.33252407270903       -3.50538831907651
H          -14.02134862319865       32.01602798977986       -3.53384708456561
H          -13.13400545886595       30.09202923647508       -2.31218936619197
H          -14.23798172782146       29.35024283839372       -3.47849250056128
H          -16.01520553695149       29.23017519773634       -1.84092848421493
H          -14.53794763021750       30.87344847607181        0.20518469673276
H          -16.25051830932869       30.90159377667713       -0.19100241732716
H          -12.60440274685019       29.29754412282144       -0.10096261092006
H          -17.72572559352221       27.82662261048350       -2.01089181969328
H          -19.23059125512885       25.63942633287521       -1.78694992133382
H          -13.69532429195263       24.72140536829718        1.38887750222774
H          -17.97642253006923       23.94944342890995       -0.41332469901149
H          -19.20695606109421       36.26361722112549       -2.01475652786094
H          -19.45268861044691       37.19165824681964       -0.52737719600154
H          -19.74166523740667       35.44543819284243       -0.54485134036944
H          -16.48447875617099       35.75870256640273        1.26181543141566
H          -18.14901672290757       35.17638756534193        1.39834572224697
H          -17.81466608241032       36.91488379779157        1.40616600440477
H          -15.71604191311347       36.88770756577277       -0.86816698912178
H          -16.83265099716596       37.05465174166030       -2.22928855215351
H          -17.04725102783346       38.04903133183491       -0.78012735601429
48
 energy: -73.171158084495 gnorm: 0.001291990327 xtb: 6.7.1 (edcfbbe)
C          -17.51448052943230       35.95910849636643        0.98439109448865
C          -17.65784177351723       36.00621002919430       -0.53624264200837
C          -19.11462396374715       36.24524281162679       -0.93362207781614
C          -16.75026064695402       37.07287478589807       -1.14620476877259
O          -17.35449909369530       34.70019289878238       -1.10694550025101
C          -16.14482195625459       34.13732621841348       -0.97928499888723
O          -15.18925107677512       34.61380973140427       -0.39002790299799
N          -16.12699662122266       32.95417047774946       -1.62012841996144
C          -15.00812529602045       32.04331922986138       -1.57257399048462
C          -14.72052379071548       31.42091730624314       -2.94724599415406
C          -14.17634133499852       30.03304347219101       -2.62992533897938
C          -15.05602845970852       29.57939619114304       -1.45909746564385
C          -15.25402229661388       30.85217661065182       -0.61717546512346
N          -14.49324776177663       28.48979445572227       -0.70315142965697
C          -13.28108432484144       28.46642696766090       -0.07798530894118
N          -13.02191602377528       27.35871441008315        0.54778645125347
C          -14.12819886748010       26.56686171876188        0.34265619698933
C          -15.06556912278007       27.27537759687867       -0.44616391097890
C          -16.27341592402404       26.65350180882688       -0.77139732675755
C          -17.46790126417428       26.92641455885472       -1.48695128392708
C          -18.25260485741878       25.81477991618941       -1.38140159847894
N          -17.61957023705051       24.86100428679826       -0.64176809100611
C          -16.40853230976346       25.33692710350677       -0.25078075255791
N          -15.52959060891911       24.65659504290791        0.49257140698114
C          -14.40188634276597       25.26826974327825        0.78498254527291
H          -16.99496706757917       32.63641027463933       -2.02551686685514
H          -14.16053834718921       32.63930457736528       -1.22482700117717
H          -15.65264344996246       31.33636102376679       -3.50573061439370
H          -14.02396925028617       32.01873696069700       -3.52852203150821
H          -13.13750268140735       30.09879908117951       -2.30823789388731
H          -14.23488433377918       29.35358788423208       -3.47709363842724
H          -16.01631961619807       29.22897716346305       -1.84110061746229
H          -14.54287798954068       30.87181400482215        0.20661905144926
H          -16.25434705820783       30.89774629660055       -0.19103563176282
H          -12.60383368258441       29.29706542459154       -0.10339442397795
H          -17.72362784036451       27.82364061650936       -2.01341242069565
H          -19.22849757178003       25.63740681246253       -1.78732473795401
H          -13.69294381215596       24.71965384093566        1.38661217108308
H          -17.97769645892868       23.94927707528573       -0.41257312340192
H          -19.20641963433073       36.25870604089972       -2.01548622852564
H          -19.45255689005857       37.19502832635781       -0.53352297790868
H          -19.74021509146763       35.44855180809218       -0.54157135219858
H          -16.48216517017864       35.75495306658142        1.25796293236227
H          -18.14746608670755       35.17609084134155        1.39518888167059
H          -17.80941861334994       36.91369099339533        1.40776781272405
H          -15.71484335865932       36.88703365681166       -0.87191557752255
H          -16.83388084084082       37.05780286679726       -2.23022256590529
H          -17.04255067001280       38.05150549817527       -0.78017657232686
48
 energy: -73.171163297462 gnorm: 0.000841215389 xtb: 6.7.1 (edcfbbe)
C          -17.51376702140788       35.95972547113359        0.98372433164230
C          -17.65764403314101       36.00728931635117       -0.53685815722053
C          -19.11446568471378       36.24666818348007       -0.93374328790853
C          -16.75005201674028       37.07407375453946       -1.14674217970034
O          -17.35469524281509       34.70150179009029       -1.10820410735275
C          -16.14546070457491       34.13788845164648       -0.97983808776473
O          -15.18927107498114       34.61470525008783       -0.39171532452084
N          -16.12900861897605       32.95329784682212       -1.61798790521378
C          -15.00966263603949       32.04293806585194       -1.57097108810567
C          -14.72134611349993       31.42137851745681       -2.94611404169678
C          -14.17609520024763       30.03368884087397       -2.62951362582012
C          -15.05618608837027       29.57854427038538       -1.45939719698276
C          -15.25557625963094       30.85078273671458       -0.61658393076637
N          -14.49284378944436       28.48899562685749       -0.70389656107634
C          -13.28059683941593       28.46610776410359       -0.07901034500756
N          -13.02098630760595       27.35843551432794        0.54678111761448
C          -14.12712849847245       26.56623174742569        0.34178886238467
C          -15.06492371021527       27.27458610348782       -0.44670538028759
C          -16.27292620272878       26.65270063038874       -0.77158925260664
C          -17.46738865493960       26.92543808371134       -1.48734506461370
C          -18.25215613434141       25.81378946433589       -1.38131713151403
N          -17.61917697779736       24.86030610032560       -0.64115052465276
C          -16.40802364199861       25.33623426254585       -0.25054329089854
N          -15.52870871428544       24.65604936070473        0.49267166553990
C          -14.40071878464259       25.26774916759578        0.78449501554508
H          -16.99719010374713       32.63527069112757       -2.02280184909659
H          -14.16226554726330       32.63899088589339       -1.22238773949836
H          -15.65358351882907       31.33615218158111       -3.50446546522043
H          -14.02523180000350       32.02024675060087       -3.52721595998400
H          -13.13733569150692       30.10007289888711       -2.30709564777959
H          -14.23411505458675       29.35445328459492       -3.47714649322351
H          -16.01610053986197       29.22755775323203       -1.84204033285163
H          -14.54488981867816       30.87006655243217        0.20800538449001
H          -16.25646581010768       30.89553497253712       -0.19098484422024
H          -12.60360540871663       29.29704589506520       -0.10443987877512
H          -17.72304222635037       27.82241432863913       -2.01427923125780
H          -19.22806423098418       25.63621533517085       -1.78715880349152
H          -13.69160586648987       24.71926806316625        1.38612086833578
H          -17.97778504213596       23.94873221822130       -0.41204397619594
H          -19.20678949545559       36.25780695379837       -2.01576592198203
H          -19.45112456732429       37.19770780969245       -0.53553598025828
H          -19.74053082963041       35.45140758089340       -0.53943509995228
H          -16.48143081103440       35.75484895984811        1.25695909244270
H          -18.14719430240668       35.17694597589129        1.39456250205083
H          -17.80784714764117       36.91442540277080        1.40748833711881
H          -15.71432312674519       36.88746409274247       -0.87369328880196
H          -16.83468824012393       37.06029746817180       -2.23082316410986
H          -17.04148186934520       38.05256762779548       -0.77925701575607
48
 energy: -73.171175931255 gnorm: 0.000889327093 xtb: 6.7.1 (edcfbbe)
C          -17.51087864519267       35.96274385877436        0.98052022179357
C          -17.65666019383042       36.01201596301899       -0.53984257926215
C          -19.11376452825103       36.25352278617294       -0.93417065827939
C          -16.74946812499857       37.07970337739444       -1.14903953849506
O          -17.35551890460825       34.70671732499221       -1.11304151856146
C          -16.14835946555993       34.13960959527481       -0.98166416786427
O          -15.18909267782367       34.61857001812999       -0.39991865298264
N          -16.13727960091086       32.94876658508945       -1.60826569051480
C          -15.01623787885556       32.04034910592721       -1.56380172011199
C          -14.72472030492716       31.42372041704105       -2.94114886206414
C          -14.17490219721768       30.03710149238773       -2.62786229624539
C          -15.05619548937951       29.57483666158757       -1.46081809056473
C          -15.26223763683529       30.84408380945392       -0.61413460033207
N          -14.49069992580796       28.48536198422137       -0.70732587557826
C          -13.27829232016428       28.46395845877919       -0.08327612814713
N          -13.01702517174723       27.35620329931099        0.54213254383595
C          -14.12322507049563       26.56339512557583        0.33859618741472
C          -15.06203068274936       27.27101306603591       -0.44947912663811
C          -16.27044657538336       26.64896933909325       -0.77287880472177
C          -17.46514247567750       26.92107982645549       -1.48868616742520
C          -18.25012576092129       25.80961057155681       -1.38048983872996
N          -17.61711448844033       24.85719638105941       -0.63877860887376
C          -16.40550556364693       25.33317419521261       -0.24978869215397
N          -15.52523211260927       24.65366175302688        0.49322471432073
C          -14.39649541444097       25.26555828293634        0.78306651256899
H          -17.00623489908708       32.62995547145042       -2.01087405315263
H          -14.17012567344472       32.63653634455858       -1.21147893082953
H          -15.65723260479876       31.33564353714369       -3.49894136199398
H          -14.03109441867487       32.02726424364693       -3.52109215509518
H          -13.13670233030728       30.10540735161729       -2.30321216731137
H          -14.23017031624135       29.35999164372819       -3.47786913508916
H          -16.01404748682804       29.22157894709930       -1.84687725756345
H          -14.55424663113122       30.86189659425079        0.21361986178599
H          -16.26514533553567       30.88467557473784       -0.19152178339033
H          -12.60219611226858       29.29575796147285       -0.10888459217229
H          -17.72062317153918       27.81721521315100       -2.01711243987777
H          -19.22630579252780       25.63150927328019       -1.78552052873958
H          -13.68636725304274       24.71726187436964        1.38376821115885
H          -17.97727320996052       23.94625670319028       -0.40942026193549
H          -19.20906722009778       36.25480079275095       -2.01637861804157
H          -19.44474790240319       37.21002451020793       -0.54415178821557
H          -19.74231493901425       35.46489009853094       -0.53037110179623
H          -16.47856475321881       35.75540629312247        1.25251132225125
H          -18.14566898770985       35.18102258112143        1.39179225708764
H          -17.80209207125676       36.91787699309696        1.40542247073659
H          -15.71268741632957       36.88974830733318       -0.88148202684180
H          -16.83880478507848       37.07168993213255       -2.23303800656039
H          -17.03713547902284       38.05726648349499       -0.77521647580275
48
 energy: -73.171182392615 gnorm: 0.001076437891 xtb: 6.7.1 (edcfbbe)
C          -17.50841842166149       35.96603603452454        0.97816694153400
C          -17.65598900643498       36.01635071126215       -0.54200588104769
C          -19.11327314646613       36.25950178729290       -0.93462541055091
C          -16.74883243288933       37.08403322867365       -1.15134763798642
O          -17.35645643173934       34.71118623314352       -1.11627167846717
C          -16.15068356033390       34.14166623882297       -0.98329825770584
O          -15.18913062391560       34.62200668158233       -0.40632590718923
N          -16.14387379066520       32.94567051551145       -1.60011784135304
C          -15.02211121839122       32.03808132385499       -1.55747226467128
C          -14.72814553759215       31.42567033407867       -2.93630157525878
C          -14.17415669056642       30.03992788897330       -2.62667678488240
C          -15.05608739449278       29.57179731799993       -1.46230454366175
C          -15.26782060126974       30.83818930094512       -0.61244742793473
N          -14.48878789469654       28.48230206916187       -0.71039195407061
C          -13.27618074062856       28.46163752349178       -0.08683559751594
N          -13.01435664894770       27.35427800650244        0.53914104936622
C          -14.12012273699822       26.56075567144069        0.33579730040948
C          -15.05970305606604       27.26798141422364       -0.45175288786506
C          -16.26824168177591       26.64559320761218       -0.77397824498163
C          -17.46337340611946       26.91716444759614       -1.48929373471980
C          -18.24841505382344       25.80589424627624       -1.37941421936628
N          -17.61500018385288       24.85413659570381       -0.63715937975731
C          -16.40294537304779       25.33021173008089       -0.24970216928740
N          -15.52205651598471       24.65116819135614        0.49300631186384
C          -14.39286687480701       25.26315442870325        0.78119102282902
H          -17.01342742224693       32.62657845667022       -2.00115374119162
H          -14.17686952692642       32.63395693141223       -1.20248584090471
H          -15.66036663790543       31.33596396538770       -3.49441163176591
H          -14.03641208432886       32.03305739167450       -3.51449301239476
H          -13.13652348309586       30.11032357454362       -2.30058104731583
H          -14.22650840286039       29.36507115329756       -3.47877453644426
H          -16.01205346523670       29.21655349657632       -1.85125401318114
H          -14.56230184710356       30.85511562173972        0.21753351772253
H          -16.27213963984124       30.87490363756491       -0.19276449444842
H          -12.60052388979088       29.29379245308356       -0.11281532939068
H          -17.71891779010874       27.81279668892826       -2.01853903268684
H          -19.22491809985776       25.62751653105380       -1.78355961969672
H          -13.68259398723890       24.71556715740416        1.38236858119229
H          -17.97561188814481       23.94356646224017       -0.40705784399885
H          -19.21108618977287       36.25328948567927       -2.01666022520473
H          -19.43973334939707       37.22012051083233       -0.55088882849998
H          -19.74381586400873       35.47622915708949       -0.52352042078644
H          -16.47599543796834       35.75749021543283        1.24889202348128
H          -18.14362459749373       35.18479208530216        1.38974524286506
H          -17.79812554145162       36.92128882553919        1.40385416745762
H          -15.71138939097891       36.89123975843240       -0.88832180825759
H          -16.84232104386226       37.08019012792924       -2.23503464150195
H          -17.03321139720716       38.06080118736878       -0.77285669177873
48
 energy: -73.171188719580 gnorm: 0.000734439084 xtb: 6.7.1 (edcfbbe)
C          -17.50635696791629       35.97016025099553        0.97613413550219
C          -17.65531860138989       36.02031772409710       -0.54391635280340
C          -19.11277964195359       36.26520074200728       -0.93491527266570
C          -16.74811724226525       37.08752144431935       -1.15405527960498
O          -17.35761104108679       34.71434747518273       -1.11753697334019
C          -16.15304833747625       34.14275369543064       -0.98316065752544
O          -15.18920535921122       34.62474409068193       -0.41131539971120
N          -16.14947476431885       32.94287298817675       -1.59225217344493
C          -15.02738588595214       32.03565129043584       -1.55181679551935
C          -14.73130357847299       31.42802837740880       -2.93226488285317
C          -14.17371986593408       30.04307634306232       -2.62577919315227
C          -15.05577653199751       29.56914876153655       -1.46390129975548
C          -15.27317824978341       30.83260572921689       -0.61110156608727
N          -14.48684639092964       28.47944096561950       -0.71346406478864
C          -13.27414050989037       28.45915199819864       -0.08998571871577
N          -13.01188169757987       27.35195664034505        0.53601554021745
C          -14.11777831641150       26.55840794621954        0.33370085754283
C          -15.05758754697582       27.26513603298937       -0.45403862056296
C          -16.26611659887525       26.64225553923876       -0.77523872506523
C          -17.46211941853831       26.91347488837787       -1.48923053642328
C          -18.24698058228671       25.80226532488502       -1.37809779179119
N          -17.61267696606457       24.85081074548412       -0.63631003528950
C          -16.40028405990898       25.32718092454762       -0.25015542492532
N          -15.51910722731322       24.64859140564153        0.49249128574866
C          -14.39002609624601       25.26102251850143        0.77999621760913
H          -17.01952965247668       32.62401095499856       -1.99230534132496
H          -14.18287490255328       32.63087179598310       -1.19424345753081
H          -15.66306551618593       31.33708977414396       -3.49089957117907
H          -14.04121491543266       32.03891896174665       -3.50853911999628
H          -13.13666044748270       30.11540398971579       -2.29865482174862
H          -14.22313686066896       29.37067145437296       -3.47987952432440
H          -16.00980121873895       29.21193508064314       -1.85567615524379
H          -14.57021210140093       30.84866501768481        0.22087133075027
H          -16.27873791549146       30.86540813415948       -0.19450968087944
H          -12.59868818113946       29.29141055788613       -0.11639150821766
H          -17.71810469789370       27.80897980858797       -2.01846876355943
H          -19.22395268120595       25.62383035846715       -1.78106911891705
H          -13.67921768084489       24.71381171678131        1.38083951603003
H          -17.97261748351290       23.94033438635904       -0.40485062201733
H          -19.21274178364346       36.25323077697668       -2.01653652625792
H          -19.43560053066154       37.22896009519143       -0.55610698657754
H          -19.74498067741749       35.48639056112138       -0.51822581731803
H          -16.47365892693140       35.76195337009378        1.24584379420302
H          -18.14093003744638       35.18882939033624        1.38837245349912
H          -17.79599466056541       36.92534338660742        1.40196734285512
H          -15.71027876493574       36.89213759894363       -0.89496517584581
H          -16.84541443283165       37.08642035903026       -2.23728732302362
H          -17.02926445175325       38.06386863156575       -0.77228619497192
48
 energy: -73.171194896101 gnorm: 0.000336634336 xtb: 6.7.1 (edcfbbe)
C          -17.50434361680005       35.97572042966313        0.97489556003642
C          -17.65477003287679       36.02410644072444       -0.54507391318667
C          -19.11229882296180       36.27035405608794       -0.93513082005804
C          -16.74710154296073       37.08949477576123       -1.15760713006871
O          -17.35904715899561       34.71667776849434       -1.11674036394736
C          -16.15511320480831       34.14387212483754       -0.98206314596768
O          -15.18961716268042       34.62678531487558       -0.41386558868492
N          -16.15430310475458       32.94092134937265       -1.58481088082714
C          -15.03248642161704       32.03338043435710       -1.54637673993380
C          -14.73456942022361       31.43043885670797       -2.92824999041162
C          -14.17348918599426       30.04618257751719       -2.62509392671957
C          -15.05570561627183       29.56676731245796       -1.46582061818509
C          -15.27865329107781       30.82722895946311       -0.61015651968943
N          -14.48513899244931       28.47683163898970       -0.71670317366784
C          -13.27225038047039       28.45676505681609       -0.09328572064401
N          -13.00991279921126       27.35002130369035        0.53326853826533
C          -14.11565748819170       26.55624287302836        0.33146938081003
C          -15.05582195635866       27.26258876702216       -0.45615618356551
C          -16.26422887982347       26.63905599150753       -0.77637855345596
C          -17.46140551368848       26.90992823784063       -1.48848804354000
C          -18.24578429144225       25.79856620549568       -1.37647512147460
N          -17.61007657607553       24.84713867555529       -0.63603695861895
C          -16.39740725509215       25.32400955456587       -0.25118300924383
N          -15.51583448699040       24.64577733147035        0.49114019905577
C          -14.38707821649436       25.25880264900266        0.77816406162512
H          -17.02477084724495       32.62282422256080       -1.98451368470418
H          -14.18836637939620       32.62748011266847       -1.18641727145954
H          -15.66560488282835       31.33891064079477       -3.48786467991541
H          -14.04572956785501       32.04454399285763       -3.50223872309223
H          -13.13709958093530       30.12071587808446       -2.29689351237996
H          -14.21962302160654       29.37639406582182       -3.48120624287829
H          -16.00778438418955       29.20748794665512       -1.86025996423306
H          -14.57860852913636       30.84246709268802        0.22394540897081
H          -16.28545883739749       30.85636972806662       -0.19712370355659
H          -12.59684587463008       29.28895610568499       -0.12037077025954
H          -17.71834128614294       27.80558038932509       -2.01701223165694
H          -19.22330173336011       25.62011403755060       -1.77807727036623
H          -13.67605515369546       24.71238143984758        1.37939320418165
H          -17.96822225434458       23.93641679109504       -0.40281348665096
H          -19.21389431859310       36.25441300722969       -2.01633558301171
H          -19.43250733952869       37.23625193265541       -0.55972416954242
H          -19.74561530941966       35.49471851827414       -0.51457230572620
H          -16.47107642347197       35.76965242523179        1.24381965688462
H          -18.13703821655909       35.19357029582080        1.38823292608793
H          -17.79559586595596       36.93065446857803        1.40011789966487
H          -15.70904233375314       36.89169657748015       -0.90185141582095
H          -16.84792940158833       37.08930404457206       -2.24035196687405
H          -17.02489304004929       38.06603760514870       -0.77432345056479
48
 energy: -73.171200127689 gnorm: 0.000534911423 xtb: 6.7.1 (edcfbbe)
C          -17.50254616891575       35.98209893105434        0.97416018527564
C          -17.65416978016195       36.02730111370350       -0.54577782629855
C          -19.11178986265347       36.27430471048357       -0.93507016511237
C          -16.74577383245128       37.09011607910524       -1.16163246389245
O          -17.36057592180990       34.71784575836140       -1.11417597243519
C          -16.15711505100737       34.14404671030818       -0.97902951104179
O          -15.19029824307187       34.62775737226982       -0.41375776325280
N          -16.15835856070863       32.93938443827541       -1.57812177999393
C          -15.03681126782616       32.03155479533016       -1.54173762291111
C          -14.73726794924785       31.43285520083149       -2.92495437976075
C          -14.17345917801823       30.04910132314822       -2.62452158969232
C          -15.05600078419030       29.56475880275620       -1.46773261832661
C          -15.28405839376994       30.82261615390340       -0.60963402447653
N          -14.48392199792545       28.47468211438230       -0.71974148401543
C          -13.27077635581930       28.45504751864158       -0.09661545333364
N          -13.00793680042282       27.34859618184147        0.53009673182364
C          -14.11369242973351       26.55462907211191        0.32934553348574
C          -15.05437588248065       27.26047269520373       -0.45806845929938
C          -16.26275237778100       26.63636388873715       -0.77725298928207
C          -17.46112860537872       26.90690609137061       -1.48745453070740
C          -18.24484538222385       25.79517013290094       -1.37487649722384
N          -17.60762852429142       24.84371672863247       -0.63593142259036
C          -16.39479618351895       25.32120479218166       -0.25219298400878
N          -15.51258413823867       24.64332758442420        0.48962363591939
C          -14.38422718901748       25.25708155759174        0.77634500254618
H          -17.02908841519651       32.62223668672190       -1.97798968789305
H          -14.19290910308789       32.62438071370418       -1.17932191262758
H          -15.66768191893571       31.34091636330323       -3.48544732133554
H          -14.04932113716506       32.04972569002891       -3.49691072066687
H          -13.13777298793245       30.12562830671920       -2.29486881254600
H          -14.21649383334267       29.38149432825438       -3.48235963152386
H          -16.00631378083887       29.20356686561344       -1.86459148505663
H          -14.58705729597582       30.83689307988542        0.22685509855913
H          -16.29228365130067       30.84872953549289       -0.20025736243196
H          -12.59554876139454       29.28731901218931       -0.12436218706730
H          -17.71931453210210       27.80277146065810       -2.01501976456105
H          -19.22284619397014       25.61656424781816       -1.77522103364972
H          -13.67259233101451       24.71115266606981        1.37726618869128
H          -17.96381683689579       23.93261235047729       -0.40124641625561
H          -19.21433106558673       36.25587887844770       -2.01606298942554
H          -19.43056124169916       37.24149069435038       -0.56174540472689
H          -19.74567637506617       35.50044097818959       -0.51214391229912
H          -16.46856592584362       35.77922578323747        1.24266237899529
H          -18.13275540855843       35.19887874583235        1.38919556611659
H          -17.79623488728745       36.93688110953929        1.39801448640594
H          -15.70757232938989       36.89026417324405       -0.90832290502535
H          -16.84947835974818       37.08902737650647       -2.24402983794587
H          -17.02039276699568       38.06758121016220       -0.77858388412686
48
 energy: -73.171205750571 gnorm: 0.000674781617 xtb: 6.7.1 (edcfbbe)
C          -17.50063154341012       35.98962667187826        0.97405114201855
C          -17.65354940014094       36.03001505447090       -0.54589637480780
C          -19.11118554982276       36.27743595484474       -0.93483396853569
C          -16.74436421649338       37.08947294123833       -1.16629126799845
O          -17.36204943542128       34.71835414449943       -1.11039083274256
C          -16.15879970181461       34.14394618233808       -0.97531209040101
O          -15.19143414252728       34.62744134961669       -0.41096400356241
N          -16.16183298503887       32.93829587615038       -1.57225401272940
C          -15.04086333828147       32.02983215597497       -1.53728712802036
C          -14.73963430714748       31.43526602171384       -2.92186722918548
C          -14.17347316055855       30.05195535637322       -2.62386714698121
C          -15.05675584846158       29.56293163976547       -1.46968763744437
C          -15.28984830823276       30.81825845203191       -0.60916389990897
N          -14.48317680894406       28.47287678725893       -0.72270475046231
C          -13.26962646181514       28.45391861772405       -0.10027504940521
N          -13.00588210107149       27.34772409735290        0.52645931476781
C          -14.11151254400524       26.55331784625796        0.32682864859762
C          -15.05312091371820       27.25863524210762       -0.45992074989993
C          -16.26156055859360       26.63400019836981       -0.77787381320548
C          -17.46110992262637       26.90413650869190       -1.48622861875184
C          -18.24404336591795       25.79188935077831       -1.37314525710378
N          -17.60522443232519       24.84043614057115       -0.63567763007583
C          -16.39225925864065       25.31861023951563       -0.25311230825718
N          -15.50901932575621       24.64107330370310        0.48780593759473
C          -14.38094815128308       25.25555933095756        0.77393760321312
H          -17.03271320276677       32.62232067447915       -1.97271547006940
H          -14.19703968092630       32.62114777634756       -1.17224154444607
H          -15.66950583394574       31.34304799412936       -3.48319255135313
H          -14.05233355742252       32.05463763388833       -3.49190391644687
H          -13.13851818287302       30.13021118545513       -2.29241044798085
H          -14.21349776370838       29.38640788754465       -3.48338727454385
H          -16.00531980481521       29.19984961994932       -1.86900829274404
H          -14.59628014533473       30.83131277541090        0.23018176647344
H          -16.29975468871332       30.84187197067979       -0.20388117510443
H          -12.59476511619022       29.28645151124482       -0.12869074157311
H          -17.72077927438864       27.80018879970746       -2.01275736481575
H          -19.22248307631028       25.61296176988787       -1.77227076781557
H          -13.66853248931151       24.71006501187039        1.37432594968874
H          -17.95961880529724       23.92889456060731       -0.39998925228809
H          -19.21435364442036       36.25772290847531       -2.01572629101733
H          -19.42949713719461       37.24513989912641       -0.56251716767100
H          -19.74507410369329       35.50426148231806       -0.51069686196068
H          -16.46582536553788       35.79084035890332        1.24245328757886
H          -18.12794239883999       35.20536288972367        1.39152439399696
H          -17.79736136437701       36.94450431161113        1.39557936489250
H          -15.70609382935857       36.88802366092811       -0.91464416467147
H          -16.85028530458961       37.08589799911811       -2.24845974827774
H          -17.01601944792877       38.06846785840496       -0.78510060556497
48
 energy: -73.171212490469 gnorm: 0.000617128999 xtb: 6.7.1 (edcfbbe)
C          -17.49816018861274       35.99979448955090        0.97397900913850
C          -17.65275444082694       36.03334399362277       -0.54596703803985
C          -19.11055290546913       36.28066170550075       -0.93427016492810
C          -16.74237113509989       37.08814428024006       -1.17251776927802
O          -17.36403617476984       34.71870527869223       -1.10479743241507
C          -16.16129680330008       34.14317634481353       -0.96903385944507
O          -15.19329267270332       34.62642810918997       -0.40557522287157
N          -16.16607663185544       32.93722255913165       -1.56518234783310
C          -15.04570727658179       32.02809044550125       -1.53190069217619
C          -14.74219270795449       31.43806674315679       -2.91791705132500
C          -14.17339839942113       30.05517630433548       -2.62303773269912
C          -15.05798700603811       29.56061764616984       -1.47220836163109
C          -15.29745177506796       30.81309213131670       -0.60904906813678
N          -14.48256213900623       28.47079860892937       -0.72631212670877
C          -13.26837264506476       28.45292580884187       -0.10515746146037
N          -13.00309463843193       27.34700177455927        0.52145138697671
C          -14.10836262736604       26.55174220198396        0.32315546870700
C          -15.05152985453927       27.25639980318082       -0.46229752601576
C          -16.26018270755497       26.63122616784169       -0.77844473194491
C          -17.46105500938015       26.90080760101963       -1.48474962133406
C          -18.24305617242961       25.78793945320110       -1.37085787794199
N          -17.60238222790181       24.83663103076031       -0.63483466143270
C          -16.38918852717132       25.31556271046275       -0.25392972262988
N          -15.50431307137908       24.63844630104222        0.48549273976209
C          -14.37631696055808       25.25368647499154        0.77032511670903
H          -17.03703537425976       32.62262245617556       -1.96656230988007
H          -14.20196206811442       32.61733575647015       -1.16317391964867
H          -15.67143015709613       31.34551866251007       -3.48026094417007
H          -14.05561012272617       32.06051236862042       -3.48557127954907
H          -13.13938381431984       30.13534164856505       -2.28902945805686
H          -14.20982354580433       29.39195572318614       -3.48455234028606
H          -16.00435138982825       29.19521205867361       -1.87470077593028
H          -14.60847998062546       30.82454341393453        0.23420166197467
H          -16.30965310077801       30.83390251943595       -0.20915608922600
H          -12.59423230859217       29.28603227410674       -0.13424060237979
H          -17.72252164620284       27.79694935257280       -2.01024809623126
H          -19.22199642132706       25.60846583225577       -1.76851828754402
H          -13.66277811599035       24.70860615419217        1.36977814342208
H          -17.95535494015851       23.92468366777489       -0.39859722586536
H          -19.21427610128130       36.25975670701329       -2.01516618218290
H          -19.42859842815388       37.24879978360205       -0.56278330580534
H          -19.74418725251009       35.50781665952910       -0.50892615893880
H          -16.46240169615284       35.80586767046070        1.24236495332671
H          -18.12215328467103       35.21484391608676        1.39524115904036
H          -17.79819385137850       36.95526001696334        1.39185933892785
H          -15.70401960696758       36.88523300136491       -0.92214404446658
H          -16.85050526366486       37.08022687712531       -2.25450153699645
H          -17.01085683090431       38.06942551534033       -0.79487594958147
48
 energy: -73.171218481981 gnorm: 0.000458980196 xtb: 6.7.1 (edcfbbe)
C          -17.49539825332872       36.01067504345864        0.97401667101375
C          -17.65192133344767       36.03653256426661       -0.54590218056230
C          -19.10986500978139       36.28399918871308       -0.93353131098643
C          -16.74073540212691       37.08671510624946       -1.17902873651573
O          -17.36585179895261       34.71918287539860       -1.09942717600157
C          -16.16359130029103       34.14261438692238       -0.96345157425436
O          -15.19546509131653       34.62472658969640       -0.39931482077281
N          -16.17020388220816       32.93614824409083       -1.55865285598427
C          -15.05074953217883       32.02596492042880       -1.52616361456287
C          -14.74464231864047       31.44104487571033       -2.91386644999609
C          -14.17341834083319       30.05859966487429       -2.62192094332096
C          -15.05941241363521       29.55820421123086       -1.47454532991951
C          -15.30562477105155       30.80761992230629       -0.60852213272422
N          -14.48205924446852       28.46872235991890       -0.72976838914292
C          -13.26715055763672       28.45206216838480       -0.11014343162436
N          -12.99983527258027       27.34615431731074        0.51573876249441
C          -14.10474842991170       26.54997661703970        0.31900520631453
C          -15.04968273145174       27.25393801563857       -0.46495752663917
C          -16.25861215426026       26.62824940722578       -0.77907669403577
C          -17.46075034089808       26.89727103286505       -1.48343695006158
C          -18.24192173049837       25.78388692198660       -1.36839566123073
N          -17.59951598126649       24.83285732613107       -0.63345561603831
C          -16.38598491369707       25.31241331834508       -0.25450217795876
N          -15.49927290695829       24.63575805377310        0.48321009712474
C          -14.37116066134942       25.25166256197715        0.76631969133735
H          -17.04125684874793       32.62290584814505       -1.96091284398707
H          -14.20716503710725       32.61309151284888       -1.15355529179833
H          -15.67329147749477       31.34804894362096       -3.47717599083265
H          -14.05876748263511       32.06660980902205       -3.47913621030055
H          -13.14029906273633       30.14020667122283       -2.28538340318200
H          -14.20648481962970       29.39785716218734       -3.48554892514777
H          -16.00341139269474       29.19038572470213       -1.88049375582113
H          -14.62157591391251       30.81720378870163        0.23893438677293
H          -16.32031346360479       30.82557864517284       -0.21447024042514
H          -12.59398678753737       29.28596402715872       -0.13961802207345
H          -17.72382651274900       27.79337253271600       -2.00820249785952
H          -19.22139694410423       25.60381657358971       -1.76448234805036
H          -13.65616326477132       24.70672235132691        1.36419667008077
H          -17.95200795267827       23.92071457074850       -0.39724157550798
H          -19.21445504018597       36.26164464480692       -2.01442179718420
H          -19.42759264020380       37.25265142593496       -0.56302448894868
H          -19.74314833691147       35.51162868356461       -0.50665407339669
H          -16.45888505345863       35.82058332904678        1.24225993454346
H          -18.11697050223167       35.22613120688319        1.39968496609065
H          -17.79746866382949       36.96735956969074        1.38768255745354
H          -15.70234051934104       36.88294426239249       -0.92928687931499
H          -16.85046618419064       37.07379092606231       -2.26088032003113
H          -17.00665172646608       38.07040810050722       -0.80569670603331
48
 energy: -73.171222943767 gnorm: 0.000326228798 xtb: 6.7.1 (edcfbbe)
C          -17.49291163893446       36.01984890095012        0.97381801948705
C          -17.65129678776884       36.03947439941008       -0.54599394997260
C          -19.10946617741301       36.28696393705871       -0.93277897112275
C          -16.73941986773084       37.08579068993171       -1.18454070129542
O          -17.36758577180382       34.71978322800359       -1.09482025682852
C          -16.16603172232629       34.14193125764732       -0.95809313216278
O          -15.19746585131344       34.62349336138973       -0.39419993332055
N          -16.17388316240712       32.93536235101239       -1.55304865574667
C          -15.05507711380025       32.02436814963161       -1.52136735707596
C          -14.74668597170617       31.44320450745404       -2.91017715581083
C          -14.17341841670497       30.06106751615478       -2.62099057558073
C          -15.06063226027199       29.55612051152460       -1.47644347627774
C          -15.31254007410795       30.80314736861187       -0.60833132010756
N          -14.48163296526428       28.46701716817056       -0.73249334566930
C          -13.26610655809774       28.45135509282876       -0.11417174045777
N          -12.99707240279931       27.34546115981185        0.51108615613902
C          -14.10137692674146       26.54823611651137        0.31508184016523
C          -15.04794806391972       27.25173954667648       -0.46734071774171
C          -16.25708718704050       26.62557800982140       -0.77970896445938
C          -17.46022724905709       26.89414326110203       -1.48253311823187
C          -18.24083750892743       25.78046995045214       -1.36624445231996
N          -17.59708895349744       24.82973749514402       -0.63198402643823
C          -16.38314248791835       25.30964836381334       -0.25494493738430
N          -15.49479560404260       24.63333841458142        0.48115173948071
C          -14.36639563001618       25.24965006414017        0.76240324226402
H          -17.04505269175357       32.62308017490265       -1.95580897448894
H          -14.21164188430340       32.60960253024891       -1.14534438444135
H          -15.67478973993460       31.34995321541384       -3.47440080290661
H          -14.06137886365010       32.07136349678585       -3.47332431623890
H          -13.14097279139666       30.14369272972958       -2.28252719444106
H          -14.20399372690469       29.40236364777221       -3.48633620591519
H          -16.00263537703177       29.18625085414926       -1.88519797281846
H          -14.63264166363817       30.81129486681148        0.24257037574039
H          -16.32921527952948       30.81876489708520       -0.21915809862858
H          -12.59389394318562       29.28603767705363       -0.14369811472978
H          -17.72437354318227       27.79011758463460       -2.00696536233577
H          -19.22080044174348       25.59992724027178       -1.76091418581322
H          -13.65031223502223       24.70493112521326        1.35919873532765
H          -17.94984984243822       23.91759828687524       -0.39614208754275
H          -19.21510650317966       36.26284091372685       -2.01357982206848
H          -19.42647271271590       37.25633383558192       -0.56356375419657
H          -19.74261506176838       35.51551214265645       -0.50398357769989
H          -16.45608221914779       35.83113408358976        1.24177958303726
H          -18.11385599916187       35.23702081775783        1.40358246911169
H          -17.79477708001432       36.97823534886082        1.38367398980597
H          -15.70100771240113       36.88195659288667       -0.93470819267273
H          -16.84999444117884       37.06818219620347       -2.26627827209945
H          -17.00390989309751       38.07147492395032       -0.81540804251824
48
 energy: -73.171226332669 gnorm: 0.000284643466 xtb: 6.7.1 (edcfbbe)
C          -17.49106378459906       36.02635062576348        0.97353875807823
C          -17.65088910818603       36.04162428407208       -0.54614302605600
C          -19.10926141910231       36.28938395112194       -0.93202723306471
C          -16.73869732609260       37.08539138980012       -1.18839900432798
O          -17.36884800887379       34.72039974325970       -1.09196759130909
C          -16.16772932459487       34.14176317467055       -0.95509664402968
O          -15.19877644585066       34.62293562527309       -0.39146367536260
N          -16.17655632002781       32.93473578573369       -1.54922885058872
C          -15.05825938445134       32.02310822494402       -1.51785927248608
C          -14.74826576507513       31.44477983096353       -2.90750040058962
C          -14.17376294065790       30.06281285968073       -2.62019590065887
C          -15.06152931344810       29.55460495594497       -1.47746984561311
C          -15.31746234912250       30.79994294735240       -0.60798091595679
N          -14.48128191267799       28.46577251856722       -0.73412938060769
C          -13.26536913189885       28.45079240649954       -0.11661059660528
N          -12.99495099658732       27.34471440714515        0.50775588782015
C          -14.09884324959422       26.54678272292487        0.31223599222987
C          -15.04648591653354       27.24995198769183       -0.46919283316101
C          -16.25569991295012       26.62338990002290       -0.78039731767476
C          -17.45958361381943       26.89171565163306       -1.48204687546118
C          -18.23986753785289       25.77793072489763       -1.36475108926242
N          -17.59520525729660       24.82740937694133       -0.63091251095924
C          -16.38089679193471       25.30746317142263       -0.25536902333896
N          -15.49144701311197       24.63140435744298        0.47961153108892
C          -14.36286964827122       25.24801431964519        0.75956513025442
H          -17.04792615388436       32.62294069332042       -1.95195005012639
H          -14.21499079842443       32.60712390479011       -1.13959288685722
H          -15.67593133994824       31.35136314432069       -3.47242949211189
H          -14.06333058082669       32.07473665543643       -3.46910148185385
H          -13.14170976011597       30.14592649502359       -2.28070150304970
H          -14.20283587096667       29.40560121928106       -3.48674654105711
H          -16.00210634627621       29.18324814255529       -1.88812314744827
H          -14.64044732280191       30.80712340256890        0.24522668243308
H          -16.33546992768870       30.81377607894992       -0.22223510810461
H          -12.59396269914046       29.28613594197347       -0.14585203475301
H          -17.72429764282291       27.78759391403939       -2.00634688989557
H          -19.22024339650930       25.59713199539169       -1.75827153395523
H          -13.64584820347222       24.70329369310369        1.35523485467341
H          -17.94853889090182       23.91538794795710       -0.39546872127707
H          -19.21591133758114       36.26317266234343       -2.01270201542267
H          -19.42514248732066       37.25977773098003       -0.56445198736617
H          -19.74258735189758       35.51926220671129       -0.50103407185433
H          -16.45434993844242       35.83639960948342        1.24099963758123
H          -18.11315590022871       35.24617694359670        1.40643752902975
H          -17.79054007713972       36.98666709436438        1.38065108220463
H          -15.70029217302755       36.88206030270636       -0.93798293133975
H          -16.84942938876883       37.06408139301719       -2.27006065924567
H          -17.00284993919314       38.07244388866635       -0.82266404156308
48
 energy: -73.171229651633 gnorm: 0.000293112916 xtb: 6.7.1 (edcfbbe)
C          -17.48928417104479       36.03169280089913        0.97328168134182
C          -17.65059777584047       36.04355958014010       -0.54625782802491
C          -19.10910647308750       36.29186380761401       -0.93135139893472
C          -16.73827977352457       37.08525973961964       -1.19170040331698
O          -17.37008492686888       34.72097701150085       -1.08956685427752
C          -16.16930223614740       34.14171393771735       -0.95288718027120
O          -15.19966422440339       34.62291643488135       -0.39040234719247
N          -16.17904493966212       32.93408600181725       -1.54584404101360
C          -15.06112044871036       32.02196256840364       -1.51490319348087
C          -14.74982901180508       31.44593699556581       -2.90520671249323
C          -14.17426340614370       30.06409684423946       -2.61953785510572
C          -15.06234155605207       29.55339991924609       -1.47812643961799
C          -15.32153072291887       30.79732411727758       -0.60747050844124
N          -14.48097937138817       28.46481860388135       -0.73526341386001
C          -13.26481369471964       28.45038487939573       -0.11822400912808
N          -12.99328652270141       27.34413239374752        0.50534735868956
C          -14.09660492424852       26.54542866675088        0.30972057007101
C          -15.04515322116213       27.24839985394206       -0.47079685019716
C          -16.25431166994884       26.62135052716950       -0.78118448620543
C          -17.45889738083614       26.88949337785062       -1.48171145915775
C          -18.23889316618699       25.77562635241399       -1.36354653626806
N          -17.59335264515502       24.82521487559919       -0.63025473934648
C          -16.37870090178500       25.30537299397377       -0.25606429969662
N          -15.48832343903606       24.62948303818480        0.47791682207104
C          -14.35964487635700       25.24639109341069        0.75682691124280
H          -17.05073974543305       32.62252485854572       -1.94804591545117
H          -14.21801932876079       32.60503787492573       -1.13487676241654
H          -15.67711936354462       31.35253350423377       -3.47075411129517
H          -14.06515368405859       32.07731513793245       -3.46548412030408
H          -13.14244185155714       30.14751322957106       -2.27945325046569
H          -14.20233292445166       29.40815738306646       -3.48708567065723
H          -16.00178143085864       29.18072324601546       -1.89014451440029
H          -14.64681216901344       30.80381863819339        0.24752987307852
H          -16.34055511561027       30.80967413241278       -0.22447884261209
H          -12.59415634302718       29.28633817306048       -0.14701422523409
H          -17.72404408028560       27.78533095749188       -2.00585168262769
H          -19.21967484860671       25.59466882852264       -1.75596949912702
H          -13.64195013832913       24.70181284175137        1.35180265648425
H          -17.94710169842258       23.91327951610597       -0.39509490166395
H          -19.21705706066854       36.26304834416773       -2.01180770398488
H          -19.42355497329640       37.26349071733139       -0.56585532099452
H          -19.74278659800278       35.52358511558498       -0.49769819467015
H          -16.45304996367249       35.83839427986812        1.24022101551958
H          -18.11409982283762       35.25532795985372        1.40906647261956
H          -17.78441748760911       36.99440943846214        1.37791735866501
H          -15.69996093347129       36.88286057121548       -0.94022299302653
H          -16.84860082883417       37.06036859879838       -2.27331448482714
H          -17.00267812990437       38.07350024164199       -0.82937796899665
48
 energy: -73.171233032680 gnorm: 0.000336535867 xtb: 6.7.1 (edcfbbe)
C          -17.48752566585335       36.03697173651480        0.97295815289193
C          -17.65035016765485       36.04559909373095       -0.54641282145958
C          -19.10905117965727       36.29448790520189       -0.93041311646950
C          -16.73771963385189       37.08513494192429       -1.19494951945058
O          -17.37148990796287       34.72161283549142       -1.08726306050873
C          -16.17083056666398       34.14202731294468       -0.95136479751656
O          -15.20027261189319       34.62353120669824       -0.39068018317272
N          -16.18170062162990       32.93346229680251       -1.54242230269633
C          -15.06402717059891       32.02100505693538       -1.51201739168441
C          -14.75170511632346       31.44705326834039       -2.90291010531533
C          -14.17517943198951       30.06529830270695       -2.61881714042100
C          -15.06323336073994       29.55218145832955       -1.47848450845498
C          -15.32532461909547       30.79488829129092       -0.60693803094181
N          -14.48068145651379       28.46383948188980       -0.73614724571504
C          -13.26436142972515       28.44999860846134       -0.11936886766804
N          -12.99169615314164       27.34349797191725        0.50323642149413
C          -14.09448218711311       26.54407737436362        0.30750124903255
C          -15.04379105538067       27.24677821660134       -0.47232231968933
C          -16.25279246551383       26.61916570941911       -0.78211772016793
C          -17.45818803370915       26.88718089056335       -1.48132025199707
C          -18.23775355233942       25.77310551227838       -1.36258096910563
N          -17.59119137619890       24.82269622406602       -0.63014514163811
C          -16.37627327392010       25.30305643353819       -0.25713795647021
N          -15.48504281718271       24.62732593303613        0.47592323482614
C          -14.35648346476359       25.24471102261427        0.75423891153593
H          -17.05387356393181       32.62191021742952       -1.94361205009129
H          -14.22104939931616       32.60331288636440       -1.13059079922294
H          -15.67861979119173       31.35366486201434       -3.46905556665393
H          -14.06727587036205       32.07975777727742       -3.46194297838766
H          -13.14351856838851       30.14904345709113       -2.27840483095190
H          -14.20243827016320       29.41050803859876       -3.48724070193318
H          -16.00167342594831       29.17825748937016       -1.89159393533520
H          -14.65262904965912       30.80081935357218        0.24960011320884
H          -16.34521866838274       30.80573177250949       -0.22635204879317
H          -12.59452341280884       29.28662476230426       -0.14755436563804
H          -17.72392124362059       27.78309816460886       -2.00502499430361
H          -19.21895281427033       25.59202534986588       -1.75389162289740
H          -13.63800599891152       24.70021469349211        1.34833765199406
H          -17.94487684340350       23.91071994957339       -0.39506674056922
H          -19.21828208181144       36.26250624390131       -2.01060401294576
H          -19.42160466076181       37.26773134468384       -0.56758322234553
H          -19.74337473450424       35.52853681068050       -0.49361713502183
H          -16.45207765923266       35.83843793521708        1.23914357754999
H          -18.11634017885121       35.26553129055921        1.41171017165792
H          -17.77642530729247       37.00260788770211        1.37520535355795
H          -15.69947784256694       36.88403852512349       -0.94209976746009
H          -16.84740877605738       37.05623894985198       -2.27651926511729
H          -17.00278451913677       38.07459515654309       -0.83648734854027
48
 energy: -73.171235940337 gnorm: 0.000320647526 xtb: 6.7.1 (edcfbbe)
C          -17.48567575457329       36.04169644598488        0.97276767590870
C          -17.65004878723186       36.04743612078813       -0.54644722908662
C          -19.10880787594778       36.29711501710138       -0.92969472832145
C          -16.73728815583142       37.08495263088815       -1.19803720443919
O          -17.37284892224606       34.72203195138290       -1.08488056010040
C          -16.17220211353440       34.14220027309728       -0.95000641038861
O          -15.20046565502785       34.62432282668689       -0.39183367468182
N          -16.18436678767896       32.93263975711145       -1.53900390599388
C          -15.06682348618986       32.02000063503791       -1.50948501346345
C          -14.75375607278540       31.44795899489195       -2.90100867924367
C          -14.17630939860893       30.06632970519981       -2.61820682653960
C          -15.06421539672748       29.55131308316204       -1.47860939478816
C          -15.32865391890156       30.79286447028644       -0.60605991653024
N          -14.48058266201246       28.46317067868072       -0.73676282497612
C          -13.26413396050680       28.44989293332368       -0.12017877299445
N          -12.99051833864691       27.34326044046221        0.50174923546616
C          -14.09263029907863       26.54301542281207        0.30560058879963
C          -15.04271748583243       27.24551721358727       -0.47345529646446
C          -16.25146459357099       26.61725438111404       -0.78291589965275
C          -17.45762978778061       26.88503972248332       -1.48088206132994
C          -18.23659553892555       25.77058205664413       -1.36193039661405
N          -17.58888868390672       24.82008207131747       -0.63064028591539
C          -16.37385199326379       25.30082929981318       -0.25849582552165
N          -15.48178333966262       24.62521635917885        0.47364418489390
C          -14.35348294207053       25.24318061433866        0.75167654641906
H          -17.05710853514920       32.62099850813673       -1.93888988737376
H          -14.22395949310008       32.60175797765973       -1.12701862237946
H          -15.68042249285744       31.35461133660415       -3.46753987727752
H          -14.06957607093499       32.08174500375037       -3.45910162128516
H          -13.14477716495423       30.15047975962388       -2.27754679566900
H          -14.20285045647978       29.41251080586943       -3.48737577805324
H          -16.00187002066960       29.17627977876874       -1.89247100909664
H          -14.65746146074698       30.79838404497349        0.25162358254834
H          -16.34920440467636       30.80251350078861       -0.22729536552865
H          -12.59500062474995       29.28708852097667       -0.14793196588383
H          -17.72418290470241       27.78111445340970       -2.00390009135288
H          -19.21812083714475       25.58931479291951       -1.75232753590684
H          -13.63445569385554       24.69895501032731        1.34534550168307
H          -17.94185601880938       23.90785209862590       -0.39547603502320
H          -19.21939254991379       36.26194804624161       -2.00963876949835
H          -19.41966382414792       37.27184816849662       -0.56944554379298
H          -19.74362155631006       35.53339855218503       -0.48979658019279
H          -16.45114085101535       35.83755208866069        1.23831807349709
H          -18.11877309167902       35.27537479070613        1.41428072392627
H          -17.76803676171869       37.01020402308308        1.37275230284516
H          -15.69921953003226       36.88503479367438       -0.94367361524020
H          -16.84613069785362       37.05208432831295       -2.27958033271527
H          -17.00293300794542       38.07564651482564       -0.84341408167354
48
 energy: -73.171237993850 gnorm: 0.000221228707 xtb: 6.7.1 (edcfbbe)
C          -17.48429594634803       36.04514623931643        0.97261155573670
C          -17.64980365391848       36.04884177466035       -0.54647080778967
C          -19.10865985352461       36.29894784568658       -0.92904765650788
C          -16.73667835467666       37.08465123981873       -1.20028328245763
O          -17.37389224123828       34.72240712013053       -1.08310328338506
C          -16.17312805966056       34.14256438318253       -0.94931897693622
O          -15.20051168385595       34.62513986273466       -0.39313243119526
N          -16.18641730496490       32.93218365629120       -1.53650696662418
C          -15.06886235516004       32.01955517065250       -1.50777453333893
C          -14.75569180444965       31.44846786172682       -2.89964126360756
C          -14.17747073847900       30.06697537599354       -2.61766734537350
C          -15.06512164018948       29.55072063822062       -1.47845402287601
C          -15.33064608035914       30.79166813071848       -0.60541920390825
N          -14.48066969989769       28.46271921549887       -0.73702873567225
C          -13.26414420660408       28.44993952431880       -0.12056726853269
N          -12.98974578116787       27.34318552181531        0.50078823542954
C          -14.09149603865716       26.54244061830988        0.30463260323711
C          -15.04208803241308       27.24467461063493       -0.47403051966085
C          -16.25058207107065       26.61589084445126       -0.78341327199585
C          -17.45732864738255       26.88345267514280       -1.48045369727321
C          -18.23559410197463       25.76846785952922       -1.36183224804450
N          -17.58691918005206       24.81784469340882       -0.63160892617472
C          -16.37200121135475       25.29911409269397       -0.25969427673561
N          -15.47934314796880       24.62362616988018        0.47184380428286
C          -14.35145274323857       25.24221930860870        0.75011714701687
H          -17.05964723206080       32.62036954308928       -1.93518624142380
H          -14.22596930088931       32.60103952527075       -1.12495678104222
H          -15.68230742559460       31.35508397727642       -3.46624424634061
H          -14.07179843084503       32.08293629438337       -3.45729698905375
H          -13.14598393106621       30.15153753429352       -2.27696772838911
H          -14.20361856304852       29.41365543833118       -3.48720052561210
H          -16.00241073877774       29.17507877223651       -1.89258615523579
H          -14.66012329392097       30.79694569842329        0.25277016066455
H          -16.35146787564220       30.80057162654496       -0.22743750199871
H          -12.59553895502971       29.28756522143455       -0.14806216878762
H          -17.72476324445195       27.77974853242290       -2.00264979460085
H          -19.21725320842829       25.58696012736883       -1.75177743147677
H          -13.63188358178762       24.69810408569697        1.34323327518993
H          -17.93879546068857       23.90522468613045       -0.39632657114789
H          -19.22005403898750       36.26172167278126       -2.00879054396399
H          -19.41835236164889       37.27466756794177       -0.57056983764784
H          -19.74389304400174       35.53675236610000       -0.48720190931186
H          -16.45045235454686       35.83687658213570        1.23763768307375
H          -18.12045247540489       35.28255844539979        1.41611165341342
H          -17.76181206735636       37.01567419367861        1.37100924440365
H          -15.69869284243410       36.88561365550600       -0.94491162365151
H          -16.84499126173879       37.04881393084607       -2.28177729787223
H          -17.00269373303218       38.07625609327712       -0.84856329580374
48
 energy: -73.171239477664 gnorm: 0.000142623406 xtb: 6.7.1 (edcfbbe)
C          -17.48329632409978       36.04744373668720        0.97249633695825
C          -17.64952665622411       36.04973006082946       -0.54650946904802
C          -19.10842179337847       36.30019542940433       -0.92865519922651
C          -16.73623074591282       37.08443942322335       -1.20180080604889
O          -17.37455841077048       34.72257378832949       -1.08188336005858
C          -16.17369224128014       34.14271276257904       -0.94886965970167
O          -15.20037083368761       34.62572087111063       -0.39429416787745
N          -16.18786116607899       32.93174113831314       -1.53475304748448
C          -15.07020381400492       32.01925603412614       -1.50677938759953
C          -14.75731121756792       31.44869222577842       -2.89893311524478
C          -14.17863324699968       30.06732632780096       -2.61735362102234
C          -15.06584876208327       29.55052909109425       -1.47806213795160
C          -15.33167061620532       30.79114866003227       -0.60467093757226
N          -14.48090969345689       28.46256595181235       -0.73696321304131
C          -13.26429189437214       28.45010319437895       -0.12067621070054
N          -12.98945400299436       27.34336418205039        0.50050177965482
C          -14.09086327038628       26.54219708628755        0.30419722022564
C          -15.04187415982565       27.24429148719663       -0.47407468006349
C          -16.25012479622724       26.61508465012432       -0.78356484559982
C          -17.45719012178105       26.88235532566070       -1.48014734465607
C          -18.23479090335712       25.76683540451999       -1.36209071002198
N          -17.58537874068401       24.81611013153022       -0.63271844465055
C          -16.37070235930045       25.29792408852337       -0.26064655745960
N          -15.47762453448196       24.62252298015685        0.47046388379819
C          -14.35010306376325       25.24161932537564        0.74907128750309
H          -17.06146280019946       32.61975674639167       -1.93247204288292
H          -14.22725800035010       32.60074664937562       -1.12409164130484
H          -15.68404268307852       31.35514082459193       -3.46529853992261
H          -14.07376034895874       32.08348689031480       -3.45664509965750
H          -13.14716245601148       30.15227605371712       -2.27674711843027
H          -14.20456838276029       29.41419663052758       -3.48702837736849
H          -16.00306985121224       29.17464860943855       -1.89212110606589
H          -14.66109638582284       30.79637636647199        0.25346410300411
H          -16.35247515590867       30.79971340473455       -0.22663113135823
H          -12.59597613602829       29.28795613430305       -0.14815295897899
H          -17.72540674481663       27.77884319511577       -2.00161581898786
H          -19.21641793294176       25.58503539971404       -1.75198155305675
H          -13.63030327471836       24.69770479242819        1.34208324503686
H          -17.93612808194909       23.90306400912880       -0.39742371390156
H          -19.22026148927274       36.26187444164874       -2.00831549037281
H          -19.41748938264002       37.27644217711310       -0.57105412461351
H          -19.74380709285876       35.53873508256367       -0.48574144944182
H          -16.44983264418017       35.83687619551080        1.23714023977452
H          -18.12108838549792       35.28699046628237        1.41722721994528
H          -17.75805387982330       37.01912080261912        1.36993067276131
H          -15.69831689237077       36.88575658556817       -0.94588460660717
H          -16.84431893047233       37.04671129284931       -2.28325246968880
H          -17.00226969919297       38.07666389666040       -0.85187182999445
48
 energy: -73.171240745418 gnorm: 0.000135212491 xtb: 6.7.1 (edcfbbe)
C          -17.48241899767600       36.04899426190175        0.97241386495002
C          -17.64928498621047       36.05043856207254       -0.54653294068930
C          -19.10820459197725       36.30112052175906       -0.92843992824106
C          -16.73585302380115       37.08433335636489       -1.20290920317683
O          -17.37500176698720       34.72281917295667       -1.08105400254967
C          -16.17406381915478       34.14291899244071       -0.94862719886282
O          -15.20023554623548       34.62620154012931       -0.39521566969242
N          -16.18893620531405       32.93151249497575       -1.53352200690880
C          -15.07114967289469       32.01919022280711       -1.50622999246670
C          -14.75889301172370       31.44859563886083       -2.89851228127634
C          -14.17974156752182       30.06739001870079       -2.61707849698039
C          -15.06654130670698       29.55051048001116       -1.47750748490118
C          -15.33191745605677       30.79108419852224       -0.60394317065781
N          -14.48126019617464       28.46254512396521       -0.73670004817720
C          -13.26456296518180       28.45033149460250       -0.12056144712648
N          -12.98932913517670       27.34356049372895        0.50038943560168
C          -14.09058872439289       26.54216822654547        0.30420057311556
C          -15.04187592331663       27.24410009489771       -0.47387808915004
C          -16.24988152414137       26.61451731629215       -0.78357387093199
C          -17.45711644593383       26.88147359798290       -1.47996683622252
C          -18.23404984430503       25.76539611826464       -1.36264992746217
N          -17.58407115302285       24.81460900293575       -0.63392357152091
C          -16.36973917570993       25.29700114346166       -0.26140458255760
N          -15.47638507552488       24.62171484383580        0.46947812040357
C          -14.34926788284254       25.24130709766796        0.74858815769413
H          -17.06282374824084       32.61939079010718       -1.93048675245742
H          -14.22807083970595       32.60081597371381       -1.12403429843458
H          -15.68589217136444       31.35487561799189       -3.46441551709573
H          -14.07572949531484       32.08348284424728       -3.45659203509845
H          -13.14820681820539       30.15267412287400       -2.27672556170640
H          -14.20572234665651       29.41420145135589       -3.48669471107753
H          -16.00394077422955       29.17464900891976       -1.89120744011148
H          -14.66079934581166       30.79639125049777        0.25377454798550
H          -16.35247999536355       30.79959317399638       -0.22525529845444
H          -12.59643263535336       29.28832929952507       -0.14810057607171
H          -17.72602004170034       27.77814090863428       -2.00077660798388
H          -19.21553626509479       25.58325935517182       -1.75274169650808
H          -13.62921070819202       24.69747589322297        1.34136997710770
H          -17.93378131235134       23.90113349181446       -0.39875894860684
H          -19.22036340419936       36.26250711233959       -2.00805860397978
H          -19.41703955180988       37.27748398374839       -0.57100929819902
H          -19.74357415696095       35.53986927060801       -0.48516485196900
H          -16.44907032976360       35.83753414826857        1.23679957194891
H          -18.12083578026294       35.28954166458013        1.41792079137585
H          -17.75596899949987       37.02122349776054        1.36926062856146
H          -15.69796812047706       36.88570505769010       -0.94686296220326
H          -16.84398403250402       37.04554174027515       -2.28431826043909
H          -17.00167912894358       38.07694633096840       -0.85396149779737
48
 energy: -73.171242132236 gnorm: 0.000186039822 xtb: 6.7.1 (edcfbbe)
C          -17.48158717358325       36.05041004139276        0.97220629437779
C          -17.64897099061880       36.05113718997888       -0.54668570312216
C          -19.10797668412654       36.30198720984529       -0.92814741777097
C          -16.73543255256836       37.08440404283638       -1.20389801246970
O          -17.37531089002733       34.72313561880647       -1.08053017060366
C          -16.17434942105509       34.14314348554842       -0.94852653608811
O          -15.20006918284041       34.62666554384052       -0.39615906650638
N          -16.18990602122475       32.93130291960716       -1.53243805992164
C          -15.07193444190464       32.01921778478005       -1.50587677284024
C          -14.76068411894740       31.44834562981267       -2.89827973128155
C          -14.18117507974263       30.06730583516811       -2.61680597711283
C          -15.06729059713126       29.55061223443266       -1.47662928241597
C          -15.33173874830214       30.79132143404908       -0.60301639125903
N          -14.48172618234613       28.46258360307750       -0.73615572046736
C          -13.26492094051789       28.45057522228229       -0.12023112387900
N          -12.98935831398004       27.34381682882464        0.50059273850563
C          -14.09039552098837       26.54214148213410        0.30435250076620
C          -15.04199465269416       27.24395890832864       -0.47344851491431
C          -16.24970428901187       26.61396071912957       -0.78347704016021
C          -17.45699196792524       26.88052714052830       -1.47991590916418
C          -18.23320094943988       25.76383791921245       -1.36349205873554
N          -17.58272437412573       24.81302544391644       -0.63529351187503
C          -16.36881748307319       25.29605018470238       -0.26214390669917
N          -15.47520788212493       24.62088770669525        0.46854846688891
C          -14.34849332258607       25.24097048322369        0.74817885348905
H          -17.06405772254975       32.61904398902595       -1.92869850722374
H          -14.22866210174046       32.60113124288692       -1.12452628099595
H          -15.68809509324944       31.35432820928205       -3.46345950601342
H          -14.07802251749164       32.08317180317528       -3.45705784459866
H          -13.14951404033769       30.15292494836395       -2.27691933706874
H          -14.20740643339675       29.41388466691039       -3.48623022394209
H          -16.00507135024655       29.17496913820311       -1.88967164712292
H          -14.65961784422474       30.79680011598427        0.25392280117102
H          -16.35186475505276       30.79991038221200       -0.22312976375727
H          -12.59694654085374       29.28869454965275       -0.14786655759133
H          -17.72653628361035       27.77735716845796       -2.00011709960112
H          -19.21445241687939       25.58128226955978       -1.75398514916166
H          -13.62829115739216       24.69730729031044        1.34093400613460
H          -17.93144993502140       23.89909005349893       -0.40045975308107
H          -19.22032196378508       36.26358140908486       -2.00774773100917
H          -19.41673955580896       37.27828986407223       -0.57048246622494
H          -19.74328152000028       35.54063447423135       -0.48493204821822
H          -16.44814692576463       35.83898909115049        1.23625982970672
H          -18.11985118214579       35.29115742653492        1.41826556882441
H          -17.75491639641905       37.02280810783180        1.36878070692675
H          -15.69750842178034       36.88559632505824       -0.94814270030011
H          -16.84397129212775       37.04502692733104       -2.28524289088981
H          -17.00081276922434       38.07729593902246       -0.85542135170579
48
 energy: -73.171243879718 gnorm: 0.000233893027 xtb: 6.7.1 (edcfbbe)
C          -17.48047645499772       36.05187938521806        0.97192257437023
C          -17.64858021364791       36.05203586728413       -0.54689800364105
C          -19.10766993021709       36.30307717950362       -0.92788527205707
C          -16.73508442796364       37.08474950448428       -1.20501463600015
O          -17.37556709236750       34.72370663693026       -1.08019516159785
C          -16.17463581629353       34.14352753347517       -0.94854008122546
O          -15.19983098274732       34.62731461888022       -0.39733018097358
N          -16.19098603629897       32.93114211009092       -1.53126624214869
C          -15.07277025365311       32.01935095047991       -1.50560006061376
C          -14.76303568315545       31.44776501639886       -2.89805985182434
C          -14.18315613275566       30.06690658158980       -2.61649676871483
C          -15.06826938252280       29.55083026125288       -1.47527759927874
C          -15.33113063978159       30.79189543671909       -0.60170986600310
N          -14.48237684351456       28.46269232450413       -0.73524458700778
C          -13.26546058912292       28.45092018849645       -0.11953805611259
N          -12.98942468151487       27.34408549773028        0.50094251756024
C          -14.09023203779138       26.54210739102417        0.30467533122355
C          -15.04215807774497       27.24377468796723       -0.47286373423064
C          -16.24945533177180       26.61322412256796       -0.78340178580160
C          -17.45671252547516       26.87928560618030       -1.48007770774812
C          -18.23205289284258       25.76186635813051       -1.36476349517590
N          -17.58107607044827       24.81107487028189       -0.63701892991836
C          -16.36772630699301       25.29486737525994       -0.26300814168832
N          -15.47386744181619       24.61989505405672        0.46755873586696
C          -14.34766054899792       25.24058612292350        0.74786780276056
H          -17.06543137159593       32.61872912844217       -1.92674162468062
H          -14.22918861789014       32.60170879218221       -1.12559679941536
H          -15.69106865507779       31.35337266893414       -3.46215515078631
H          -14.08105041309063       32.08234141433986       -3.45795349570539
H          -13.15125382611769       30.15284865888559       -2.27741726937640
H          -14.20999064208121       29.41304368347371       -3.48557042330502
H          -16.00668974154220       29.17558029417590       -1.88724161066990
H          -14.65741724189651       30.79773209573881        0.25398577408583
H          -16.35055638305195       30.80077721474226       -0.21992924462260
H          -12.59770697557528       29.28921645962449       -0.14719193672791
H          -17.72689994042651       27.77627043049851       -1.99967784072585
H          -19.21297004489647       25.57876560081609       -1.75584741411999
H          -13.62721589932274       24.69705121802103        1.34045016129351
H          -17.92884216393290       23.89662249853317       -0.40278167103949
H          -19.22033306295611       36.26524277753336       -2.00750310774345
H          -19.41640754229200       37.27916036009889       -0.56956345556927
H          -19.74275034155952       35.54138121803604       -0.48487876588636
H          -16.44676252405041       35.84128507130393        1.23558792767475
H          -18.11797188186364       35.29224148179554        1.41843465925134
H          -17.75439065682975       37.02415694026203        1.36838208996358
H          -15.69708052523102       36.88549628334607       -0.94993036133869
H          -16.84437941752264       37.04517657442157       -2.28628266593581
H          -16.99974573675009       38.07783845735918       -0.85655457364213
48
 energy: -73.171246205846 gnorm: 0.000260032885 xtb: 6.7.1 (edcfbbe)
C          -17.47895563246420       36.05366760041066        0.97140919319947
C          -17.64802708520855       36.05328611824223       -0.54730680608921
C          -19.10732250795843       36.30451704241648       -0.92740467664539
C          -16.73465973324452       37.08547827928733       -1.20641585484387
O          -17.37574560838859       34.72461601989000       -1.08009221608545
C          -16.17491598085828       34.14412918412605       -0.94875457201509
O          -15.19947404308361       34.62822002578214       -0.39896240460563
N          -16.19224513199090       32.93102165994497       -1.52991230221405
C          -15.07371808853203       32.01958559627879       -1.50540012407224
C          -14.76635192532080       31.44679331840010       -2.89791618193189
C          -14.18611346036293       30.06615652173725       -2.61600695812623
C          -15.06972545568110       29.55117738174244       -1.47312353511093
C          -15.32995950820549       30.79291921064205       -0.59978578576566
N          -14.48336346519425       28.46291341084226       -0.73367662004485
C          -13.26631665754895       28.45146380287932       -0.11822228284863
N          -12.98961373432522       27.34448798080447        0.50171513416435
C          -14.08995817838324       26.54196493189980        0.30507732904179
C          -15.04236327736301       27.24348577692074       -0.47201748607067
C          -16.24903454443158       26.61213192710053       -0.78337960022193
C          -17.45615942696317       26.87750443829328       -1.48054518787055
C          -18.23039120100525       25.75916062948226       -1.36665849058850
N          -17.57885766807587       24.80844989265819       -0.63931977285377
C          -16.36623176297686       25.29320483796029       -0.26418198892419
N          -15.47204321746841       24.61848430075875        0.46622533615486
C          -14.34645582561711       25.23994054962757        0.74733975314208
H          -17.06705830587796       32.61842711051596       -1.92441296914273
H          -14.22965795012154       32.60260372371480       -1.12744975733846
H          -15.69536142339511       31.35195858613948       -3.46035310520072
H          -14.08527247754679       32.08083192734722       -3.45953510793458
H          -13.15373555356495       30.15227679794444       -2.27835749303894
H          -14.21422721361883       29.41155133350708       -3.48446938010225
H          -16.00919749754232       29.17656263431876       -1.88329424758251
H          -14.65385664474248       30.79928883532238        0.25404698689023
H          -16.34832471897760       30.80235126608648       -0.21516827945188
H          -12.59893813647595       29.29006956775333       -0.14573612298451
H          -17.72702046625147       27.77463195350108       -1.99954792659885
H          -19.21084018672006       25.57532375518805       -1.75857559954174
H          -13.62576450164692       24.69663530080452        1.33983232071164
H          -17.92564666533094       23.89337668073688       -0.40606101758166
H          -19.22046507378214       36.26765854329861       -2.00700360898446
H          -19.41606066380342       37.28022951496012       -0.56808167003223
H          -19.74212220874122       35.54232803705387       -0.48484514521056
H          -16.44477434731186       35.84459813104070        1.23448278211021
H          -18.11508473997227       35.29315897480750        1.41843641715965
H          -17.75406927591970       37.02560212561163        1.36789684484165
H          -15.69647204130225       36.88563485643071       -0.95253741130394
H          -16.84520449934052       37.04604169939481       -2.28756058669192
H          -16.99834228735027       38.07869821038832       -0.85758982076724
48
 energy: -73.171247144197 gnorm: 0.000232704273 xtb: 6.7.1 (edcfbbe)
C          -17.47853106309438       36.05457807664045        0.97130000805413
C          -17.64785802375605       36.05383626293811       -0.54739452110057
C          -19.10718458461555       36.30525249680227       -0.92724093425126
C          -16.73454409577000       37.08587174433966       -1.20683678986610
O          -17.37581880839832       34.72505998324575       -1.08007527769034
C          -16.17513840034296       34.14430861582375       -0.94856931943554
O          -15.19965518365398       34.62825840907959       -0.39871910179410
N          -16.19259757441421       32.93116159630448       -1.52969228078013
C          -15.07418647853031       32.01954198555655       -1.50515440488796
C          -14.76710967798885       31.44655172193999       -2.89765986536562
C          -14.18697050546217       30.06583618854037       -2.61595528759004
C          -15.07022206685909       29.55105305924121       -1.47268787424646
C          -15.33037531908452       30.79291684582338       -0.59944829616607
N          -14.48357344189247       28.46285918593583       -0.73336128681653
C          -13.26651985498077       28.45162669748085       -0.11791656248938
N          -12.98945393821428       27.34455968270477        0.50169693415904
C          -14.08954761084853       26.54174335978731        0.30484389838639
C          -15.04214082466048       27.24314207853792       -0.47212918923267
C          -16.24861808951352       26.61148418583733       -0.78361746133267
C          -17.45573475678349       26.87664237178445       -1.48087703542865
C          -18.22980214392907       25.75820705822727       -1.36691033139180
N          -17.57820949645371       24.80765979079008       -0.63943564883757
C          -16.36559538972761       25.29255111585627       -0.26435458427476
N          -15.47125275058292       24.61798621347728        0.46599313433471
C          -14.34573976127943       25.23962697105117        0.74700954694041
H          -17.06744458418055       32.61867749780301       -1.92421032482131
H          -14.22999842919459       32.60250207158510       -1.12739974442417
H          -15.69624955514117       31.35172139364298       -3.45987571294897
H          -14.08612270919311       32.08051437911920       -3.45947391053305
H          -13.15444040414758       30.15177962655843       -2.27871324212950
H          -14.21554693912393       29.41116928451061       -3.48439665907996
H          -16.00976391357738       29.17633211016782       -1.88258720908273
H          -14.65414380765263       30.79936292938833        0.25427188287725
H          -16.34868183340691       30.80240048862818       -0.21466795290225
H          -12.59944585067837       29.29048486220388       -0.14513735338063
H          -17.72657545144926       27.77366506562383       -2.00007762570595
H          -19.21022677402152       25.57419104504704       -1.75881992989180
H          -13.62485939419011       24.69638485742869        1.33933208810664
H          -17.92518049332210       23.89259187874274       -0.40642168570893
H          -19.22061075063255       36.26820971473153       -2.00681445136661
H          -19.41557140867380       37.28112705176073       -0.56803112988328
H          -19.74203589259614       35.54331929969418       -0.48431084593384
H          -16.44427478505459       35.84568927191355        1.23424308181619
H          -18.11451676004796       35.29408911194737        1.41859254620019
H          -17.75371151128314       37.02659012942425        1.36762227855675
H          -15.69631675202690       36.88592027151146       -0.95319919324077
H          -16.84535795292572       37.04642121782278       -2.28796200128880
H          -16.99804420663219       38.07914074699288       -0.85797037313293
48
 energy: -73.171248590989 gnorm: 0.000110871563 xtb: 6.7.1 (edcfbbe)
C          -17.47774631584520       36.05589165452390        0.97103913120442
C          -17.64754423460778       36.05473416058713       -0.54759522222914
C          -19.10699480111979       36.30631684348096       -0.92691127709813
C          -16.73437142306041       37.08661715307615       -1.20750987884713
O          -17.37575278719278       34.72581792683552       -1.08013832994334
C          -16.17530709710385       34.14467664324612       -0.94841997299659
O          -15.19973106103845       34.62842942256574       -0.39850020234125
N          -16.19298193782430       32.93139249334076       -1.52935783240199
C          -15.07477913188126       32.01945740496210       -1.50489334407621
C          -14.76844702024746       31.44614983149010       -2.89744733269175
C          -14.18860878238710       30.06531124547449       -2.61576037334202
C          -15.07119877979510       29.55091578892598       -1.47175768068331
C          -15.33084592070415       30.79308885410844       -0.59876130693004
N          -14.48406228941647       28.46288726123960       -0.73256081400474
C          -13.26702971072812       28.45204076251916       -0.11706831211537
N          -12.98928337301855       27.34476235472075        0.50187016338338
C          -14.08884277757332       26.54134206921503        0.30442120355687
C          -15.04179212858265       27.24258242386181       -0.47226559984434
C          -16.24790550065670       26.61038668528594       -0.78405028141118
C          -17.45498666050506       26.87521727287832       -1.48152468957961
C          -18.22880335462728       25.75663510928309       -1.36743183087327
N          -17.57708077038463       24.80635233988613       -0.63963079880389
C          -16.36454123507059       25.29145030493851       -0.26470739564854
N          -15.46991436001576       24.61711346388320        0.46548651574407
C          -14.34448267798309       25.23902326577406        0.74629301108511
H          -17.06789694306467       32.61911305773437       -1.92390704740301
H          -14.23032054244048       32.60229653687580       -1.12757647416343
H          -15.69789968242409       31.35143920123213       -3.45917802752496
H          -14.08756703869130       32.07983201597977       -3.45971052385630
H          -13.15572870666924       30.15071047832291       -2.27941036076035
H          -14.21824392872256       29.41048097092327       -3.48405437965584
H          -16.01101553067148       29.17607109520370       -1.88090025955299
H          -14.65440191959924       30.79968685597326        0.25478716777776
H          -16.34905322497577       30.80275440292612       -0.21374533522219
H          -12.60051522284981       29.29136848799649       -0.14369972362460
H          -17.72571862022346       27.77204325534793       -2.00110887631571
H          -19.20917915781279       25.57234363739780       -1.75932059434788
H          -13.62334040872826       24.69589713970328        1.33840440160584
H          -17.92451898269280       23.89133056478351       -0.40712413747811
H          -19.22094649115917       36.26889595264666       -2.00640984604089
H          -19.41490050734187       37.28245550308529       -0.56797047847281
H          -19.74190779160327       35.54480511887417       -0.48336112025988
H          -16.44334089624653       35.84757380307028        1.23380609567905
H          -18.11328876656231       35.29527698809854        1.41876227830249
H          -17.75330223452460       37.02790762717407        1.36712001771957
H          -15.69603625695875       36.88650855606178       -0.95444047677538
H          -16.84580566399608       37.04731008782569       -2.28857121816373
H          -16.99753735066040       38.07990593065484       -0.85840862958062
48
 energy: -73.171250206769 gnorm: 0.000161593098 xtb: 6.7.1 (edcfbbe)
C          -17.47662526808321       36.05752058997466        0.97076117327014
C          -17.64706227883980       36.05589013871779       -0.54779123308026
C          -19.10665588393159       36.30753645682854       -0.92651454292024
C          -16.73414143159831       37.08755378005274       -1.20839975751748
O          -17.37560147450403       34.72681337223853       -1.08016941989969
C          -16.17539780951737       34.14528001412815       -0.94826909025506
O          -15.19960358092831       34.62891060178188       -0.39860435277747
N          -16.19347056913674       32.93178715612636       -1.52877321347842
C          -15.07552120242509       32.01950545579442       -1.50459230452220
C          -14.77032361904738       31.44543988642904       -2.89708448504890
C          -14.19096096776563       30.06437056623610       -2.61562944757448
C          -15.07259311306395       29.55087647404152       -1.47045899198712
C          -15.33143900585650       30.79354232169450       -0.59786783841702
N          -14.48483213049300       28.46306336846716       -0.73142017902198
C          -13.26785998744971       28.45278393145135       -0.11580150747667
N          -12.98919030412035       27.34524139988670        0.50225085447224
C          -14.08803136556244       26.54100496999689        0.30404297216024
C          -15.04141693437319       27.24196322941182       -0.47237072002712
C          -16.24702687420946       26.60903379130031       -0.78459811664275
C          -17.45410948243707       26.87337603555619       -1.48228207827511
C          -18.22747243270086       25.75449270212297       -1.36824497763914
N          -17.57543935501625       24.80449496330601       -0.64023606124037
C          -16.36310871636541       25.29000838065073       -0.26534844166350
N          -15.46807648071711       24.61599044588068        0.46465277091483
C          -14.34289303828974       25.23837498279837        0.74543376421744
H          -17.06850940344290       32.61975697530257       -1.92325545323587
H          -14.23060864834968       32.60217774028533       -1.12803740604510
H          -15.70017642440762       31.35101760974195       -3.45819550526944
H          -14.08952465488666       32.07863200700049       -3.45998034959062
H          -13.15767537688970       30.14919469404140       -2.28038763405127
H          -14.22193604642958       29.40925437650277       -3.48368435034153
H          -16.01284064030874       29.17591393587327       -1.87845499565106
H          -14.65462878291829       30.80038821504646        0.25537141512894
H          -16.34947208812235       30.80368162258118       -0.21239802301838
H          -12.60214836374013       29.29278233325505       -0.14157514580427
H          -17.72489818181822       27.76999993916755       -2.00216967314953
H          -19.20774779274115       25.56978179522626       -1.76016704631608
H          -13.62134546385313       24.69535136934161        1.33714616559711
H          -17.92321712304093       23.88943965789166       -0.40836662841887
H          -19.22125029183528       36.26944526548588       -2.00592214705571
H          -19.41408407701270       37.28400528317294       -0.56804217139331
H          -19.74152696488805       35.54651169227652       -0.48207745090510
H          -16.44198116186791       35.84999794491613        1.23318669277443
H          -18.11145169460275       35.29656335588734        1.41891855920716
H          -17.75276113279961       37.02943966348807        1.36669044142594
H          -15.69567035073189       36.88708896029046       -0.95617890706019
H          -16.84648454644671       37.04843929567113       -2.28936991259121
H          -16.99670748242220       38.08088125667522       -0.85893524880794
48
 energy: -73.171251768631 gnorm: 0.000240469054 xtb: 6.7.1 (edcfbbe)
C          -17.47538655687451       36.05907397769172        0.97048154662635
C          -17.64651176040483       36.05699847176817       -0.54799310066124
C          -19.10626987848120       36.30862440301383       -0.92608355187655
C          -16.73386729886984       37.08846960025524       -1.20928485362455
O          -17.37534440000217       34.72778805951938       -1.08023118870828
C          -16.17528215915204       34.14597689929893       -0.94835045685771
O          -15.19921999849459       34.62953951694612       -0.39908564817943
N          -16.19389112624826       32.93219623770803       -1.52824958713055
C          -15.07622141561199       32.01955694964531       -1.50438343717063
C          -14.77233326221020       31.44484054236993       -2.89689782353310
C          -14.19357776735643       30.06353660839366       -2.61536453611235
C          -15.07417747667503       29.55089656434733       -1.46900310435194
C          -15.33193557494312       30.79410304120392       -0.59686860213308
N          -14.48579467299563       28.46331965555452       -0.73010418913301
C          -13.26889055521691       28.45368160769490       -0.11434795594156
N          -12.98929248929988       27.34592600546742        0.50290153007244
C          -14.08733291108133       26.54079433927395        0.30383383497442
C          -15.04120613577568       27.24144254665415       -0.47225468101071
C          -16.24625120314212       26.60772905561467       -0.78503551753465
C          -17.45335380767088       26.87151673009427       -1.48290056772801
C          -18.22608433807611       25.75218230526832       -1.36919065214259
N          -17.57362074614387       24.80241034079146       -0.64123039960764
C          -16.36157368393886       25.28847487700356       -0.26618504481630
N          -15.46609226846390       24.61477867484984        0.46357958217304
C          -14.34128409736035       25.23775678544300        0.74454120730636
H          -17.06910303115205       32.62040140051524       -1.92254471723204
H          -14.23083155419240       32.60213126971702       -1.12875535974078
H          -15.70265645694512       31.35069066311411       -3.45727323374262
H          -14.09159842680549       32.07743877675796       -3.46056189850437
H          -13.15985290484178       30.14777340692849       -2.28128734094820
H          -14.22594816948915       29.40805610881594       -3.48310846084306
H          -16.01492066195604       29.17588969631358       -1.87579479766130
H          -14.65463530583484       30.80114833832394        0.25596571863505
H          -16.34973626746815       30.80479253982204       -0.21078931348838
H          -12.60399022666142       29.29435349641112       -0.13933577423909
H          -17.72444016841207       27.76803170712737       -2.00282952922209
H          -19.20621548445861       25.56697592411667       -1.76123688595480
H          -13.61938532972044       24.69493008201545        1.33600791322101
H          -17.92137124376353       23.88719274393529       -0.40996302896054
H          -19.22145100368999       36.26974953336877       -2.00540933815287
H          -19.41329568013219       37.28543268560296       -0.56817566563701
H          -19.74103401964808       35.54805515202121       -0.48070209382562
H          -16.44045773493679       35.85239960557697        1.23248011655471
H          -18.10942289640833       35.29767386097392        1.41903304803537
H          -17.75214445717936       37.03084717905844        1.36637978927700
H          -15.69523187952957       36.88760653093460       -0.95803611217292
H          -16.84720882095019       37.04958509247073       -2.29016223765026
H          -16.99577269132321       38.08183041420111       -0.85939359964799
48
 energy: -73.171253398785 gnorm: 0.000259673759 xtb: 6.7.1 (edcfbbe)
C          -17.47407040272124       36.06041071941623        0.97020712660639
C          -17.64593332937902       36.05807013466189       -0.54818200776742
C          -19.10587840631834       36.30956379771764       -0.92564991800453
C          -16.73355719316624       37.08934886037698       -1.21013947887952
O          -17.37506045512270       34.72872128175062       -1.08019584715142
C          -16.17508092451463       34.14669647195065       -0.94845334735348
O          -15.19864444402638       34.63032704770821       -0.39991838995057
N          -16.19430474889372       32.93262639712133       -1.52770504199414
C          -15.07687310272680       32.01969135543242       -1.50427556479398
C          -14.77436202197817       31.44412215564163       -2.89673787780318
C          -14.19611439722348       30.06262490884098       -2.61512629428168
C          -15.07581197819063       29.55103307235119       -1.46758466043937
C          -15.33231949630194       30.79481355232362       -0.59591481719668
N          -14.48688820090530       28.46368944085580       -0.72877391707864
C          -13.27006063382686       28.45470957204092       -0.11285894831964
N          -12.98956826992004       27.34677554740930        0.50367124130324
C          -14.08685941246565       26.54079918388388        0.30387618098688
C          -15.04119325063089       27.24109835478353       -0.47195949442449
C          -16.24565237493420       26.60657296827665       -0.78534601064351
C          -17.45282234563475       26.86978379349637       -1.48330882037057
C          -18.22472964827100       25.74981778213746       -1.37024670873514
N          -17.57168094191695       24.80019297760658       -0.64260451023150
C          -16.36004984830509       25.28697460856921       -0.26715800169897
N          -15.46412316430635       24.61360032353223        0.46236518954050
C          -14.33983426854463       25.23729964009331        0.74379199741339
H          -17.06973987054102       32.62101862413208       -1.92165533648769
H          -14.23099209613125       32.60216466553894       -1.12960029980177
H          -15.70516497996920       31.35029136347451       -3.45637334712298
H          -14.09369248765880       32.07608072736538       -3.46118995100317
H          -13.16199093722257       30.14635966534740       -2.28212270261702
H          -14.22977839181864       29.40673739642146       -3.48251378715557
H          -16.01709683080606       29.17604580556642       -1.87313221657078
H          -14.65440400233355       30.80209566254369        0.25642093523342
H          -16.34983048786490       30.80617251304947       -0.20908622965124
H          -12.60591356759055       29.29600056598607       -0.13719057796014
H          -17.72445620336309       27.76629573875837       -2.00295911640463
H          -19.20466187549020       25.56405375898971       -1.76252518199558
H          -13.61756698770895       24.69467782158704        1.33500028201488
H          -17.91894777558467       23.88465698437608       -0.41187502683270
H          -19.22163079617678       36.26983636905145       -2.00488144602813
H          -19.41261752131222       37.28668563625133       -0.56836725402043
H          -19.74049392957581       35.54941265245851       -0.47934773231784
H          -16.43886910998125       35.85455344143803        1.23177052238178
H          -18.10731326607893       35.29857324785269        1.41914132188234
H          -17.75141420933124       37.03199915210834        1.36612671934926
H          -15.69475695538145       36.88808349116884       -0.95988532098015
H          -16.84791552412846       37.05070940138798       -2.29091656548173
H          -16.99477893371386       38.08273137116213       -0.85980976616419
48
 energy: -73.171255498192 gnorm: 0.000227808484 xtb: 6.7.1 (edcfbbe)
C          -17.47243444377571       36.06193585525873        0.96993093528553
C          -17.64519903834765       36.05924833385087       -0.54835450350556
C          -19.10535878318806       36.31059327779457       -0.92508084009242
C          -16.73322374683244       37.09035979069810       -1.21110640146065
O          -17.37467405494278       34.72978668471519       -1.08020827834688
C          -16.17469249279747       34.14764044630153       -0.94891871590801
O          -15.19777903102968       34.63138041496627       -0.40134801457658
N          -16.19474999714906       32.93315909694078       -1.52722894674536
C          -15.07759538730522       32.01989980395970       -1.50427788159220
C          -14.77677631043179       31.44329533018410       -2.89667320346987
C          -14.19920829430908       30.06158247492101       -2.61479345876306
C          -15.07780187890090       29.55127865684329       -1.46581787611066
C          -15.33266639183730       30.79579059159459       -0.59476531721432
N          -14.48834004861192       28.46419582031518       -0.72706192442278
C          -13.27158672773462       28.45599344114201       -0.11100092006473
N          -12.99010124897622       27.34791985152328        0.50482763717122
C          -14.08651031222673       26.54095391477956        0.30419750098254
C          -15.04140392213210       27.24082932922551       -0.47133065468106
C          -16.24512244832517       26.60529468423304       -0.78552557418071
C          -17.45240414852323       26.86776349840352       -1.48356740331366
C          -18.22312485206223       25.74685955702902       -1.37162692693745
N          -17.56920358165993       24.79732815078439       -0.64465907747501
C          -16.35821160983818       25.28514206780553       -0.26847127078554
N          -15.46174243820482       24.61214121187286        0.46073461422175
C          -14.33821721012670       25.23683231658606        0.74300253491130
H          -17.07051963290317       32.62169969000049       -1.92055163995511
H          -14.23112806692741       32.60233440703434       -1.13087081490241
H          -15.70816963134588       31.34975349437552       -3.45536858307415
H          -14.09621873470394       32.07444961347181       -3.46216573721711
H          -13.16464335170313       30.14477848342010       -2.28301522597177
H          -14.23433353737174       29.40513992839979       -3.48169743123963
H          -16.01976242154925       29.17641933072256       -1.86989266109444
H          -14.65387403073987       30.80334329752797        0.25685883544540
H          -16.34976381522443       30.80798988773779       -0.20686907734027
H          -12.60827402844814       29.29796459006371       -0.13469705326944
H          -17.72494037282133       27.76438670674552       -2.00255362489187
H          -19.20275265337905       25.56035992249557       -1.76431797125946
H          -13.61553842778636       24.69451866484658        1.33399064884025
H          -17.91541240804547       23.88123205298692       -0.41456695273873
H          -19.22178662561865       36.26981494448727       -2.00420371460494
H          -19.41179406458721       37.28808474305725       -0.56856032403436
H          -19.73974981826936       35.55091196344821       -0.47766190228217
H          -16.43690646081861       35.85694663165663        1.23087931617683
H          -18.10474880918736       35.29956479734681        1.41926805289771
H          -17.75038767921832       37.03329833895153        1.36597474752445
H          -15.69422516265135       36.88862683670165       -0.96205293799117
H          -16.84879683390554       37.05201667717486       -2.29176314233792
H          -16.99364503351376       38.08376039961284       -0.86023883860765
48
 energy: -73.171258223943 gnorm: 0.000153960044 xtb: 6.7.1 (edcfbbe)
C          -17.47022468191249       36.06378376688263        0.96953821343056
C          -17.64426051527665       36.06080083266392       -0.54860363176900
C          -19.10474417065918       36.31192133723336       -0.92423511414692
C          -16.73276047698206       37.09168897811200       -1.21235161441118
O          -17.37424790212016       34.73115914605099       -1.08016285241456
C          -16.17427076622623       34.14881891528083       -0.94949998274354
O          -15.19661816341624       34.63284689001431       -0.40352396759095
N          -16.19536980486340       32.93386521649911       -1.52673623020046
C          -15.07851761724412       32.02024243842279       -1.50444504966832
C          -14.77987711820897       31.44213865460536       -2.89668799906716
C          -14.20306818306482       30.06021966659089       -2.61429864600980
C          -15.08038290496394       29.55166113714741       -1.46354377206891
C          -15.33298823221432       30.79718686917074       -0.59334148822433
N          -14.49033486915408       28.46490847415488       -0.72478240252324
C          -13.27365159996626       28.45767457181837       -0.10857349607534
N          -12.99092819683232       27.34945127560126        0.50642132125619
C          -14.08627488288137       26.54128312686441        0.30485427848676
C          -15.04188853838571       27.24061432552088       -0.47028706541168
C          -16.24460585227361       26.60372087986153       -0.78557369910718
C          -17.45205379374478       26.86516445229509       -1.48369792759354
C          -18.22104495743599       25.74288436868134       -1.37353398811938
N          -17.56587255490188       24.79343166003348       -0.64763112382849
C          -16.35583449792344       25.28273741001660       -0.27025005471750
N          -15.45866416570925       24.61021675976125        0.45854077514495
C          -14.33625317326747       25.23630984172076        0.74212445491777
H          -17.07163917879641       32.62248839378450       -1.91900781598707
H          -14.23132294612344       32.60268907952025       -1.13271218171332
H          -15.71204378765525       31.34888768715953       -3.45414850208652
H          -14.09950243764092       32.07222662282810       -3.46359164597835
H          -13.16795102450148       30.14280144848507       -2.28403138768186
H          -14.23999706742984       29.40298136994637       -3.48051962207997
H          -16.02323107681627       29.17703720246545       -1.86577123724705
H          -14.65292878235118       30.80516251724848        0.25725928902235
H          -16.34948455109359       30.81051518093721       -0.20390908739522
H          -12.61132582260487       29.30044641416590       -0.13160620497917
H          -17.72594170062913       27.76203811323833       -2.00154666309443
H          -19.20021180260627       25.55536325145146       -1.76689037289986
H          -13.61303506144007       24.69443319952120        1.33285279233457
H          -17.91033912767427       23.87645312998242       -0.41843937321519
H          -19.22208541205895       36.26984874826835       -2.00321206125625
H          -19.41072826765395       37.28988140543579       -0.56863691922588
H          -19.73885626960581       35.55284749283661       -0.47537695500607
H          -16.43429613721915       35.85973733989882        1.22966484705887
H          -18.10148023500223       35.30088030208778        1.41947612597723
H          -17.74874435198157       37.03491625151047        1.36571978499052
H          -15.69349443957629       36.88945282276055       -0.96480306173543
H          -16.84986963791570       37.05368158895160       -2.29285168461966
H          -16.99225326198281       38.08509944650592       -0.86083699972919
48
 energy: -73.171261309531 gnorm: 0.000103635301 xtb: 6.7.1 (edcfbbe)
C          -17.46745435984585       36.06601973124143        0.96913976332312
C          -17.64312890954295       36.06261304753349       -0.54881623022802
C          -19.10398104363602       36.31366033182041       -0.92307456396618
C          -16.73232556835431       37.09327144296625       -1.21386000021412
O          -17.37378526492004       34.73281219660931       -1.08023334304582
C          -16.17372946289781       34.15034579032588       -0.95069191028848
O          -15.19526249462663       34.63456010956131       -0.40636943604596
N          -16.19614215108072       32.93475202193319       -1.52647891088114
C          -15.07969194969520       32.02065089950198       -1.50474265228780
C          -14.78362868799120       31.44063934456584       -2.89674025034994
C          -14.20764304719751       30.05854006578835       -2.61364376865689
C          -15.08346341640248       29.55218705274515       -1.46074321717813
C          -15.33337485866775       30.79894687628022       -0.59159987681171
N          -14.49280388475480       28.46580583382443       -0.72193460194332
C          -13.27616936822511       28.45968283854797       -0.10561580143395
N          -12.99199880810046       27.35130401406127        0.50843052684334
C          -14.08610556154794       26.54173183715611        0.30579600069176
C          -15.04258956081177       27.24042482908350       -0.46886467913693
C          -16.24406800966804       26.60184392101689       -0.78550638252196
C          -17.45170965718174       26.86200313696733       -1.48376793877783
C          -18.21849445359621       25.73796478275717       -1.37593640401388
N          -17.56174941769047       24.78859807952071       -0.65139178789543
C          -16.35296289066920       25.27980396439357       -0.27240357103833
N          -15.45495246737706       24.60787101146093        0.45590041778466
C          -14.33395063528677       25.23571564164300        0.74117378996259
H          -17.07307973740387       32.62337289922552       -1.91725246285583
H          -14.23163466096051       32.60317667753322       -1.13510551461225
H          -15.71669080632964       31.34764174764624       -3.45274361251648
H          -14.10349927674329       32.06942751309941       -3.46537102786936
H          -13.17192093025006       30.14050541151360       -2.28510373334384
H          -14.24657552750856       29.40029985033793       -3.47900201515640
H          -16.02737118908115       29.17789174342136       -1.86078345185895
H          -14.65168846381348       30.80748835477403        0.25768442528837
H          -16.34910804651528       30.81364629549121       -0.20022696413133
H          -12.61497411628971       29.30336626911571       -0.12793518935829
H          -17.72729818579716       27.75922474743583       -2.00011402914281
H          -19.19704634077133       25.54914616450457       -1.77020392639985
H          -13.61006929578439       24.69438739431089        1.33159030620521
H          -17.90393824517039       23.87045445371951       -0.42344906404755
H          -19.22255475358549       36.27014668472537       -2.00185550475883
H          -19.40939828652741       37.29214507902847       -0.56845566633735
H          -19.73773706322314       35.55530101569721       -0.47253503471940
H          -16.43109783758464       35.86280196748705        1.22818098025203
H          -18.09760857240503       35.30267035755905        1.41984286799736
H          -17.74632763152377       37.03695842321473        1.36550942768659
H          -15.69275751450502       36.89051842011605       -0.96803483316701
H          -16.85118345645227       37.05556658961296       -2.29417397339594
H          -16.99077413199432       38.08671314311864       -0.86168717464998
48
 energy: -73.171264211723 gnorm: 0.000125992727 xtb: 6.7.1 (edcfbbe)
C          -17.46454731985525       36.06833341279869        0.96866406259696
C          -17.64198851676465       36.06452212765164       -0.54908585508332
C          -19.10326874639172       36.31550981362572       -0.92171021758667
C          -16.73181382488628       37.09487306993839       -1.21545935103978
O          -17.37349477288642       34.73445528725200       -1.08020608946850
C          -16.17346604206485       34.15169322389405       -0.95159068906060
O          -15.19400881908027       34.63627893835169       -0.40939566015635
N          -16.19707293989246       32.93562610309276       -1.52630121849016
C          -15.08094493457829       32.02112615675765       -1.50522315371910
C          -14.78740435295207       31.43913369887122       -2.89692675308880
C          -14.21227660256997       30.05688309169089       -2.61288291333988
C          -15.08657474598459       29.55269117249015       -1.45785992387725
C          -15.33378248801075       30.80080176406561       -0.58996237182053
N          -14.49533821179831       28.46670035769724       -0.71893556045937
C          -13.27873781686722       28.46168896062785       -0.10253759254270
N          -12.99309645242846       27.35315917328275        0.51054536070788
C          -14.08594427525501       26.54216838110568        0.30681530470136
C          -15.04332982073175       27.24022446129733       -0.46731943226702
C          -16.24351989468652       26.59990609309488       -0.78537216488965
C          -17.45131114327774       26.85872458967880       -1.48386786316788
C          -18.21582459648002       25.73289712150470       -1.37844971389393
N          -17.55751058781234       24.78365099326327       -0.65522755817080
C          -16.35001581648720       25.27678854881273       -0.27456316491915
N          -15.45115784060488       24.60546466789657        0.45326209069010
C          -14.33160010688323       25.23509663334862        0.74025812295235
H          -17.07471586818565       32.62415420169874       -1.91541204128940
H          -14.23205918621132       32.60378360803874       -1.13770198755668
H          -15.72136458527158       31.34621976367189       -3.45142518003456
H          -14.10757771416345       32.06661749524885       -3.46737241818200
H          -13.17596655021505       30.13830737335314       -2.28603335676228
H          -14.25315708054915       29.39751467011740       -3.47728495277277
H          -16.03152622461095       29.17874149983582       -1.85575254184204
H          -14.65043793581850       30.80999441875363        0.25796762242146
H          -16.34871701632870       30.81681526610716       -0.19657847783212
H          -12.61867811209633       29.30628551429770       -0.12415032365376
H          -17.72859281365911       27.75629343201176       -1.99870491829460
H          -19.19372078675642       25.54272962111378       -1.77370044996289
H          -13.60705459065247       24.69435341124776        1.33039045299420
H          -17.89741684750224       23.86430675074351       -0.42871263125735
H          -19.22315380055686       36.27072320017029       -2.00029799078614
H          -19.40794748036964       37.29451525199839       -0.56790487451879
H          -19.73669665271661       35.55786645348059       -0.46948247890066
H          -16.42779087464960       35.86561692288719        1.22651447270512
H          -18.09381145101387       35.30476453094666        1.42024742309056
H          -17.74340805881676       37.03921108852812        1.36518465726242
H          -15.69193044888759       36.89172035087148       -0.97128199292802
H          -16.85240766608182       37.05728804462159       -2.29558068157186
H          -16.98933758564384       38.08837929215907       -0.86279502393733
48
 energy: -73.171266606691 gnorm: 0.000161490428 xtb: 6.7.1 (edcfbbe)
C          -17.46189738021694       36.07033848560039        0.96832437474611
C          -17.64104332256937       36.06615389107784       -0.54922945942208
C          -19.10267896708759       36.31726728993237       -0.92038456346706
C          -16.73144269256849       37.09615674750525       -1.21692284597181
O          -17.37333367050422       34.73589888011562       -1.08025015104428
C          -16.17325488925134       34.15296331211756       -0.95278916402147
O          -15.19306184634127       34.63761910616457       -0.41200485240286
N          -16.19796061544609       32.93640450862805       -1.52641677953293
C          -15.08218942858201       32.02145870539007       -1.50562334072962
C          -14.79076918897250       31.43766732690154       -2.89702077220742
C          -14.21612850288585       30.05539317048930       -2.61215810537404
C          -15.08925960346908       29.55314309843591       -1.45537680631223
C          -15.33424523013058       30.80236555881109       -0.58848437209191
N          -14.49751419226921       28.46751107797847       -0.71633214112324
C          -13.28095080569014       28.46345737176709       -0.09984145388222
N          -12.99400957202205       27.35477041022629        0.51234635263677
C          -14.08577507137077       26.54256337860642        0.30768726335533
C          -15.04391904699390       27.24005303996642       -0.46603578425383
C          -16.24297942160733       26.59821372782329       -0.78530864539251
C          -17.45086435279302       26.85586352460149       -1.48406876892523
C          -18.21343196274184       25.72852335800946       -1.38069329099702
N          -17.55383355817979       24.77943751146140       -0.65846674089572
C          -16.34744931308563       25.27421521658775       -0.27637643938686
N          -15.44787714835450       24.60344563019740        0.45108001370388
C          -14.32955098918016       25.23460363605174        0.73950990073667
H          -17.07623696034068       32.62481161352570       -1.91399744922614
H          -14.23260107771482       32.60425974784045       -1.13996149388015
H          -15.72546624536324       31.34478993169293       -3.45029000829176
H          -14.11121041640639       32.06402976219639       -3.46900412758230
H          -13.17933681785955       30.13645879154744       -2.28668456324474
H          -14.25856402530118       29.39506109394649       -3.47574526003418
H          -16.03506824672684       29.17943225434639       -1.85146743276441
H          -14.64949703718879       30.81220407675697        0.25829914789313
H          -16.34850941757403       30.81952476089341       -0.19343516383148
H          -12.62188669344945       29.30885174647426       -0.12079308427639
H          -17.72952855346763       27.75369626488682       -1.99769500808619
H          -19.19074855779807       25.53717980701023       -1.77680895664788
H          -13.60440722573627       24.69435072893707        1.32935573511500
H          -17.89191025032056       23.85909174246777       -0.43329638674189
H          -19.22381069685931       36.27159398844268       -1.99879489841617
H          -19.40668015767361       37.29665680506893       -0.56706931237670
H          -19.73580437629055       35.56018737626558       -0.46680578644401
H          -16.42484574680858       35.86774615934294        1.22509339420608
H          -18.09063606746225       35.30686506065602        1.42080102339993
H          -17.74036838434100       37.04129471303727        1.36490164336786
H          -15.69130417730584       36.89276068341633       -0.97405239738882
H          -16.85341506710548       37.05849981196391       -2.29688483803194
H          -16.98824302857980       38.08976511883124       -0.86402820346361
48
 energy: -73.171268541193 gnorm: 0.000161985412 xtb: 6.7.1 (edcfbbe)
C          -17.45973598424966       36.07206039877063        0.96804877993624
C          -17.64028435348045       36.06743706976624       -0.54933706872658
C          -19.10220981133336       36.31878210177397       -0.91918269550596
C          -16.73114744683977       37.09710905914425       -1.21816802221496
O          -17.37336159442863       34.73694289524015       -1.08018187629757
C          -16.17331593406719       34.15377165122754       -0.95352846756744
O          -15.19246210822756       34.63852928332911       -0.41403301802096
N          -16.19880898718421       32.93694736933212       -1.52656098813462
C          -15.08327524134973       32.02170254879341       -1.50602228787879
C          -14.79342049510043       31.43652723311123       -2.89715997057700
C          -14.21916829934762       30.05425473649891       -2.61157492623037
C          -15.09131256389605       29.55344478121012       -1.45341395510575
C          -15.33477039094557       30.80356628708798       -0.58743302762738
N          -14.49916191881217       28.46812054574269       -0.71423459928024
C          -13.28264909553443       28.46483707781769       -0.09764008749424
N          -12.99468711573893       27.35603144864697        0.51384512974323
C          -14.08554180183375       26.54281774729235        0.30833578827711
C          -15.04427717367716       27.23986149380747       -0.46506390371391
C          -16.24244134513706       26.59683038934307       -0.78531729777701
C          -17.45034732283584       26.85356391707698       -1.48438195563208
C          -18.21146639012577       25.72511296973668       -1.38247878872667
N          -17.55094054867121       24.77619430506295       -0.66088817599068
C          -16.34539596589941       25.27219802479224       -0.27773691843271
N          -15.44527784337959       24.60188027152577        0.44946361857449
C          -14.32786986362458       25.23418758294263        0.73892531549654
H          -17.07758360753758       32.62523360665643       -1.91291014726689
H          -14.23316799663770       32.60461716395535       -1.14175552415000
H          -15.72867404191009       31.34353653983189       -3.44945718446974
H          -14.11413416266655       32.06207118527599       -3.47035969646697
H          -13.18204003438856       30.13512548174395       -2.28712736387385
H          -14.26271044204810       29.39311955950954       -3.47448900918063
H          -16.03773594902794       29.17987428980029       -1.84814559693937
H          -14.64900053279639       30.81394766600058        0.25850105173332
H          -16.34854007591447       30.82152066606057       -0.19115530344684
H          -12.62440878639592       29.31089097570219       -0.11799220602361
H          -17.72997038663510       27.75154177072708       -1.99722709589915
H          -19.18833039001385       25.53285735892550       -1.77926717061229
H          -13.60227122587435       24.69432651628055        1.32856828211541
H          -17.88778392863115       23.85512446818106       -0.43685051285145
H          -19.22440729166363       36.27261355430650       -1.99744759100852
H          -19.40561110267164       37.29842587161280       -0.56605200622135
H          -19.73510036860194       35.56210101719630       -0.46462628841705
H          -16.42250933345988       35.86922097982532        1.22388889044361
H          -18.08826902835216       35.30890686889153        1.42133929946856
H          -17.73753117935875       37.04321656628743        1.36461821969357
H          -15.69082882621120       36.89359208394321       -0.97619754785899
H          -16.85412349723622       37.05915169514302       -2.29800285191364
H          -16.98743821623414       38.09087292906369       -0.86533324694919
48
 energy: -73.171270101085 gnorm: 0.000144182013 xtb: 6.7.1 (edcfbbe)
C          -17.45799371458520       36.07343162011007        0.96786929673833
C          -17.63974826716044       36.06843031763652       -0.54937010509448
C          -19.10191091978770       36.31999450147095       -0.91812479657230
C          -16.73087516823685       37.09767876090260       -1.21921449410944
O          -17.37352260849753       34.73771924773966       -1.08004055262081
C          -16.17350413278092       34.15434523594049       -0.95410047117794
O          -15.19216141553712       34.63908848477220       -0.41548073436098
N          -16.19958781382375       32.93734431578896       -1.52675565535143
C          -15.08425260454750       32.02183769695822       -1.50633249559439
C          -14.79548498143171       31.43563044361281       -2.89725646845151
C          -14.22136330481178       30.05342948733299       -2.61109696603878
C          -15.09283506558167       29.55360946939113       -1.45199565700556
C          -15.33531121871489       30.80438248072190       -0.58669772604926
N          -14.50032876391087       28.46857116662048       -0.71267960545923
C          -13.28389727005047       28.46591040587960       -0.09591826753131
N          -12.99513437066552       27.35699379561487        0.51498668213035
C          -14.08527733913066       26.54300029572831        0.30879255914015
C          -15.04442270504881       27.23967610548047       -0.46443326279939
C          -16.24190947696287       26.59575951766866       -0.78543139566664
C          -17.44978635424187       26.85181494472413       -1.48479572478505
C          -18.20990353258155       25.72260912767240       -1.38386260012025
N          -17.54878900013479       24.77386961563607       -0.66257184991518
C          -16.34382740020617       25.27072419386746       -0.27870059648087
N          -15.44332716680246       24.60077245976700        0.44836725165024
C          -14.32656890761573       25.23390271074283        0.73853289666314
H          -17.07873474559332       32.62553664198867       -1.91217685291917
H          -14.23376769876670       32.60483311605763       -1.14308432661034
H          -15.73113479609064       31.34246914553255       -3.44885047458697
H          -14.11644336052051       32.06061334658611       -3.47135466393712
H          -13.18399782053262       30.13424921193576       -2.28736262576706
H          -14.26563904799207       29.39168645575661       -3.47350808240292
H          -16.03965077107123       29.18004105008561       -1.84578439476971
H          -14.64890362864653       30.81523840997344        0.25870580496514
H          -16.34876760307429       30.82285202733594       -0.18965547145662
H          -12.62632663997005       29.31250019294573       -0.11572342499205
H          -17.73000525835151       27.74984271034349       -1.99722383262883
H          -19.18644169109448       25.52969405461941       -1.78112863693715
H          -13.60063163092706       24.69432008002540        1.32801309251000
H          -17.88492202980024       23.85233610765125       -0.43939055437202
H          -19.22495913755568       36.27370882635040       -1.99628883158420
H          -19.40478608840825       37.29976660486842       -0.56489722210434
H          -19.73463046978092       35.56353743816858       -0.46294937001426
H          -16.42067582100212       35.87009542259844        1.22295907085429
H          -18.08661579384713       35.31079914670944        1.42191893281917
H          -17.73491158334221       37.04488973950785        1.36431648717836
H          -15.69041912646924       36.89418448787875       -0.97780465682845
H          -16.85453530503873       37.05926308313263       -2.29895581183418
H          -16.98687644926293       38.09161630216097       -0.86666341472138
48
 energy: -73.171271562632 gnorm: 0.000114448502 xtb: 6.7.1 (edcfbbe)
C          -17.45639941690417       36.07476508364823        0.96775188876605
C          -17.63926395342565       36.06925177864458       -0.54935342399850
C          -19.10162492420461       36.32116014305936       -0.91707434000420
C          -16.73066751584435       37.09807013832238       -1.22023467557761
O          -17.37376598723198       34.73827497557289       -1.07977563229573
C          -16.17379187691248       34.15469313416818       -0.95448653853329
O          -15.19200240232324       34.63938311656991       -0.41662031345743
N          -16.20038147570776       32.93759218499890       -1.52692935652461
C          -15.08522519495652       32.02185833577707       -1.50660848011777
C          -14.79733775155712       31.43483016000333       -2.89736623069983
C          -14.22319010951356       30.05274864795229       -2.61072341480358
C          -15.09409415678789       29.55370586580390       -1.45084568725888
C          -15.33600840123792       30.80497964230922       -0.58612280998550
N          -14.50123821714928       28.46896068335263       -0.71137879815441
C          -13.28492466267926       28.46687999357626       -0.09438362228324
N          -12.99548489885596       27.35788174862516        0.51605354431333
C          -14.08494459334027       26.54315167268394        0.30914194324895
C          -15.04441309997820       27.23948679699432       -0.46399106087030
C          -16.24131396780817       26.59481175988411       -0.78564773386662
C          -17.44912519473712       26.85028432477497       -1.48534405383497
C          -18.20847477390604       25.72050717463083       -1.38508480563441
N          -17.54694348693921       24.77196818973976       -0.66389543666479
C          -16.34243925950038       25.26949733825185       -0.27948300876896
N          -15.44164009637933       24.59988750868487        0.44753253318527
C          -14.32539289139862       25.23368066770137        0.73821829338124
H          -17.07984523122189       32.62572656648987       -1.91158082605641
H          -14.23443023474969       32.60489556576842       -1.14415504113307
H          -15.73331415288596       31.34143896153868       -3.44836823256464
H          -14.11856029563180       32.05940741409473       -3.47221358708476
H          -13.18564864970897       30.13361857046496       -2.28754226242967
H          -14.26798155083259       29.39050367414780       -3.47272634439874
H          -16.04117342622059       29.18002778262673       -1.84388458295485
H          -14.64919799056748       30.81627295271960        0.25893889234095
H          -16.34927206013906       30.82380907092251       -0.18859839152673
H          -12.62797780413661       29.31396889678000       -0.11363350850456
H          -17.72974290925621       27.74828961052559       -1.99759149174145
H          -19.18474882559299       25.52704838826514       -1.78273331158985
H          -13.59921245013129       24.69435582573998        1.32763532518992
H          -17.88265486283565       23.85011568980352       -0.44140053293977
H          -19.22547528778773       36.27497948487309       -1.99514844366556
H          -19.40406491971543       37.30096343196546       -0.56354390183988
H          -19.73415748376952       35.56479827175863       -0.46149451579899
H          -16.41905628236858       35.87071949569854        1.22215791751477
H          -18.08529576426255       35.31284344663029        1.42261126300703
H          -17.73222499648978       37.04662395666734        1.36398605712232
H          -15.69012322913655       36.89464040359507       -0.97917745578808
H          -16.85481531064745       37.05898918343383       -2.29989739773687
H          -16.98643797261975       38.09225229375370       -0.86818840598377
48
 energy: -73.171273001008 gnorm: 0.000087829760 xtb: 6.7.1 (edcfbbe)
C          -17.45481676628546       36.07617157868480        0.96769177187561
C          -17.63883546647688       36.07006543624852       -0.54927017911004
C          -19.10140359148498       36.32225540838586       -0.91596870793187
C          -16.73038193598458       37.09827248257989       -1.22128616436100
O          -17.37410855901625       34.73880359363596       -1.07938465776347
C          -16.17417268915006       34.15501677285209       -0.95478947108748
O          -15.19197321743182       34.63958257007964       -0.41755264645409
N          -16.20125281469212       32.93784730263383       -1.52708386663804
C          -15.08629130522314       32.02185918287135       -1.50684844131720
C          -14.79911773246941       31.43413279569617       -2.89744580079246
C          -14.22484904873914       30.05219424487085       -2.61038851356760
C          -15.09522232674636       29.55367745699478       -1.44988892158563
C          -15.33683610529430       30.80539562276028       -0.58573476277817
N          -14.50197887267793       28.46925994980526       -0.71025887225733
C          -13.28583145355500       28.46778509366934       -0.09293995899502
N          -12.99575315528339       27.35871700078327        0.51707006045356
C          -14.08456958032885       26.54329263181426        0.30949036663065
C          -15.04427729870917       27.23924603544626       -0.46368243754867
C          -16.24063511732529       26.59388507433117       -0.78596059862661
C          -17.44835253404054       26.84881837452782       -1.48601982781870
C          -18.20706933062571       25.71857979760932       -1.38625297369110
N          -17.54522773922404       24.77027006947369       -0.66502391944064
C          -16.34111886372033       25.26838586357579       -0.28015453028368
N          -15.44009058786021       24.59913648816224        0.44691287623562
C          -14.32430265908405       25.23352838140582        0.73806279846075
H          -17.08100359750119       32.62596340709237       -1.91106221874144
H          -14.23519464536336       32.60487623817091       -1.14507408817038
H          -15.73537605760815       31.34042663144276       -3.44790706806161
H          -14.12065048048800       32.05843135327032       -3.47296198201889
H          -13.18717227994072       30.13320899698131       -2.28766827026887
H          -14.27000641855991       29.38949685131226       -3.47202805273383
H          -16.04245843788887       29.17979300147337       -1.84233758903205
H          -14.64984681555203       30.81710199879850        0.25916729758790
H          -16.35000399312224       30.82442990654044       -0.18798344319396
H          -12.62950963030138       29.31537478026730       -0.11161192295608
H          -17.72925438791318       27.74674666331019       -1.99824540218065
H          -19.18310921150833       25.52463835452048       -1.78423907828410
H          -13.59790069384488       24.69442947030785        1.32741414497793
H          -17.88067860985647       23.84819541652536       -0.44306251830637
H          -19.22601636309946       36.27640382619512       -1.99396845551269
H          -19.40339852200665       37.30202203643927       -0.56195890637511
H          -19.73376985460229       35.56590000483097       -0.46013725883837
H          -16.41748291127509       35.87122764616389        1.22141907342613
H          -18.08414197095857       35.31513198916105        1.42343359702843
H          -17.72934962763844       37.04853075504070        1.36360927630358
H          -15.68974378898013       36.89500583942158       -0.98047468555333
H          -16.85495264683081       37.05834959584860       -2.30087224855889
H          -16.98601030371796       38.09273603198093       -0.86994282114716
48
 energy: -73.171274428882 gnorm: 0.000078086311 xtb: 6.7.1 (edcfbbe)
C          -17.45321823242817       36.07767538878307        0.96767021997217
C          -17.63838748323223       36.07082479298972       -0.54914966092084
C          -19.10114886478306       36.32338506394226       -0.91480625598923
C          -16.73013038026594       37.09839769908567       -1.22240323444366
O          -17.37448165653152       34.73920587344328       -1.07882449122312
C          -16.17460023615600       34.15518263964954       -0.95491255272481
O          -15.19197205524382       34.63961691119989       -0.41832821619922
N          -16.20216833617362       32.93798220454273       -1.52715078545236
C          -15.08742575909024       32.02171634766390       -1.50704395837391
C          -14.80090296224026       31.43344925278952       -2.89754392514569
C          -14.22632801951391       30.05171699474802       -2.61013738871952
C          -15.09627978225467       29.55362163364376       -1.44912124016756
C          -15.33788102053111       30.80564252070629       -0.58538321148720
N          -14.50261848928765       28.46956053589821       -0.70931038708169
C          -13.28666988237238       28.46870986415720       -0.09159957784596
N          -12.99601728900216       27.35962101513778        0.51810645933865
C          -14.08416034400229       26.54347551215382        0.30980380634468
C          -15.04407383194676       27.23902952696120       -0.46347062509002
C          -16.23989893181503       26.59299057313741       -0.78634922296722
C          -17.44749301448822       26.84736359776542       -1.48682425833605
C          -18.20564751586088       25.71672527495182       -1.38741833018527
N          -17.54357038297876       24.76869705115072       -0.66601473240719
C          -16.33982026143038       25.26736536246054       -0.28075519042191
N          -15.43860326712741       24.59850446787420        0.44643835938775
C          -14.32323306540647       25.23345547918962        0.73797216117691
H          -17.08219723444883       32.62613382507002       -1.91052163910332
H          -14.23604834092785       32.60466210029298       -1.14581666789546
H          -15.73742851882199       31.33939865408795       -3.44749813483309
H          -14.12277850537459       32.05755877487141       -3.47366529740086
H          -13.18853999656980       30.13295511393001       -2.28778770985595
H          -14.27172428830742       29.38865576033870       -3.47149284297414
H          -16.04358133297420       29.17941013307233       -1.84109427660802
H          -14.65088096864971       30.81776011654700        0.25950062713444
H          -16.35104648651990       30.82480433547893       -0.18762006676714
H          -12.63095664313092       29.31678277309117       -0.10971969933435
H          -17.72861271830884       27.74516271787021       -1.99915495181605
H          -19.18146249833315       25.52231652226630       -1.78572520019541
H          -13.59669431398405       24.69463977821189        1.32741589549399
H          -17.87884663127609       23.84646612889056       -0.44444322822105
H          -19.22652158283676       36.27799310528197       -1.99273963053295
H          -19.40275778654690       37.30305204394784       -0.56017067589918
H          -19.73329683641776       35.56693595728751       -0.45882302911390
H          -16.41591936561938       35.87172110516553        1.22073118418758
H          -18.08308371035275       35.31767699838127        1.42441100519895
H          -17.72629905608161       37.05062857250123        1.36314884495743
H          -15.68942773098668       36.89531696524076       -0.98172326494843
H          -16.85503053754260       37.05744389019607       -2.30191778292504
H          -16.98563385181227       38.09320904794647       -0.87193721858827
48
 energy: -73.171275841539 gnorm: 0.000090962658 xtb: 6.7.1 (edcfbbe)
C          -17.45158301261775       36.07931605123656        0.96769939292620
C          -17.63794030481756       36.07159923370625       -0.54897152304238
C          -19.10089892398248       36.32450157926626       -0.91359752598634
C          -16.72984026233152       37.09844123798285       -1.22355277880328
O          -17.37489203247110       34.73959862371334       -1.07814324779533
C          -16.17505167731584       34.15536150350321       -0.95496904262999
O          -15.19200868877312       34.63962350870501       -0.41897872256038
N          -16.20313528359517       32.93814394973823       -1.52715622096654
C          -15.08863579863682       32.02157900673625       -1.50719823123189
C          -14.80267431684379       31.43288255013255       -2.89761393253895
C          -14.22774426900010       30.05135975661460       -2.60993270050096
C          -15.09726424291782       29.55344761510223       -1.44851759644769
C          -15.33908724024812       30.80573625425414       -0.58523345755312
N          -14.50315900091512       28.46976080228965       -0.70852525007989
C          -13.28744024305085       28.46957976204030       -0.09037381687454
N          -12.99624730246101       27.36051221983352        0.51911666841844
C          -14.08375945725634       26.54367892356063        0.31019157137576
C          -15.04381725464938       27.23876417073838       -0.46331430739853
C          -16.23912531767723       26.59206894001066       -0.78677042001277
C          -17.44657700472564       26.84586562357469       -1.48770496688870
C          -18.20420778683911       25.71485568785825       -1.38857550179707
N          -17.54192447760254       24.76713936536505       -0.66692866822489
C          -16.33854403507712       25.26637402665008       -0.28126040766651
N          -15.43718730058908       24.59794737235370        0.44616275523135
C          -14.32223896987530       25.23346492332406        0.73809281690516
H          -17.08343900861941       32.62637054558663       -1.90996094954085
H          -14.23696487773890       32.60436313487926       -1.14639971662295
H          -15.73943731941714       31.33842760766462       -3.44709012105821
H          -14.12494183496934       32.05692399431976       -3.47426637414633
H          -13.18989125871835       30.13289307902220       -2.28786807278323
H          -14.27323817507713       29.38798228873504       -3.47104140764807
H          -16.04455191809732       29.17885674821119       -1.84014083299557
H          -14.65226463978322       30.81818866006634        0.25977905666577
H          -16.35233100109927       30.82490065440505       -0.18766755171751
H          -12.63232964885636       29.31813330190818       -0.10798139710422
H          -17.72788433703804       27.74349798339278       -2.00022794115303
H          -19.17979071719401       25.51997339528224       -1.78721872989590
H          -13.59555925452258       24.69493335131727        1.32762287545458
H          -17.87702684163126       23.84477917255001       -0.44562898995527
H          -19.22702660961131       36.27965195912952       -1.99146053760688
H          -19.40216211912695       37.30402580748747       -0.55827101196332
H          -19.73282321492663       35.56791014369980       -0.45754867772340
H          -16.41434422193532       35.87227798423486        1.22010303998233
H          -18.08202969313644       35.32044816493687        1.42550248098722
H          -17.72312698684103       37.05290521388780        1.36267674868284
H          -15.68907266745708       36.89558624991577       -0.98296745453901
H          -16.85504913055807       37.05632922748877       -2.30298881796195
H          -16.98523031936185       38.09363864758182       -0.87410050221666
48
 energy: -73.171277190387 gnorm: 0.000105355390 xtb: 6.7.1 (edcfbbe)
C          -17.45000393557255       36.08097682692895        0.96775635712071
C          -17.63748994674727       36.07235641751632       -0.54876971742116
C          -19.10064202937475       36.32554470530246       -0.91241298744290
C          -16.72951602913305       37.09842960954879       -1.22469128970256
O          -17.37527909174793       34.73995425584304       -1.07736594758478
C          -16.17548775863512       34.15547896327467       -0.95488852506549
O          -15.19202638582432       34.63957841495227       -0.41951212698142
N          -16.20409836757863       32.93824515129299       -1.52703961636952
C          -15.08987457853371       32.02133590097979       -1.50727706494099
C          -14.80434411945376       31.43240684608612       -2.89767376882124
C          -14.22897067025923       30.05111386555560       -2.60981666207686
C          -15.09819266226347       29.55325993003621       -1.44813787309618
C          -15.34042599359106       30.80566515547564       -0.58510675873043
N          -14.50364359260179       28.46994688148121       -0.70796234585390
C          -13.28815234039706       28.47042975880671       -0.08936623364443
N          -12.99649830283446       27.36145108180474        0.52007429201626
C          -14.08339770509849       26.54394372438169        0.31057144762043
C          -15.04358642526392       27.23854867953029       -0.46319995569241
C          -16.23839507135738       26.59120057351350       -0.78717944681557
C          -17.44569101511463       26.84437826146058       -1.48860483678979
C          -18.20281181900466       25.71301330472695       -1.38969410949832
N          -17.54035402873611       24.76565784097951       -0.66772410134728
C          -16.33733388855814       25.26546530828307       -0.28167719237825
N          -15.43586522376216       24.59750165308180        0.44603499565594
C          -14.32131863957756       25.23356970470413        0.73830364699384
H          -17.08467101304614       32.62659767292151       -1.90932871307504
H          -14.23793028672536       32.60390293312912       -1.14677606929386
H          -15.74131639183077       31.33755724702654       -3.44672401605231
H          -14.12699953376113       32.05645483360397       -3.47477652460055
H          -13.19108272306968       30.13299841540243       -2.28793048943743
H          -14.27443237452155       29.38753001787558       -3.47077375249267
H          -16.04538216446669       29.17820930038532       -1.83955330047086
H          -14.65392268934316       30.81841048771233        0.26016136240589
H          -16.35382193673210       30.82476733068045       -0.18791855901527
H          -12.63357826229343       29.31940472763034       -0.10659000019474
H          -17.72718608059865       27.74181715417536       -2.00136078082224
H          -19.17815742933163       25.51764692608641       -1.78867993150787
H          -13.59457185109237       24.69539580699306        1.32807878506379
H          -17.87524489157954       23.84318651266888       -0.44656938945226
H          -19.22746222738924       36.28123582029790       -1.99021949132619
H          -19.40157688384977       37.30492612980402       -0.55640841104658
H          -19.73234638404455       35.56879357468360       -0.45630657746908
H          -16.41281357594639       35.87291022684595        1.21952524401610
H          -18.08101858929072       35.32322395076775        1.42662841119729
H          -17.72006363392654       37.05521227093081        1.36217369103803
H          -15.68868337795530       36.89581477355215       -0.98416943680441
H          -16.85502087116070       37.05514063921717       -2.30405176612984
H          -16.98481720701019       38.09401043605595       -0.87627046268612
48
 energy: -73.171278474111 gnorm: 0.000114337380 xtb: 6.7.1 (edcfbbe)
C          -17.44849126570402       36.08261323594155        0.96783719490239
C          -17.63704800037313       36.07307100360300       -0.54855249724491
C          -19.10036698719660       36.32655678144838       -0.91130932960367
C          -16.72922255064551       37.09842460355014       -1.22576072368204
O          -17.37562873009758       34.74027018988021       -1.07655201104305
C          -16.17587600916939       34.15559077298922       -0.95474425825497
O          -15.19202386351731       34.63953354383425       -0.41994147286583
N          -16.20501404458896       32.93833938626446       -1.52683330495759
C          -15.09106281941258       32.02110817650874       -1.50728417050633
C          -14.80590670745847       31.43207730779235       -2.89769782746545
C          -14.23003819171690       30.05101249172394       -2.60973281404666
C          -15.09903199015413       29.55299037136583       -1.44795737066936
C          -15.34184040324421       30.80545468393391       -0.58516485411658
N          -14.50405198266812       28.47003150265528       -0.70761913690992
C          -13.28878719076941       28.47118331716818       -0.08858755198288
N          -12.99671898393138       27.36233490133041        0.52089564401636
C          -14.08310613165648       26.54424090661183        0.31101454926118
C          -15.04337334752422       27.23831474266554       -0.46312730253238
C          -16.23772146710235       26.59035101601216       -0.78755585559114
C          -17.44486547208309       26.84290248120508       -1.48946875041405
C          -18.20149356861883       25.71119459964949       -1.39072966410592
N          -17.53886444346250       24.76421465499421       -0.66841750522489
C          -16.33621819887293       25.26461534168634       -0.28197271529654
N          -15.43467552648435       24.59714419288425        0.44610228850026
C          -14.32053630867422       25.23377007087202        0.73872108041673
H          -17.08584483156877       32.62683767079339       -1.90865270178192
H          -14.23886226307912       32.60339374852511       -1.14692519871741
H          -15.74304726654866       31.33685714869133       -3.44640279542951
H          -14.12894033162924       32.05623798372414       -3.47511615189332
H          -13.19215170202147       30.13325603863886       -2.28791846993108
H          -14.27535335196425       29.38730166074602       -3.47059828406071
H          -16.04606523032906       29.17748133992580       -1.83930216241784
H          -14.65578913737651       30.81838864223332        0.26046104515369
H          -16.35544855905938       30.82440459689519       -0.18850581247141
H          -12.63469941490210       29.32054175104922       -0.10553254045403
H          -17.72655741520424       27.74013817620036       -2.00247496968192
H          -19.17659750123969       25.51533845403836       -1.79006531365141
H          -13.59369999704806       24.69594257670803        1.32870263121268
H          -17.87348149435135       23.84163000414544       -0.44731943801677
H          -19.22783664390307       36.28268940291088       -1.98905504487618
H          -19.40104423728296       37.30580520625157       -0.55471262310947
H          -19.73183667019870       35.56965368947149       -0.45513641773824
H          -16.41135075573547       35.87363124085758        1.21904264478653
H          -18.08000497462565       35.32590898839615        1.42773983261260
H          -17.71719834939679       37.05744492991208        1.36170146424414
H          -15.68834186947383       36.89599477051912       -0.98530312589856
H          -16.85499841140198       37.05398687789457       -2.30504438830375
H          -16.98438540651971       38.09439482889480       -0.87834381916140
48
 energy: -73.171279730269 gnorm: 0.000112761429 xtb: 6.7.1 (edcfbbe)
C          -17.44706006170049       36.08423405642435        0.96793077339328
C          -17.63660310293379       36.07379933623645       -0.54832858577186
C          -19.10009354402918       36.32748901255986       -0.91025465529283
C          -16.72885885854058       37.09840587752352       -1.22677665021785
O          -17.37594189635592       34.74061612041628       -1.07573219716354
C          -16.17623448281753       34.15571411962441       -0.95455041874076
O          -15.19199600455540       34.63949910022951       -0.42031478601126
N          -16.20593029805465       32.93841920451703       -1.52652441327537
C          -15.09228496028398       32.02081777983082       -1.50720891315520
C          -14.80731079002072       31.43186736067343       -2.89767961005906
C          -14.23097192797753       30.05100285870307       -2.60974258081238
C          -15.09981666039020       29.55271073655889       -1.44796174219645
C          -15.34336167762656       30.80510881592213       -0.58525012078494
N          -14.50442849853719       28.47008684660431       -0.70746789624834
C          -13.28937212355676       28.47189647021657       -0.08803383920181
N          -12.99697247119761       27.36325545024913        0.52167055630522
C          -14.08285550882585       26.54457622306535        0.31144094986998
C          -15.04321069948074       27.23811708565581       -0.46306667018542
C          -16.23711734232635       26.58953547598995       -0.78788363574322
C          -17.44410725266535       26.84141556304168       -1.49030262422902
C          -18.20023688197873       25.70936274355136       -1.39169656543072
N          -17.53743573349961       24.76279474331216       -0.66900247452075
C          -16.33516474684120       25.26381106842411       -0.28218199479286
N          -15.43355644018007       24.59685546817228        0.44628640602897
C          -14.31980764359912       25.23403181708025        0.73919488483600
H          -17.08701550712805       32.62710223796587       -1.90790713028697
H          -14.23984795774449       32.60276267763115       -1.14686280663211
H          -15.74457417135438       31.33629968464851       -3.44610601551351
H          -14.13069787248346       32.05620792869748       -3.47532095166075
H          -13.19312949558899       30.13364389449746       -2.28789622352370
H          -14.27601279327145       29.38726747056956       -3.47060542675216
H          -16.04662366202890       29.17670345855569       -1.83936746043429
H          -14.65787788200762       30.81814995008412        0.26083445014439
H          -16.35723722504080       30.82385656482474       -0.18926125079869
H          -12.63570459445912       29.32158117433303       -0.10483908179806
H          -17.72601898661576       27.73843240728455       -2.00357050355909
H          -19.17509283361429       25.51299470972940       -1.79138639308699
H          -13.59294940853215       24.69663407244623        1.32954082884014
H          -17.87171120087197       23.84009134244496       -0.44788351946269
H          -19.22815439680172       36.28396628775828       -1.98794124135870
H          -19.40049934780815       37.30664830709051       -0.55319393877569
H          -19.73138227122398       35.57049797992210       -0.45396871068176
H          -16.40995017491650       35.87445735546061        1.21859476395703
H          -18.07898448778294       35.32846822560199        1.42880409658644
H          -17.71456278346551       37.05961403123050        1.36126089061354
H          -15.68791680058225       36.89615246021889       -0.98641973840992
H          -16.85494599080381       37.05291509751279       -2.30598200436497
H          -16.98388054788522       38.09472935090243       -0.88028582864385
48
 energy: -73.171281006927 gnorm: 0.000106226688 xtb: 6.7.1 (edcfbbe)
C          -17.44565011959214       36.08584920816409        0.96803047791959
C          -17.63614096652577       36.07452661844867       -0.54810491095530
C          -19.09977395080307       36.32846164973495       -0.90927440236912
C          -16.72851088922251       37.09843746287799       -1.22774842656094
O          -17.37621290015554       34.74095981711029       -1.07489984106036
C          -16.17656413459441       34.15582172432661       -0.95428469013356
O          -15.19193501217817       34.63947059576168       -0.42064840373413
N          -16.20683675502616       32.93846574045460       -1.52609971443469
C          -15.09349988823495       32.02050254026977       -1.50704177452971
C          -14.80866239204322       31.43178228120944       -2.89762558788898
C          -14.23178403125848       30.05112834908383       -2.60976036262524
C          -15.10059701566519       29.55236654818856       -1.44815127429755
C          -15.34501234266552       30.80462027193705       -0.58544469491310
N          -14.50478842552581       28.47007391922857       -0.70751606114773
C          -13.28993929960213       28.47257355363391       -0.08767833492969
N          -12.99720040102665       27.36416409973496        0.52229107107857
C          -14.08266015098346       26.54496183098056        0.31191530623214
C          -15.04307352015655       27.23789955618217       -0.46305763430621
C          -16.23655004909820       26.58869133536471       -0.78819499448160
C          -17.44339538431395       26.83985588836181       -1.49111563781851
C          -18.19900247207815       25.70744518523258       -1.39261454999259
N          -17.53601774068641       24.76133235640300       -0.66949849485614
C          -16.33414383082771       25.26301147603440       -0.28229372958852
N          -15.43248788660306       24.59662534883797        0.44663931021772
C          -14.31915574347726       25.23439320818468        0.73984876771706
H          -17.08817636376313       32.62735527755066       -1.90706839648407
H          -14.24085045369212       32.60205721433503       -1.14655825655381
H          -15.74601315320551       31.33591356125892       -3.44585757675841
H          -14.13237193813284       32.05638469099490       -3.47535983085516
H          -13.19400358151589       30.13415499332759       -2.28779264730853
H          -14.27647089566803       29.38745645683717       -3.47068810881701
H          -16.04711710469752       29.17583153037607       -1.83974816543137
H          -14.66022292869548       30.81770090854701        0.26120280040035
H          -16.35921534196132       30.82308983642345       -0.19027755608848
H          -12.63666793013278       29.32256531449504       -0.10443558705885
H          -17.72555776283109       27.73663918097902       -2.00465346878878
H          -19.17360228653382       25.51053287500281       -1.79266079388344
H          -13.59223350992947       24.69743108150529        1.33051295592499
H          -17.86988611624365       23.83850257789058       -0.44829602518127
H          -19.22841329115271       36.28511590481877       -1.98690205006726
H          -19.39990740117051       37.30758638276690       -0.55188191735758
H          -19.73087414535261       35.57144385460910       -0.45276613853214
H          -16.40854940676795       35.87542112260127        1.21819214205788
H          -18.07789953140935       35.33092433030093        1.42983202390626
H          -17.71210608867217       37.06172680580067        1.36083796434825
H          -15.68752050164056       36.89626991095562       -0.98752997272107
H          -16.85492893429246       37.05196587030321       -2.30687597503600
H          -16.98331603018112       38.09510975656669       -0.88209683125846
48
 energy: -73.171282356784 gnorm: 0.000095591801 xtb: 6.7.1 (edcfbbe)
C          -17.44422935943603       36.08750665808326        0.96812062007731
C          -17.63564881322054       36.07532928628389       -0.54789089733952
C          -19.09943085195261       36.32948764675308       -0.90830590553372
C          -16.72808469787606       37.09852441392169       -1.22869841436814
O          -17.37646268954192       34.74138559588543       -1.07408244965919
C          -16.17688757779754       34.15598355891651       -0.95401225365903
O          -15.19186074128232       34.63947455677735       -0.42097118429474
N          -16.20780769702692       32.93852019939676       -1.52555681714440
C          -15.09481504970469       32.02015413165955       -1.50676788155533
C          -14.80995647552465       31.43181355925976       -2.89749189368495
C          -14.23255326810759       30.05133858862019       -2.60984060746187
C          -15.10137714792962       29.55196461535565       -1.44849757844237
C          -15.34687619473811       30.80398285420872       -0.58572586132653
N          -14.50514415198754       28.47000172942355       -0.70772497741769
C          -13.29049565757333       28.47323352188678       -0.08750252366545
N          -12.99746460721298       27.36514698372450        0.52290955223395
C          -14.08246377542368       26.54537067474236        0.31237681305759
C          -15.04296033123928       27.23766304620745       -0.46306789303226
C          -16.23600071571152       26.58778924120602       -0.78847922900940
C          -17.44269951943138       26.83815965450321       -1.49193459424991
C          -18.19775541582286       25.70537509369591       -1.39347874969118
N          -17.53455513798409       24.75976653879096       -0.66990685286151
C          -16.33310039984636       25.26216853954575       -0.28232913405161
N          -15.43138539064297       24.59640527830012        0.44710262941417
C          -14.31847546149128       25.23479550564346        0.74055988912290
H          -17.08940780403170       32.62765304979578       -1.90612334233996
H          -14.24196360948941       32.60123769182687       -1.14599867520587
H          -15.74734224999305       31.33567935237441       -3.44561477153135
H          -14.13396279407113       32.05676465604721       -3.47519502667461
H          -13.19487756225703       30.13476806463934       -2.28765066253140
H          -14.27676858060286       29.38782529286225       -3.47091304588767
H          -16.04753871144534       29.17485960034806       -1.84040661682548
H          -14.66293009839530       30.81700017193847        0.26160278051547
H          -16.36147448540815       30.82210711356529       -0.19155532811490
H          -12.63760796943958       29.32351998700785       -0.10430590474266
H          -17.72514386860302       27.73467793104139       -2.00578172589957
H          -19.17208296065420       25.50786265762292       -1.79389237487352
H          -13.59153379074742       24.69837148831945        1.33168802172570
H          -17.86794403808177       23.83679416702805       -0.44857533884876
H          -19.22864536902986       36.28614133523762       -1.98585952318875
H          -19.39924709956426       37.30865419122197       -0.55076988774470
H          -19.73039827904968       35.57256128535499       -0.45146479249051
H          -16.40711879710682       35.87655929621597        1.21779229826405
H          -18.07669572518936       35.33332107421095        1.43082066222972
H          -17.70978111774947       37.06382204860872        1.36044166261893
H          -15.68703618938065       36.89637549392749       -0.98871304345833
H          -16.85491576922407       37.05117502298411       -2.30773789179909
H          -16.98259200196649       38.09552755902243       -0.88379127765647
48
 energy: -73.171283832851 gnorm: 0.000086373122 xtb: 6.7.1 (edcfbbe)
C          -17.44275375348692       36.08925530344706        0.96821164135238
C          -17.63509472672993       36.07621880022398       -0.54767578139476
C          -19.09901158143592       36.33063872968656       -0.90735753775545
C          -16.72759156612125       37.09867933116253       -1.22966287250662
O          -17.37669022552125       34.74189309965727       -1.07326953349846
C          -16.17722986914426       34.15614963321178       -0.95368135397526
O          -15.19176168636118       34.63948227829572       -0.42131548057766
N          -16.20887875142725       32.93853502520227       -1.52486221006435
C          -15.09626949536263       32.01971704491742       -1.50637424292005
C          -14.81125029472726       31.43197051906062       -2.89730465895747
C          -14.23330221631046       30.05166933559602       -2.60994483700897
C          -15.10223585474620       29.55149954199336       -1.44901291705287
C          -15.34902267169834       30.80316465837775       -0.58604500467446
N          -14.50552870043155       28.46988776661345       -0.70810723077448
C          -13.29109314895145       28.47393607483564       -0.08746903049012
N          -12.99770393250243       27.36618997733464        0.52339443758604
C          -14.08227404128375       26.54584614178212        0.31287292832421
C          -15.04284687081917       27.23738837697640       -0.46314880857941
C          -16.23542595301626       26.58677913402548       -0.78878830526667
C          -17.44199063813954       26.83626210160411       -1.49278596331312
C          -18.19643261356638       25.70306443197623       -1.39434152450414
N          -17.53299052611898       24.75804370395327       -0.67023358275347
C          -16.33198655665411       25.26125184848794       -0.28229193514452
N          -15.43021044170223       24.59620677886207        0.44772207334987
C          -14.31777044489271       25.23530059845887        0.74143122278250
H          -17.09075110015108       32.62796124284952       -1.90503859685449
H          -14.24323541030851       32.60025496022761       -1.14515516571675
H          -15.74862676160593       31.33560193357700       -3.44540080491625
H          -14.13551876062183       32.05735088672355       -3.47485661655511
H          -13.19575515785018       30.13551268863647       -2.28744858691665
H          -14.27694941962620       29.38842128879563       -3.47124766284456
H          -16.04794757133563       29.17373088563617       -1.84137451728668
H          -14.66610243205804       30.81605828785529        0.26211844020230
H          -16.36410135179186       30.82085999932866       -0.19309215077893
H          -12.63861018861735       29.32453175081553       -0.10437977598057
H          -17.72476514918769       27.73248197326193       -2.00697114889462
H          -19.17047505142052       25.50488442386569       -1.79511849587328
H          -13.59075019402085       24.69944840457585        1.33298155346502
H          -17.86583873682643       23.83492372413250       -0.44870841200920
H          -19.22884016042919       36.28707291986009       -1.98483071827559
H          -19.39841441677922       37.30994852754169       -0.54987109688862
H          -19.72988522629413       35.57394931783737       -0.44998767427633
H          -16.40560058804810       35.87791444689038        1.21737415057206
H          -18.07533263580111       35.33569748094519        1.43177539468119
H          -17.70754100880176       37.06596449263010        1.36007381982036
H          -15.68648177046445       36.89644428716338       -0.99000796986808
H          -16.85493727295644       37.05055547486898       -2.30861000682304
H          -16.98169307383847       38.09600037023229       -0.88538344916747
48
 energy: -73.171285473091 gnorm: 0.000079531873 xtb: 6.7.1 (edcfbbe)
C          -17.44116794239063       36.09110588656596        0.96827854884124
C          -17.63448149947333       36.07724217384222       -0.54747688567638
C          -19.09853050579083       36.33198806903273       -0.90639139488590
C          -16.72701192446643       37.09893538495123       -1.23065197631739
O          -17.37691076508372       34.74252290022861       -1.07245827503651
C          -16.17760188079728       34.15637410102330       -0.95332244387768
O          -15.19166501695351       34.63951362559440       -0.42165754660177
N          -16.21008095333335       32.93855521454250       -1.52400817335122
C          -15.09789390158675       32.01924661810427       -1.50583365412868
C          -14.81261903387040       31.43223041162147       -2.89700543321787
C          -14.23405290207453       30.05209852980934       -2.61006489519169
C          -15.10317809990155       29.55092171827113       -1.44970228852558
C          -15.35152933335153       30.80215233198399       -0.58650284486953
N          -14.50593881074964       28.46970199383098       -0.70864943644948
C          -13.29172676476806       28.47467271622202       -0.08757938492872
N          -12.99798592531754       27.36737452258074        0.52392233720325
C          -14.08202651560186       26.54634333753649        0.31333533605207
C          -15.04272187794896       27.23705184206106       -0.46327801311273
C          -16.23480318866805       26.58562659625334       -0.78911067892882
C          -17.44122826298960       26.83410241544655       -1.49370104839403
C          -18.19501073637800       25.70047228085861       -1.39517135361869
N          -17.53128097304028       24.75611878534637       -0.67046744617405
C          -16.33075560541561       25.26021812662310       -0.28219008160130
N          -15.42888680927077       24.59597906500116        0.44844585469088
C          -14.31693599335055       25.23583725583619        0.74233781849257
H          -17.09223677438980       32.62832693375452       -1.90381385022313
H          -14.24468060382903       32.59913550930591       -1.14397949806284
H          -15.74993174341099       31.33567909175128       -3.44518471267401
H          -14.13711900535176       32.05815083714739       -3.47424050576966
H          -13.19666598072575       30.13635763989896       -2.28715685207519
H          -14.27702846428519       29.38921423412652       -3.47167870306702
H          -16.04834689281751       29.17239787207087       -1.84264904297823
H          -14.66986180620411       30.81484088637228        0.26267269872241
H          -16.36719039991590       30.81931937426632       -0.19503072612994
H          -12.63969138473200       29.32560861667941       -0.10465120795947
H          -17.72436617297178       27.72996810718672       -2.00830297005872
H          -19.16875006419345       25.50154442842241       -1.79631397752574
H          -13.58987953973917       24.70069545981017        1.33448543387531
H          -17.86352909142685       23.83284299460053       -0.44869380829927
H          -19.22901951085342       36.28793883011150       -1.98376469041635
H          -19.39741498648560       37.31156111001447       -0.54919040584350
H          -19.72935722265143       35.57570482911425       -0.44828348603785
H          -16.40394064569510       35.87951564656406        1.21692385816241
H          -18.07375034835743       35.33808354925907        1.43270525021337
H          -17.70532756218240       37.06815467900017        1.35970718454722
H          -15.68583665081862       36.89647521926116       -0.99146962002685
H          -16.85500134861859       37.05011704274028       -2.30949175399232
H          -16.98054857775762       38.09658120936736       -0.88689525377523
48
 energy: -73.171287331270 gnorm: 0.000078248762 xtb: 6.7.1 (edcfbbe)
C          -17.43943786316204       36.09314503575254        0.96833006906945
C          -17.63375810366533       36.07843330329299       -0.54728728685645
C          -19.09794320139047       36.33357318781923       -0.90537632391880
C          -16.72628322705265       37.09928830548719       -1.23170885491728
O          -17.37713528248941       34.74329594654823       -1.07164955560411
C          -16.17803683360430       34.15662410821842       -0.95292386797116
O          -15.19156641474764       34.63952221372334       -0.42203193019813
N          -16.21149627026450       32.93853963555416       -1.52297278877186
C          -15.09981278215392       32.01864148879215       -1.50514674035453
C          -14.81406230068144       31.43262712357639       -2.89662727636050
C          -14.23489040740873       30.05264595902711       -2.61022715875176
C          -15.10424930056685       29.55025720763607       -1.45054604372472
C          -15.35452563065697       30.80090716003031       -0.58699826432629
N          -14.50639344393727       28.46947376803244       -0.70934459295051
C          -13.29243832080274       28.47551184032231       -0.08778084755414
N          -12.99823361603883       27.36868465889127        0.52434929051984
C          -14.08173177583909       26.54692132764280        0.31384283954702
C          -15.04255151649956       27.23664226074505       -0.46349665332350
C          -16.23408015182065       26.58428312169085       -0.78949754624691
C          -17.44038031715768       26.83161343426684       -1.49470368279807
C          -18.19341536901303       25.69749358742858       -1.39602550599904
N          -17.52934387341376       24.75391670171059       -0.67063337495118
C          -16.32934805473330       25.25903420571945       -0.28202917062959
N          -15.42736655090868       24.59573552664757        0.44932430720271
C          -14.31598094319285       25.23648482404644        0.74341693921085
H          -17.09395261815907       32.62874744709931       -1.90243411563966
H          -14.24642873051267       32.59775691070753       -1.14245622411320
H          -15.75125426191079       31.33590632936346       -3.44497542332440
H          -14.13877193697685       32.05919408256187       -3.47341551405269
H          -13.19770847756342       30.13735734933967       -2.28680405081326
H          -14.27704848695204       29.39025262722345       -3.47225441103798
H          -16.04874553881006       29.17083084092878       -1.84423641966816
H          -14.67438731782128       30.81329143470244        0.26341226373560
H          -16.37089633432121       30.81744126321787       -0.19734063255288
H          -12.64092723877798       29.32684683653855       -0.10502752089094
H          -17.72394575374198       27.72706838038033       -2.00978662534894
H          -19.16683169619821       25.49771518615129       -1.79752912689593
H          -13.58880148948502       24.70210099632029        1.33609692771433
H          -17.86092039042199       23.83047914696167       -0.44852837391521
H          -19.22917890283158       36.28875283046347       -1.98262304463621
H          -19.39615471330664       37.31355056289532       -0.54873401057958
H          -19.72880624626774       35.57792436230245       -0.44627680169893
H          -16.40210642533591       35.88142787438357        1.21641384323277
H          -18.07189543867798       35.34055940712362        1.43362526621410
H          -17.70308704583488       37.07048518403521        1.35936435521783
H          -15.68503266422069       36.89646024452743       -0.99316418701923
H          -16.85508380206408       37.04989643153543       -2.31042374631432
H          -16.97907293859233       38.09725834262804       -0.88835840595708
48
 energy: -73.171288093316 gnorm: 0.000081684360 xtb: 6.7.1 (edcfbbe)
C          -17.43906003646340       36.09397250405254        0.96823170259210
C          -17.63355065934996       36.07896893770948       -0.54736092908178
C          -19.09770497058606       36.33438626363674       -0.90537366500119
C          -16.72591202059936       37.09947302413239       -1.23209605273564
O          -17.37729293001241       34.74365987868981       -1.07147331054340
C          -16.17835637886151       34.15669013904031       -0.95259941331704
O          -15.19174407038418       34.63948029944376       -0.42187239212944
N          -16.21207912293512       32.93853288579160       -1.52247278188773
C          -15.10047039352577       32.01854167238118       -1.50477198660949
C          -14.81481928946438       31.43265343042847       -2.89632806114274
C          -14.23553641618398       30.05268378512954       -2.61010094253950
C          -15.10477359898552       29.55010121747774       -1.45041222620311
C          -15.35517438096796       30.80068312016889       -0.58678487013117
N          -14.50662917159544       28.46939571913165       -0.70932086900294
C          -13.29263308742862       28.47568279720448       -0.08783840842066
N          -12.99812856380317       27.36889668214824        0.52421874126705
C          -14.08139635639253       26.54684717798571        0.31363983536704
C          -15.04244902197790       27.23639742827537       -0.46356447069028
C          -16.23380294849498       26.58373324962524       -0.78959155782639
C          -17.44017715809427       26.83078252924270       -1.49476591404641
C          -18.19291374548261       25.69646092316434       -1.39613802277411
N          -17.52857901227394       24.75301578896181       -0.67081255172635
C          -16.32870194021340       25.25841858054736       -0.28222310156244
N          -15.42651507779248       24.59530036178662        0.44903760203515
C          -14.31527385035855       25.23630827464752        0.74310548401196
H          -17.09459055691061       32.62886457620340       -1.90191333174701
H          -14.24703933302883       32.59757850600003       -1.14206028678789
H          -15.75203754585722       31.33597079766177       -3.44464746505303
H          -14.13956935460953       32.05930441761923       -3.47307554180932
H          -13.19832632529533       30.13742671830085       -2.28676708921265
H          -14.27773881063698       29.39036346339976       -3.47218557372517
H          -16.04922268106411       29.17052529032506       -1.84407171972859
H          -14.67507376649332       30.81304919780766        0.26365351737083
H          -16.37155640102174       30.81711806455420       -0.19716233520917
H          -12.64133957845029       29.32718455032674       -0.10504786565423
H          -17.72397417223875       27.72618760270842       -2.00980474606923
H          -19.16628522041280       25.49644693077199       -1.79763246769122
H          -13.58794646630366       24.70208315567551        1.33574606739903
H          -17.85993008769805       23.82947989638550       -0.44877879595204
H          -19.22909860150291       36.28911223432399       -1.98258422770461
H          -19.39556731481162       37.31461886043348       -0.54913957075810
H          -19.72872381841309       35.57914076531517       -0.44583139516918
H          -16.40169964211598       35.88229977758736        1.21624877259880
H          -18.07147992885305       35.34146685470287        1.43371992827975
H          -17.70267635299442       37.07139073256998        1.35911583163499
H          -15.68467563187000       36.89634851750050       -0.99374678693292
H          -16.85495048558083       37.05001870009657       -2.31078202324963
H          -16.97832372159540       38.09755372291980       -0.88878473173358
48
 energy: -73.171288982186 gnorm: 0.000078158154 xtb: 6.7.1 (edcfbbe)
C          -17.43871478456711       36.09482267070101        0.96810403068739
C          -17.63329787896463       36.07959864729504       -0.54747357005378
C          -19.09740101712082       36.33536006968843       -0.90545050335180
C          -16.72543025629802       37.09974632942318       -1.23244431343781
O          -17.37742104181235       34.74413478090847       -1.07139158344785
C          -16.17865862703945       34.15683561263885       -0.95238566511746
O          -15.19192050158875       34.63944363295253       -0.42172272599830
N          -16.21275360112426       32.93849408249333       -1.52184544481209
C          -15.10124258276533       32.01837976185915       -1.50428134600017
C          -14.81559507720662       31.43276225110834       -2.89595559047678
C          -14.23624548990438       30.05277217307442       -2.60998618733804
C          -15.10535890335170       29.54991575370968       -1.45031239830826
C          -15.35603864650977       30.80035624267715       -0.58654409955650
N          -14.50689676024208       28.46929405833471       -0.70934431405866
C          -13.29286588293042       28.47589131205120       -0.08793131116512
N          -12.99795838695676       27.36911939504617        0.52395406254078
C          -14.08099315369521       26.54676275280944        0.31337399418018
C          -15.04231156149345       27.23609467123160       -0.46369903540589
C          -16.23347991154731       26.58307957516471       -0.78970738092011
C          -17.43997494759047       26.82981373661138       -1.49478493260277
C          -18.19237141704468       25.69526527556904       -1.39617107448817
N          -17.52771452701854       24.75197779392434       -0.67093576372745
C          -16.32795552858562       25.25770564497166       -0.28240886668414
N          -15.42551385476349       24.59480135640287        0.44873089760830
C          -14.31443799380006       25.23611679121358        0.74274812535915
H          -17.09531217526462       32.62899864100187       -1.90131715700203
H          -14.24776552121289       32.59727836533995       -1.14144990206820
H          -15.75281650285177       31.33614574109272       -3.44428059953604
H          -14.14037395540129       32.05955104496755       -3.47259304701703
H          -13.19901470487634       30.13751209899815       -2.28671483565137
H          -14.27847110112658       29.39059274652884       -3.47217971188349
H          -16.04972591461713       29.17013194136163       -1.84396504061466
H          -14.67611541084838       30.81264898172722        0.26403682464101
H          -16.37250176046269       30.81664417310609       -0.19713601769698
H          -12.64184116139752       29.32759948594943       -0.10508063815369
H          -17.72405251679018       27.72516037434176       -2.00976959569347
H          -19.16571245227871       25.49498381761232       -1.79760599198819
H          -13.58689367990374       24.70205577212506        1.33526986658443
H          -17.85881545890693       23.82833878722080       -0.44895854812719
H          -19.22895280581087       36.28935787206888       -1.98261186029334
H          -19.39479194846122       37.31598536827111       -0.54990108311951
H          -19.72868027365075       35.58072208208005       -0.44527163500223
H          -16.40130670073622       35.88334836351309        1.21609059584628
H          -18.07098495162573       35.34226360847595        1.43371702312252
H          -17.70248736990891       37.07224357467420        1.35888459037681
H          -15.68421166308934       36.89616670302532       -0.99440730302663
H          -16.85481402009386       37.05040886395948       -2.31109375585808
H          -16.97730561674894       38.09791722469161       -0.88899718026626
48
 energy: -73.171290060256 gnorm: 0.000076706100 xtb: 6.7.1 (edcfbbe)
C          -17.43837491473807       36.09577494941897        0.96792627999980
C          -17.63296823526208       36.08037936303345       -0.54764549195291
C          -19.09699561363615       36.33656066281097       -0.90563620743398
C          -16.72477457194635       37.10012249213284       -1.23278667292140
O          -17.37753648513855       34.74472385835172       -1.07129959037269
C          -16.17900768530134       34.15699891797829       -0.95204197977552
O          -15.19206117273423       34.63947479395382       -0.42164116752544
N          -16.21358505911939       32.93840434043390       -1.52092676168127
C          -15.10217545542430       32.01816402994166       -1.50366173641126
C          -14.81648431350662       31.43294265652845       -2.89549235072122
C          -14.23707045608518       30.05290833016650       -2.60988779919859
C          -15.10605286965768       29.54967091102566       -1.45026591696310
C          -15.35720356280310       30.79990581203077       -0.58632270017279
N          -14.50721404572798       28.46916387893159       -0.70942241652518
C          -13.29314743433600       28.47616143531972       -0.08807998638520
N          -12.99774990099196       27.36942061712493        0.52362460511145
C          -14.08048059780559       26.54667090910262        0.31302070732289
C          -15.04212742350377       27.23572027364350       -0.46390117674466
C          -16.23308795977261       26.58228760491409       -0.78984110681765
C          -17.43976074488451       26.82865297302994       -1.49474590607419
C          -18.19174499881931       25.69383190178355       -1.39611902046383
N          -17.52666020505466       24.75072150338519       -0.67104198839758
C          -16.32702906161587       25.25684055658164       -0.28262961573527
N          -15.42425659973130       24.59419311304342        0.44833710798577
C          -14.31338600513663       25.23589547195380        0.74228893498299
H          -17.09618646559493       32.62914923097415       -1.90048283881384
H          -14.24864085497065       32.59682488868366       -1.14058556287795
H          -15.75370275058194       31.33641564240321       -3.44383001024312
H          -14.14130661194294       32.05993345591894       -3.47196011648926
H          -13.19982682674751       30.13761834331741       -2.28665573229713
H          -14.27929523345527       29.39094210075615       -3.47224173734712
H          -16.05029093866610       29.16959697965996       -1.84394778569187
H          -14.67766261539090       30.81206267713016        0.26456687941562
H          -16.37384453138204       30.81599567675406       -0.19736967779610
H          -12.64247653313841       29.32814320927394       -0.10512982103673
H          -17.72420623198059       27.72393875447159       -2.00963569717831
H          -19.16506955512027       25.49323615746559       -1.79743691541732
H          -13.58556827789858       24.70204238127008        1.33466241117318
H          -17.85743340357606       23.82695528007635       -0.44910761068238
H          -19.22871604935473       36.28950334028823       -1.98273108148650
H          -19.39377941006241       37.31773303185901       -0.55108666155055
H          -19.72865544028543       35.58276877884177       -0.44459127564070
H          -16.40091309051642       35.88462409963500        1.21594355996627
H          -18.07040523292717       35.34305792429518        1.43360306910383
H          -17.70246967425057       37.07313229485978        1.35862638671959
H          -15.68358335843216       36.89589546558441       -0.99517943782239
H          -16.85461677397094       37.05106006113316       -2.31138877410325
H          -16.97591476700660       38.09837887272067       -0.88904961203590
48
 energy: -73.171291363202 gnorm: 0.000076969266 xtb: 6.7.1 (edcfbbe)
C          -17.43800087735694       36.09691180063835        0.96774214407401
C          -17.63255067905355       36.08133605354802       -0.54783333890235
C          -19.09644855493249       36.33804999170655       -0.90596365757767
C          -16.72395180964055       37.10061124959926       -1.23313017390594
O          -17.37760905855883       34.74550564574711       -1.07127843725244
C          -16.17933456422564       34.15731018463834       -0.95177980772377
O          -15.19216483045578       34.63958380512042       -0.42160766530670
N          -16.21457130802224       32.93833398010104       -1.51977911798774
C          -15.10335399854648       32.01786622645420       -1.50280970455312
C          -14.81763886662156       31.43318216959989       -2.89485585594610
C          -14.23806113875431       30.05311806289941       -2.60973614766935
C          -15.10693381517343       29.54930246909475       -1.45027195381755
C          -15.35875843059013       30.79924536136910       -0.58608036796080
N          -14.50758757262037       28.46898087909823       -0.70956425538378
C          -13.29348371473277       28.47650083075170       -0.08829646965497
N          -12.99749061834900       27.36982107398890        0.52323147308747
C          -14.07981795393658       26.54655719070769        0.31256240377355
C          -15.04187553088007       27.23524474425534       -0.46417268820503
C          -16.23258990014759       26.58130961475217       -0.78999958622998
C          -17.43950650477760       26.82723376077588       -1.49464160638595
C          -18.19098495074498       25.69208011395341       -1.39598585411561
N          -17.52534665230312       24.74917374173859       -0.67115119111775
C          -16.32585591409912       25.25576571784313       -0.28291971512346
N          -15.42266516198614       24.59343451908348        0.44781786493309
C          -14.31204782111809       25.23561586071705        0.74168601848290
H          -17.09722189465545       32.62941424063649       -1.89948929428553
H          -14.24972277513812       32.59619253782072       -1.13942467165939
H          -15.75484391934914       31.33676648064782       -3.44324306986927
H          -14.14250297044395       32.06044110320858       -3.47108251475718
H          -13.20080423319250       30.13782320819958       -2.28653564864788
H          -14.28024960003413       29.39145919722181       -3.47232715064696
H          -16.05095302850690       29.16881242746152       -1.84408386689711
H          -14.67982539700157       30.81121402286167        0.26529562163841
H          -16.37567473185812       30.81507371635572       -0.19784127123869
H          -12.64326318557074       29.32882924628594       -0.10523384934640
H          -17.72443629986568       27.72246176419347       -2.00936298921003
H          -19.16430939367934       25.49111442329760       -1.79711897707702
H          -13.58391143522161       24.70203996543220        1.33391664355442
H          -17.85568771623596       23.82524807725412       -0.44923896191437
H          -19.22833353314636       36.28961959950907       -1.98298188613169
H          -19.39248882976666       37.31992008836531       -0.55272209615092
H          -19.72858466844976       35.58533466448998       -0.44381678967294
H          -16.40046289962137       35.88618797804505        1.21581280471994
H          -18.06973850024676       35.34392838775127        1.43339459692643
H          -17.70255279991645       37.07416456118414        1.35839946899135
H          -15.68280163107413       36.89553647923318       -0.99607409408091
H          -16.85433994188326       37.05199786512956       -2.31168568002656
H          -16.97416038750040       38.09894492122660       -0.88893863275148
48
 energy: -73.171292865045 gnorm: 0.000075304390 xtb: 6.7.1 (edcfbbe)
C          -17.43759293523131       36.09822527458997        0.96746717011431
C          -17.63202146535921       36.08252530789184       -0.54812062503628
C          -19.09578274972474       36.33981923943283       -0.90639372769986
C          -16.72290444027577       37.10129413073592       -1.23349456549912
O          -17.37766776734293       34.74645762932142       -1.07123657451508
C          -16.17975434329339       34.15760829873494       -0.95127608772465
O          -15.19226907717050       34.63968529073377       -0.42150857143675
N          -16.21576529064363       32.93823703175926       -1.51835102404412
C          -15.10481507649831       32.01745075285161       -1.50179675077125
C          -14.81899333032507       31.43348166992844       -2.89412025372935
C          -14.23922119981151       30.05338500764002       -2.60958825819249
C          -15.10796253479105       29.54884970956623       -1.45031812296065
C          -15.36077169638529       30.79840296985802       -0.58581551785891
N          -14.50799406905875       28.46876274646514       -0.70976246946287
C          -13.29385264406543       28.47690450464768       -0.08857823671466
N          -12.99712600367786       27.37027624612195        0.52268725723335
C          -14.07901587706950       26.54643257946584        0.31203622488240
C          -15.04154882476739       27.23468358450854       -0.46450026948823
C          -16.23197916566244       26.58015496255625       -0.79017979046760
C          -17.43920720918299       26.82556144910151       -1.49446878769581
C          -18.19008129906340       25.69001113084571       -1.39577911003622
N          -17.52376953098149       24.74733810594025       -0.67126347512407
C          -16.32444455240297       25.25449501498290       -0.28325502257063
N          -15.42075807973866       24.59254295399153        0.44721137830430
C          -14.31045268988506       25.23529876573730        0.74100171039976
H          -17.09847335206000       32.62977284944475       -1.89829691473829
H          -14.25105810756135       32.59530619974699       -1.13795539054634
H          -15.75618439917546       31.33717134654819       -3.44254671132731
H          -14.14393895167707       32.06110503307512       -3.47005888557795
H          -13.20197507571644       30.13814661202283       -2.28637854724273
H          -14.28128582718016       29.39210139289954       -3.47247872446037
H          -16.05166365474921       29.16780085269426       -1.84434070708474
H          -14.68262718136093       30.81012168552165        0.26618922582032
H          -16.37804940534882       30.81387990480265       -0.19850886989962
H          -12.64415921355352       29.32963631415128       -0.10540345820477
H          -17.72473561921353       27.72072957271763       -2.00896092645626
H          -19.16341687316576       25.48861597421568       -1.79666978761533
H          -13.58190895365568       24.70202045030986        1.33299851948887
H          -17.85357665842671       23.82321850629364       -0.44936724408354
H          -19.22779659340433       36.28977880360689       -1.98332258792507
H          -19.39097413777063       37.32250417408557       -0.55470944196611
H          -19.72849758982839       35.58836264535856       -0.44299085427429
H          -16.39997781433452       35.88799193308662        1.21563484192652
H          -18.06900774995946       35.34494038866629        1.43308573220669
H          -17.70267076785186       37.07535019188470        1.35808917580203
H          -15.68180776306504       36.89521834102446       -0.99706805538541
H          -16.85392119715726       37.05323911091951       -2.31199623339502
H          -16.97204126136076       38.09970336350801       -0.88874065396970
48
 energy: -73.171294443980 gnorm: 0.000075133910 xtb: 6.7.1 (edcfbbe)
C          -17.43714376927027       36.09968658998669        0.96720999774376
C          -17.63144246448218       36.08383050485683       -0.54839062071042
C          -19.09502933974853       36.34177877521692       -0.90691448680611
C          -16.72177341418413       37.10204937447794       -1.23384827159198
O          -17.37769470817100       34.74754859035196       -1.07123587934950
C          -16.18016672299213       34.15799975314685       -0.95082458654008
O          -15.19238856258289       34.63977152643573       -0.42132376503281
N          -16.21706030947318       32.93818445186377       -1.51685892811316
C          -15.10644837189257       32.01700121664302       -1.50069747643351
C          -14.82052261584722       31.43378169824212       -2.89330043547159
C          -14.24044246486229       30.05369160074229       -2.60939893901439
C          -15.10908161967522       29.54830267760629       -1.45040536420846
C          -15.36303629786577       30.79744374756413       -0.58560971299545
N          -14.50841916634004       28.46849802409095       -0.70999091150044
C          -13.29421758580768       28.47731116129475       -0.08893408874516
N          -12.99673942778111       27.37078848459857        0.52215740935036
C          -14.07811117471216       26.54627767957778        0.31145021046831
C          -15.04119037392073       27.23406392953146       -0.46482372835251
C          -16.23131386768491       26.57889806468155       -0.79034011649923
C          -17.43888203030394       26.82374812878092       -1.49424079213198
C          -18.18909443582224       25.68776188867015       -1.39551973432620
N          -17.52203497061397       24.74533230033450       -0.67137327131715
C          -16.32288995539186       25.25310325049282       -0.28360793682142
N          -15.41864630923783       24.59155399077128        0.44653697656828
C          -14.30867039439190       25.23492715210480        0.74022374225014
H          -17.09983738543174       32.63025314277803       -1.89707028337353
H          -14.25252495098300       32.59427954770558       -1.13632469471502
H          -15.75769956059884       31.33753406468018       -3.44175801873898
H          -14.14561147998775       32.06184939621804       -3.46891852719062
H          -13.20322655043874       30.13855538157273       -2.28612734659766
H          -14.28230294233486       29.39280837492021       -3.47260115398446
H          -16.05241147794377       29.16660464739777       -1.84468733664087
H          -14.68585070797531       30.80889778640189        0.26716513364436
H          -16.38075343654301       30.81249166294922       -0.19944766338783
H          -12.64509277408091       29.33047999405510       -0.10565624289102
H          -17.72506850361966       27.71885402872930       -2.00848023535516
H          -19.16243761904061       25.48589862231966       -1.79615643392586
H          -13.57972214675743       24.70200594507445        1.33204409198328
H          -17.85123878683632       23.82099150812346       -0.44950612966686
H          -19.22716777866971       36.29010712530242       -1.98375302896733
H          -19.38936225788408       37.32528412105862       -0.55680953777165
H          -19.72834910776800       35.59160791826861       -0.44226558798466
H          -16.39947722825391       35.88988144425872        1.21550636109605
H          -18.06827483079210       35.34613587255810        1.43277078032844
H          -17.70271374494427       37.07668818384973        1.35778703585402
H          -15.68074584085684       36.89493148890558       -0.99803071304940
H          -16.85339249998622       37.05458954433046       -2.31229828748008
H          -16.96979803520253       38.10053564047170       -0.88852147060738
48
 energy: -73.171295997256 gnorm: 0.000075629448 xtb: 6.7.1 (edcfbbe)
C          -17.43671187175120       36.10119221142681        0.96694751382337
C          -17.63083382725980       36.08515785954786       -0.54867135246447
C          -19.09424723032425       36.34376468281222       -0.90742729334578
C          -16.72059012171313       37.10282632565463       -1.23419135544145
O          -17.37771213986948       34.74864397994546       -1.07122044078594
C          -16.18060918812422       34.15833225910499       -0.95027357138536
O          -15.19252891182694       34.63978542481358       -0.42104791009937
N          -16.21837562270185       32.93812243953458       -1.51537869230624
C          -15.10813821741753       32.01650112849882       -1.49959803426788
C          -14.82211797889942       31.43405807851768       -2.89250280150086
C          -14.24163157572734       30.05402915637734       -2.60919220739465
C          -15.11021482507636       29.54774071574640       -1.45052771876251
C          -15.36543042267810       30.79643565138207       -0.58540310421878
N          -14.50883535717555       28.46824302554866       -0.71023566443440
C          -13.29457457829937       28.47773764237742       -0.08930322838710
N          -12.99630005179215       27.37129318092437        0.52154313190780
C          -14.07720501393322       26.54615281978682        0.31089780535321
C          -15.04081814261020       27.23345296829033       -0.46514403482425
C          -16.23062571097721       26.57763432317163       -0.79049560185438
C          -17.43853546449173       26.82191073869501       -1.49400592067864
C          -18.18807053687153       25.68547890836695       -1.39526608077647
N          -17.52026606567372       24.74330887740897       -0.67147142771864
C          -16.32130900881751       25.25170834329858       -0.28394749916538
N          -15.41651548663990       24.59058103728971        0.44589654394122
C          -14.30688680369061       25.23459089577179        0.73949972072927
H          -17.10122993404751       32.63075956679395       -1.89587311638075
H          -14.25404216164038       32.59319916260632       -1.13470302609080
H          -15.75928272426023       31.33779390622622       -3.44099071379929
H          -14.14737258664356       32.06257485211447       -3.46783264988096
H          -13.20446221606456       30.13907886570487       -2.28581191137943
H          -14.28320610281260       29.39355086952361       -3.47272105903731
H          -16.05311442884551       29.16533174483584       -1.84515091608854
H          -14.68927617886174       30.80766061309344        0.26819110046119
H          -16.38361293216186       30.81104031456004       -0.20045757543186
H          -12.64600976188031       29.33133365297655       -0.10594652536474
H          -17.72539683608148       27.71695362727834       -2.00797504007881
H          -19.16142281392137       25.48314206682025       -1.79564074196944
H          -13.57749069448788       24.70199685071057        1.33106214785622
H          -17.84886513440083       23.81874726855489       -0.44962900150684
H          -19.22644920295378       36.29065368268564       -1.98419046076291
H          -19.38775692133010       37.32801901625978       -0.55874039006557
H          -19.72816282019902       35.59477822288554       -0.44168164484590
H          -16.39900642652166       35.89169620407400        1.21536307798722
H          -18.06767528649769       35.34746106727215        1.43246705236722
H          -17.70263799322147       37.07813746213181        1.35744012449630
H          -15.67964354534227       36.89472239016022       -0.99888418962891
H          -16.85271691929754       37.05588345347886       -2.31260011610113
H          -16.96758222416955       38.10140246895370       -0.88837519970035
48
 energy: -73.171297443924 gnorm: 0.000076403097 xtb: 6.7.1 (edcfbbe)
C          -17.43627855637959       36.10262498398785        0.96672351444958
C          -17.63026704649606       36.08642801297098       -0.54890958147531
C          -19.09351244932183       36.34566697909324       -0.90790469884287
C          -16.71944365484960       37.10353129831907       -1.23450419613355
O          -17.37775824474650       34.74969075838072       -1.07116779928872
C          -16.18105840992109       34.15865102375587       -0.94975305348542
O          -15.19271184124930       34.63974074923534       -0.42069162636851
N          -16.21965107186887       32.93810658182736       -1.51405953511581
C          -15.10979417645493       32.01603578499192       -1.49862498594771
C          -14.82363397901643       31.43429787722100       -2.89178134456065
C          -14.24273115298848       30.05434461431071       -2.60900317571907
C          -15.11124926018218       29.54719427272280       -1.45065277741042
C          -15.36774620137404       30.79548541969947       -0.58528636225613
N          -14.50920936913715       28.46799659495611       -0.71045053253076
C          -13.29488496697817       28.47812649824685       -0.08965714542648
N          -12.99590656248747       27.37179468525262        0.52104764449197
C          -14.07633295161116       26.54602977546307        0.31038612068147
C          -15.04046505576646       27.23288468685703       -0.46540465697878
C          -16.22997364913700       26.57645052246487       -0.79060904865978
C          -17.43819063226477       26.82017612998896       -1.49378311807932
C          -18.18708830463786       25.68332543038551       -1.39502193852883
N          -17.51858348384198       24.74140160782563       -0.67155435972536
C          -16.31981249022395       25.25039934397360       -0.28423859722973
N          -15.41449316536135       24.58966479988232        0.44531012230702
C          -14.30517961948774       25.23426440433891        0.73881093105096
H          -17.10258482977416       32.63130103109201       -1.89481698937153
H          -14.25551435311440       32.59213898663867       -1.13321936663274
H          -15.76079503387920       31.33795888775342       -3.44025600226191
H          -14.14910762085159       32.06327818294548       -3.46686669407370
H          -13.20563490875955       30.13964752090218       -2.28547387916856
H          -14.28394304217360       29.39421525355874       -3.47281764743249
H          -16.05372545857324       29.16410566115032       -1.84561640965117
H          -14.69261067896921       30.80648708769486        0.26911606150557
H          -16.38639114840176       30.80964343071883       -0.20155310158417
H          -12.64684033559657       29.33211874790781       -0.10623967226119
H          -17.72567804429976       27.71515111264705       -2.00752208811764
H          -19.16043457700543       25.48052906677059       -1.79517802476147
H          -13.57540444035266       24.70201505950391        1.33021485714105
H          -17.84661224468677       23.81662736991506       -0.44975758242721
H          -19.22575209425411       36.29144795318201       -1.98460735091523
H          -19.38631122132417       37.33052142198439       -0.56032553050325
H          -19.72796532101806       35.59765759404132       -0.44133049484214
H          -16.39858626846033       35.89325391697888        1.21529409988535
H          -18.06721476731887       35.34888018159395        1.43225296078298
H          -17.70236870280243       37.07957141285813        1.35708869801022
H          -15.67858778657371       36.89457214363936       -0.99955349000623
H          -16.85193794949793       37.05694744223442       -2.31287971306539
H          -16.96554287651355       38.10221770213056       -0.88837243847006
48
 energy: -73.171298785510 gnorm: 0.000077261675 xtb: 6.7.1 (edcfbbe)
C          -17.43589404216948       36.10399386576362        0.96655124295287
C          -17.62972601081088       36.08756500790683       -0.54909696413779
C          -19.09280597556065       36.34744968881845       -0.90830002967830
C          -16.71836421430843       37.10411856346207       -1.23479389326972
O          -17.37782200042021       34.75060018840237       -1.07106793295534
C          -16.18149841510436       34.15888108814999       -0.94923915061821
O          -15.19290535640669       34.63962013884868       -0.42031979336084
N          -16.22083115883486       32.93807322868030       -1.51291169934834
C          -15.11133239261929       32.01558632497133       -1.49777708814340
C          -14.82509621410988       31.43447559905445       -2.89116988712208
C          -14.24369086132852       30.05465701931357       -2.60881225311194
C          -15.11221293098069       29.54668926130084       -1.45080664028096
C          -15.36992437039856       30.79460649842313       -0.58521304094760
N          -14.50955857180697       28.46779193353255       -0.71065825720622
C          -13.29518638565744       28.47852320747091       -0.08996683585626
N          -12.99553037084756       27.37227920409222        0.52056774140118
C          -14.07555113730774       26.54596582088019        0.30997064600731
C          -15.04013654457358       27.23238039010825       -0.46564715428496
C          -16.22936131269802       26.57536815983445       -0.79071864180564
C          -17.43785261445303       26.81857389156263       -1.49359904590232
C          -18.18614971598892       25.68132798860667       -1.39483311923890
N          -17.51701322019221       24.73964917407656       -0.67162943297021
C          -16.31842708196280       25.24921230311283       -0.28448568469138
N          -15.41263948413518       24.58886169915516        0.44482960324004
C          -14.30363822335808       25.23402622019597        0.73827012743248
H          -17.10384310004153       32.63178439606789       -1.89390528601518
H          -14.25688408828909       32.59114865906468       -1.13190218905307
H          -15.76225600580900       31.33799824023126       -3.43963205670064
H          -14.15080022022286       32.06388536121313       -3.46605395188820
H          -13.20667145532266       30.14025766670854       -2.28510614030200
H          -14.28450814556404       29.39483292222571       -3.47287645911085
H          -16.05427271186220       29.16293757346762       -1.84612537423044
H          -14.69576229950353       30.80546162118172        0.26996148885863
H          -16.38900998621538       30.80833865836022       -0.20263990092653
H          -12.64762374586287       29.33288248751080       -0.10649335304807
H          -17.72591518904557       27.71348248875504       -2.00713119606900
H          -19.15948193120675       25.47809712117201       -1.79480254628187
H          -13.57347548777754       24.70206936991200        1.32945927983261
H          -17.84452503827505       23.81468289173523       -0.44987148344889
H          -19.22504018370585       36.29248865449480       -1.98496575775305
H          -19.38500912729383       37.33275187628266       -0.56148966437965
H          -19.72773234041562       35.60018595688605       -0.44118061853291
H          -16.39825028231992       35.89453441406256        1.21524496664766
H          -18.06695284679261       35.35037432705981        1.43212008734237
H          -17.70192523108806       37.08102485485687        1.35675501196634
H          -15.67761214187516       36.89445141538835       -1.00001884061070
H          -16.85106625462949       37.05770966681590       -2.31315022124999
H          -16.96373358083220       38.10294291481694       -0.88853861015327
48
 energy: -73.171300040231 gnorm: 0.000076759820 xtb: 6.7.1 (edcfbbe)
C          -17.43551273584838       36.10524853183354        0.96642618405046
C          -17.62924088723063       36.08860940486498       -0.54923146063618
C          -19.09216961688497       36.34909444796556       -0.90862186506644
C          -16.71732070270833       37.10457595601159       -1.23506157326316
O          -17.37793747523846       34.75141577385113       -1.07089702668961
C          -16.18194876769378       34.15907781240007       -0.94876215478969
O          -15.19313269655535       34.63945480212256       -0.41992970226678
N          -16.22195183996873       32.93806865005801       -1.51194241431574
C          -15.11279783823445       32.01517548540559       -1.49707124686217
C          -14.82644630735281       31.43462034850814       -2.89065971660379
C          -14.24456321407552       30.05494040975548       -2.60866199043910
C          -15.11307076784863       29.54623184486716       -1.45095871950965
C          -15.37196045231177       30.79381280930009       -0.58519065788707
N          -14.50987219726780       28.46762302685878       -0.71082695777553
C          -13.29546787171539       28.47891556766556       -0.09021114593142
N          -12.99522312768456       27.37277952255572        0.52022898354752
C          -14.07483370013093       26.54593196001204        0.30961801954080
C          -15.03983560367058       27.23194259648109       -0.46583800628327
C          -16.22879003638791       26.57439118690987       -0.79080833524490
C          -17.43751012645107       26.81709830339230       -1.49346716183516
C          -18.18526003375784       25.67949395642086       -1.39468743176756
N          -17.51555718341892       24.73805272080756       -0.67169917050591
C          -16.31714908057887       25.24814166543629       -0.28469755066594
N          -15.41093952808979       24.58815149729199        0.44441933033832
C          -14.30221972048483       25.23383004171050        0.73779322496985
H          -17.10504071357529       32.63225591318978       -1.89313925579948
H          -14.25818348781307       32.59023909850360       -1.13079869139758
H          -15.76360979595624       31.33795137563831       -3.43908127372921
H          -14.15239965708923       32.06443232034925       -3.46540173655875
H          -13.20763618790517       30.14087982467754       -2.28475900188807
H          -14.28494980853066       29.39536937014951       -3.47294180074649
H          -16.05473130197420       29.16186325354235       -1.84662288478306
H          -14.69871105973521       30.80454121011443        0.27070210246667
H          -16.39145454369660       30.80714441922361       -0.20369770067608
H          -12.64834586655727       29.33360913186614       -0.10669235697068
H          -17.72608879695422       27.71193476606715       -2.00683356764569
H          -19.15856787821138       25.47585297533544       -1.79450661646482
H          -13.57174899443326       24.70218274744216        1.32887906854254
H          -17.84260193877656       23.81291267577080       -0.44997883541109
H          -19.22436384063849       36.29375529175609       -1.98527360867109
H          -19.38386592675719       37.33469652438186       -0.56224514018232
H          -19.72751986870439       35.60236297218886       -0.44122722329518
H          -16.39795391317468       35.89550758901252        1.21525169160182
H          -18.06685701221240       35.35192057201477        1.43208682796158
H          -17.70127206509218       37.08243988138623        1.35641326885373
H          -15.67667533436077       36.89435341564107       -1.00030578141789
H          -16.85009067929184       37.05815076342545       -2.31340786455306
H          -16.96211981695414       38.10356558983060       -0.88888107234692
48
 energy: -73.171301261662 gnorm: 0.000076706097 xtb: 6.7.1 (edcfbbe)
C          -17.43514858620359       36.10646407139979        0.96635207000892
C          -17.62877228068518       36.08955673195609       -0.54931557541410
C          -19.09154422916998       36.35069025570963       -0.90887231666670
C          -16.71631715519651       37.10492806823373       -1.23531533744708
O          -17.37809314291751       34.75211863366654       -1.07065755590074
C          -16.18241066226264       34.15920962851502       -0.94830264896873
O          -15.19337706215101       34.63922548691472       -0.41954703255771
N          -16.22303113989323       32.93805603071846       -1.51111366948809
C          -15.11419890936259       32.01478922853128       -1.49648449458007
C          -14.82776265655823       31.43472045217494       -2.89024274654019
C          -14.24536316694036       30.05520775540202       -2.60852642991241
C          -15.11388119233714       29.54579735161767       -1.45112919327662
C          -15.37390131924060       30.79308125596971       -0.58523841341914
N          -14.51017017517420       28.46748190695634       -0.71098455491308
C          -13.29575579184353       28.47933018865049       -0.09040035031941
N          -12.99495060798242       27.37330068653653        0.51995790343730
C          -14.07417901163602       26.54595054757203        0.30935457434076
C          -15.03954393221908       27.23154485839212       -0.46601694734530
C          -16.22823210892443       26.57347377967180       -0.79090691602911
C          -17.43715477774547       26.81569559184377       -1.49338466183012
C          -18.18438050827577       25.67774769253055       -1.39459659540095
N          -17.51415662562924       24.73654775901275       -0.67177538930367
C          -16.31593447799747       25.24715044649880       -0.28487613676652
N          -15.40934658299647       24.58752491484336        0.44410117671443
C          -14.30091451087036       25.23370975993340        0.73744929267236
H          -17.10619779067542       32.63268564990639       -1.89248464640359
H          -14.25942587130273       32.58937890034897       -1.12983089314370
H          -15.76493499114751       31.33782847291443       -3.43861207492879
H          -14.15398200868177       32.06492328943214       -3.46486834571013
H          -13.20853116320260       30.14151153514802       -2.28441747551103
H          -14.28530455538711       29.39584905467321       -3.47298729542985
H          -16.05515762559363       29.16083318420582       -1.84712662287400
H          -14.70152714570970       30.80372413118195        0.27134337415840
H          -16.39378930365211       30.80602654126026       -0.20478861615446
H          -12.64906603963476       29.33435239844806       -0.10682178545507
H          -17.72621153643215       27.71045393393180       -2.00661895992895
H          -19.15765178547282       25.47370533578504       -1.79429963217105
H          -13.57013971569998       24.70235073175709        1.32841813010118
H          -17.84076371158476       23.81124679714800       -0.45008385813440
H          -19.22367154054681       36.29527999008311       -1.98552756765224
H          -19.38282716026044       37.33646548493976       -0.56263826384407
H          -19.72726999574202       35.60430103179127       -0.44144706916675
H          -16.39772173687257       35.89623012521363        1.21530244076593
H          -18.06692106128937       35.35358332281604        1.43214880671280
H          -17.70041485615588       37.08388766826720        1.35609271305132
H          -15.67579673837217       36.89425846998353       -1.00041318164528
H          -16.84901036937658       37.05829782806475       -2.31366227270447
H          -16.96066268297865       38.10412304344197       -0.88940495402915
48
 energy: -73.171302509360 gnorm: 0.000076356439 xtb: 6.7.1 (edcfbbe)
C          -17.43476898071599       36.10767496438916        0.96632140459338
C          -17.62830711125942       36.09047725737063       -0.54935257652542
C          -19.09092310840100       36.35227799752874       -0.90906164350032
C          -16.71526360481455       37.10517710289543       -1.23556485967434
O          -17.37829620518748       34.75277592963161       -1.07033883104669
C          -16.18290357056695       34.15930780999798       -0.94785031557059
O          -15.19364854550581       34.63894016041319       -0.41915987784488
N          -16.22412508992026       32.93804498621173       -1.51037826732810
C          -15.11561863947316       32.01439676180564       -1.49597423156185
C          -14.82909732520220       31.43478974556389       -2.88989527079753
C          -14.24615502907311       30.05546561298041       -2.60842448002015
C          -15.11469035209474       29.54538301024125       -1.45132295248367
C          -15.37585228280482       30.79237391505749       -0.58531294665671
N          -14.51047725502241       28.46738080801664       -0.71112911828721
C          -13.29607713429783       28.47980790865793       -0.09052817942822
N          -12.99472795628490       27.37390184464283        0.51978752146588
C          -14.07354672177960       26.54602566265923        0.30914521298841
C          -15.03925923835360       27.23118672584464       -0.46617621766968
C          -16.22766329182014       26.57257881023541       -0.79101595884561
C          -17.43676196861860       26.81428882339234       -1.49336612122090
C          -18.18346424492647       25.67599903689400       -1.39456196748320
N          -17.51274176595141       24.73506290899761       -0.67185880589162
C          -16.31471606810604       25.24619024989290       -0.28504400543695
N          -15.40777035735198       24.58695077108595        0.44383800845578
C          -14.29963452651129       25.23365020653468        0.73717257401275
H          -17.10737504426851       32.63310667980986       -1.89190150317683
H          -14.26068748452457       32.58853146128538       -1.12897101522443
H          -15.76627761035595       31.33763229887844       -3.43820749087175
H          -14.15559281846164       32.06536592311768       -3.46443601268193
H          -13.20942374005802       30.14216516291393       -2.28409790910233
H          -14.28562737739145       29.39629935252857       -3.47305331295448
H          -16.05557455951054       29.15980616065280       -1.84765727379768
H          -14.70435410891917       30.80296415235058        0.27195737437356
H          -16.39613184102760       30.80493613799130       -0.20590311090362
H          -12.64982135936232       29.33515913752014       -0.10689383523353
H          -17.72628248266347       27.70895375249262       -2.00650095911107
H          -19.15668677375637       25.47154339521265       -1.79417198984509
H          -13.56859139273435       24.70261197008577        1.32809771085704
H          -17.83891716865616       23.80960748199282       -0.45017820087836
H          -19.22294857134788       36.29709273052095       -1.98574112084262
H          -19.38182733523207       37.33812304696784       -0.56270992430288
H          -19.72702027803579       35.60608544245766       -0.44182279157756
H          -16.39751166816887       35.89673562862885        1.21539014641784
H          -18.06713938433982       35.35540576545956        1.43229745205805
H          -17.69931629161679       37.08541688337991        1.35575692397986
H          -15.67487785853652       36.89416813126301       -1.00036689632915
H          -16.84775569143994       37.05816814734639       -2.31392153662254
H          -16.95926878553291       38.10461215019600       -0.89011281747645
48
 energy: -73.171303840645 gnorm: 0.000075482714 xtb: 6.7.1 (edcfbbe)
C          -17.43434682385141       36.10894285005650        0.96633390173483
C          -17.62781564901759       36.09140857913613       -0.54934558234018
C          -19.09025708718927       36.35396723787724       -0.90920673737109
C          -16.71415302063390       37.10537406291210       -1.23581654696507
O          -17.37855541659881       34.75340963576237       -1.06992836042417
C          -16.18345143084109       34.15937726866284       -0.94738072818399
O          -15.19395783552241       34.63858945942707       -0.41875273240576
N          -16.22528672748997       32.93804705093238       -1.50970628102547
C          -15.11711770832214       32.01400645268690       -1.49553379789338
C          -14.83050944323528       31.43483906103194       -2.88959969820934
C          -14.24700757458341       30.05571323497436       -2.60834862610089
C          -15.11553619522019       29.54494512385163       -1.45153617744900
C          -15.37789154389446       30.79166601276594       -0.58546932366008
N          -14.51080089586532       28.46728802687769       -0.71126649687617
C          -13.29644227860645       28.48035349159549       -0.09060113513267
N          -12.99453296041385       27.37459357074883        0.51970271947469
C          -14.07291565269460       26.54615823860719        0.30901570580444
C          -15.03895733458607       27.23082633780935       -0.46632808544299
C          -16.22704667960987       26.57164303741373       -0.79114753766163
C          -17.43630575616409       26.81279381179271       -1.49341428703984
C          -18.18245580310728       25.67414362486732       -1.39459372903408
N          -17.51123254622517       24.73350670154291       -0.67196545449067
C          -16.31343561516163       25.24520474576009       -0.28519554896234
N          -15.40614363095300       24.58639973210218        0.44364943963909
C          -14.29833993751853       25.23365813129549        0.73700920363410
H          -17.10863144389674       32.63354774731929       -1.89135882331100
H          -14.26201397539463       32.58766813106173       -1.12818758915273
H          -15.76770548930287       31.33738956110929       -3.43783246961170
H          -14.15730758765327       32.06580408096622       -3.46407090766813
H          -13.21038251324822       30.14283755914993       -2.28380169118187
H          -14.28599130790929       29.39671748589457       -3.47312875757941
H          -16.05601624907131       29.15873204272345       -1.84820420088465
H          -14.70730504722049       30.80221182309896        0.27251309703269
H          -16.39857580409867       30.80383296205756       -0.20713796362656
H          -12.65065973599270       29.33606423624990       -0.10689033906881
H          -17.72629631301938       27.70734297576007       -2.00648588834036
H          -19.15560859308376       25.46923826973250       -1.79414256866450
H          -13.56702214916149       24.70296644961105        1.32790485505132
H          -17.83695480506736       23.80789295667719       -0.45028243299399
H          -19.22215589548627       36.29925335160880       -1.98592585414404
H          -19.38081644024298       37.33979253052752       -0.56250457292479
H          -19.72671528666328       35.60784602476105       -0.44234646770375
H          -16.39731133147943       35.89706526412800        1.21553108296685
H          -18.06749130670093       35.35747530837713        1.43254711051393
H          -17.69792717834648       37.08708843226666        1.35540985825814
H          -15.67392934611729       36.89408035999902       -1.00016464815022
H          -16.84630588797081       37.05779126501012       -2.31419163275853
H          -16.95788076555084       38.10510570541367       -0.89102329867967
48
 energy: -73.171305282883 gnorm: 0.000074673386 xtb: 6.7.1 (edcfbbe)
C          -17.43387359038545       36.11030370127923        0.96638494498059
C          -17.62727864516348       36.09238339584362       -0.54929764180354
C          -19.08953947469572       36.35577026449080       -0.90929085327410
C          -16.71291446529477       37.10550874676576       -1.23607541735055
O          -17.37885285272776       34.75405396894902       -1.06943274036099
C          -16.18404618372736       34.15942249487320       -0.94689268432874
O          -15.19429054245409       34.63816789139116       -0.41832961809759
N          -16.22652928970243       32.93804755081630       -1.50907378930882
C          -15.11872977889705       32.01357395036616       -1.49513427825074
C          -14.83206128578325       31.43484558566793       -2.88935589018166
C          -14.24794493560654       30.05594613853540       -2.60831262316765
C          -15.11647744364589       29.54450559874132       -1.45178361313973
C          -15.38008193209525       30.79094290165285       -0.58564493073133
N          -14.51117934926741       28.46724170778004       -0.71140079667967
C          -13.29688939137120       28.48102323899858       -0.09061571194783
N          -12.99439221710940       27.37544329832885        0.51972735773410
C          -14.07226988491410       26.54637339669354        0.30894252439653
C          -15.03865272918627       27.23048719912606       -0.46646562877308
C          -16.22637456154761       26.57065236340681       -0.79130367341976
C          -17.43577178902594       26.81115733662179       -1.49355303312923
C          -18.18131656830791       25.67211245008511       -1.39471186388640
N          -17.50957862441898       24.73183215167550       -0.67209724501403
C          -16.31204925446516       25.24417061962330       -0.28534385877549
N          -15.40440655778206       24.58586548554382        0.44351786355255
C          -14.29697570490421       25.23374325535489        0.73692039807889
H          -17.10998667860520       32.63401072538016       -1.89083372454869
H          -14.26343996414305       32.58673825434369       -1.12743696090749
H          -15.76927568784389       31.33707937867199       -3.43750441325670
H          -14.15917412231919       32.06619208974758       -3.46377547371363
H          -13.21142474095832       30.14352275547181       -2.28354805076670
H          -14.28642754900480       29.39712008055859       -3.47324344631889
H          -16.05653073263099       29.15759089432596       -1.84878144339726
H          -14.71045723502985       30.80147926483341        0.27309126793919
H          -16.40119512105691       30.80271189311274       -0.20845808218681
H          -12.65161708056501       29.33712023317310       -0.10683579620338
H          -17.72625381221510       27.70555812313951       -2.00660530949478
H          -19.15437202890181       25.46669711808734       -1.79423555662332
H          -13.56540111716860       24.70346664971049        1.32787124889719
H          -17.83480795897113       23.80605085022149       -0.45039212935808
H          -19.22128122790084       36.30175927144164       -1.98606313827261
H          -19.37975191614744       37.34150738689596       -0.56204591111341
H          -19.72638871955885       35.60963241170575       -0.44298466481765
H          -16.39710952045181       35.89724564220004        1.21570462559981
H          -18.06797008839101       35.35982246982496        1.43288737927160
H          -17.69623241974836       37.08894495622050        1.35504318174976
H          -15.67286759335058       36.89401029643145       -0.99982459791461
H          -16.84461397158635       37.05718673471372       -2.31447573012019
H          -16.95644366095582       38.10557783117126       -0.89213047056859
48
 energy: -73.171306829147 gnorm: 0.000073941219 xtb: 6.7.1 (edcfbbe)
C          -17.43331978890188       36.11174403156573        0.96648117317159
C          -17.62669303650869       36.09341682444219       -0.54920099660499
C          -19.08875123749630       36.35771415950111       -0.90934278085151
C          -16.71159282549339       37.10563440671470       -1.23633236306654
O          -17.37919139841210       34.75472925233704       -1.06885363333886
C          -16.18469348523209       34.15947042386422       -0.94637704310187
O          -15.19465298327056       34.63770170849802       -0.41787965462982
N          -16.22785634288260       32.93809047488688       -1.50848753540245
C          -15.12045600693188       32.01315063254490       -1.49479476108353
C          -14.83373989926960       31.43484414732280       -2.88915800574978
C          -14.24902700460427       30.05616459152621       -2.60830865119386
C          -15.11750885240442       29.54402271709880       -1.45204347812447
C          -15.38241677953654       30.79020944292314       -0.58591146924770
N          -14.51160365519535       28.46719662368035       -0.71152115915383
C          -13.29741405352493       28.48178706468154       -0.09056302428863
N          -12.99428387539664       27.37641626745165        0.51984531024261
C          -14.07162024239669       26.54666144304752        0.30897541403116
C          -15.03833402927214       27.23013037368214       -0.46658431212773
C          -16.22563540580092       26.56957355294191       -0.79148417141041
C          -17.43514678883036       26.80934588229065       -1.49378738421151
C          -18.18002720919274       25.66986792854644       -1.39493358167234
N          -17.50776308160176       24.73000614799320       -0.67226405513446
C          -16.31055428900589       25.24306569109346       -0.28547106637053
N          -15.40256777503677       24.58533927994134        0.44348627415394
C          -14.29556657875689       25.23391145802762        0.73698137323071
H          -17.11144520195556       32.63453808673137       -1.89032675932938
H          -14.26495117317504       32.58578818604849       -1.12677142747918
H          -15.77098424815093       31.33674345267726       -3.43719426970524
H          -14.16118739205548       32.06657947524749       -3.46354591275792
H          -13.21260965313627       30.14420078376869       -2.28334477999714
H          -14.28701936383323       29.39748550975581       -3.47337213311215
H          -16.05712129435569       29.15637127281835       -1.84935826823882
H          -14.71380768303157       30.80073410502571        0.27361291913146
H          -16.40397424251832       30.80156349569554       -0.20991779714881
H          -12.65270969185337       29.33831484619870       -0.10669775489311
H          -17.72614102866225       27.70356334315182       -2.00686901673665
H          -19.15295140019104       25.46387735777758       -1.79448025093400
H          -13.56371421212385       24.70409142743774        1.32799663421550
H          -17.83245753901657       23.80404681951283       -0.45052222326934
H          -19.22032914229872       36.30457252063384       -1.98618019679925
H          -19.37861172759023       37.34330720486015       -0.56139185678541
H          -19.72599076034808       35.61148987287929       -0.44370473405718
H          -16.39686852877904       35.89730133297733        1.21592874113596
H          -18.06853426080069       35.36241825433174        1.43331820827262
H          -17.69423847748685       37.09095918539459        1.35466466406414
H          -15.67174927915915       36.89395528041827       -0.99935411885522
H          -16.84272694023100       37.05641332579700       -2.31476540891352
H          -16.95496013427563       38.10609033825104       -0.89339467487611
48
 energy: -73.171308442434 gnorm: 0.000073652072 xtb: 6.7.1 (edcfbbe)
C          -17.43271941651271       36.11325194570676        0.96660121520346
C          -17.62605391698157       36.09448187409741       -0.54908032080406
C          -19.08791205681361       36.35974994338478       -0.90932073706029
C          -16.71017863759171       37.10575283844362       -1.23657263774169
O          -17.37952429972521       34.75542084863440       -1.06824130352917
C          -16.18534431492701       34.15950649062128       -0.94587286727942
O          -15.19500344473923       34.63718084437425       -0.41743020227638
N          -16.22922138866858       32.93813931881250       -1.50795601910116
C          -15.12226076010545       32.01268467106811       -1.49450421140639
C          -14.83554298229272       31.43477776436962       -2.88901433469428
C          -14.25020835144292       30.05632984636274       -2.60836094721166
C          -15.11864655670855       29.54355463772717       -1.45232427545650
C          -15.38486976051502       30.78948559667203       -0.58618150083473
N          -14.51209893662444       28.46720706184459       -0.71163129217742
C          -13.29803237779659       28.48267816610803       -0.09045370397199
N          -12.99425793408782       27.37756293152261        0.52010118556757
C          -14.07097461439387       26.54704046572011        0.30907544536357
C          -15.03803210301728       27.22980464904097       -0.46667665233341
C          -16.22485501927744       26.56844235754892       -0.79168405250512
C          -17.43444730818467       26.80738219298221       -1.49413082725553
C          -18.17860575760847       25.66743363070684       -1.39526299782188
N          -17.50580719841383       24.72805564641519       -0.67246210859633
C          -16.30896906822371       25.24191692204160       -0.28558188687519
N          -15.40063722579952       24.58483914665717        0.44353225934638
C          -14.29410549712339       25.23416606416220        0.73713163435896
H          -17.11296232470509       32.63509751779449       -1.88984881797374
H          -14.26651989961560       32.58476069215528       -1.12614825900675
H          -15.77282846528557       31.33636271649319       -3.43692656896999
H          -14.16332009935633       32.06687589377973       -3.46338745772780
H          -13.21388262396331       30.14482083559252       -2.28322310698749
H          -14.28773780702668       29.39779842792069       -3.47355704484562
H          -16.05781611158236       29.15511883383472       -1.84991897822612
H          -14.71729891724479       30.80002661501616        0.27415173163891
H          -16.40688633743576       30.80046374260185       -0.21142256071676
H          -12.65392813957111       29.33965902361361       -0.10651689092095
H          -17.72596868299743       27.70137596259003       -2.00730322744853
H          -19.15135892662397       25.46079472234023       -1.79489071474514
H          -13.56200548255091       24.70488347857161        1.32832206307226
H          -17.82992686166628       23.80190659374597       -0.45067207517317
H          -19.21930875947332       36.30757259937359       -1.98622383196469
H          -19.37742153601497       37.34517372849393       -0.56059112941828
H          -19.72556324661660       35.61340589968211       -0.44443548486995
H          -16.39661674084290       35.89727702780792        1.21616485568560
H          -18.06913949026806       35.36518642618534        1.43380478018933
H          -17.69204053764254       37.09308401342730        1.35430096595181
H          -15.67054477848692       36.89394215845954       -0.99879753496338
H          -16.84069119494928       37.05555248717985       -2.31503850018150
H          -16.95342410848869       38.10661475230948       -0.89474107230902
48
 energy: -73.171310069883 gnorm: 0.000073672043 xtb: 6.7.1 (edcfbbe)
C          -17.43204359760975       36.11473999822963        0.96676018822280
C          -17.62538959817319       36.09558328048755       -0.54891521017704
C          -19.08704370411040       36.36180253924395       -0.90928228842202
C          -16.70873418679867       37.10588578288047       -1.23678867794385
O          -17.37984843418012       34.75616193235706       -1.06760759273220
C          -16.18598916999429       34.15957960723758       -0.94537220763179
O          -15.19533921246675       34.63668136977657       -0.41699094877213
N          -16.23058225532634       32.93825412592113       -1.50749039349468
C          -15.12407870554419       32.01226200781093       -1.49428613325006
C          -14.83740135198140       31.43471670523920       -2.88893223458183
C          -14.25151834349534       30.05647660700198       -2.60843581469724
C          -15.11985651488019       29.54306643866077       -1.45259465243840
C          -15.38734763548277       30.78879832193238       -0.58652262556492
N          -14.51264706248740       28.46722272243115       -0.71171070253206
C          -13.29873259721787       28.48363911447487       -0.09026359310954
N          -12.99427634838057       27.37878938999090        0.52043442681895
C          -14.07037017130845       26.54748544617156        0.30929611751861
C          -15.03774805510157       27.22947598832362       -0.46673331197025
C          -16.22404960063103       26.56725950919311       -0.79189503568988
C          -17.43368605209855       26.80530017706297       -1.49457020140979
C          -18.17708178390357       25.66485425846170       -1.39570627357603
N          -17.50376337820472       24.72601336431072       -0.67269126266560
C          -16.30734176675741       25.24073398671525       -0.28566194207323
N          -15.39868848854189       24.58436718572176        0.44369410645108
C          -14.29267199170928       25.23450300843861        0.73745070502969
H          -17.11448796452773       32.63572863030419       -1.88941148499370
H          -14.26807752159273       32.58376873360174       -1.12564416145053
H          -15.77473867933190       31.33598619637414       -3.43669879989781
H          -14.16550144696946       32.06714517158583       -3.46332277797612
H          -13.21526810438836       30.14538341020215       -2.28317049014486
H          -14.28864810565680       29.39805969604070       -3.47373389375888
H          -16.05859759709477       29.15384937763816       -1.85043127991862
H          -14.72081680877231       30.79935160867511        0.27461458085852
H          -16.40981469353294       30.79940422913121       -0.21298404230199
H          -12.65526060598199       29.34109809764060       -0.10625228302887
H          -17.72573464058911       27.69904142987587       -2.00788293029955
H          -19.14963066245022       25.45751847581568       -1.79547014656162
H          -13.56030463645999       24.70577822491095        1.32880850595586
H          -17.82729084843181       23.79967256225557       -0.45084052991899
H          -19.21828900283905       36.31060879213533       -1.98625311838245
H          -19.37617699704177       37.34704940373676       -0.55974630024756
H          -19.72510097081021       35.61534373447587       -0.44513200625632
H          -16.39629170383440       35.89719678234290        1.21643651227785
H          -18.06971041168594       35.36796581143551        1.43432707053512
H          -17.68973037570295       37.09520025850643        1.35396101071069
H          -15.66931155573237       36.89394962786829       -0.99819947782663
H          -16.83861305745666       37.05469649254163       -2.31529009190315
H          -16.95187360271445       38.10715038882428       -0.89606830578270
48
 energy: -73.171311668840 gnorm: 0.000074239551 xtb: 6.7.1 (edcfbbe)
C          -17.43135933675054       36.11619441763168        0.96692087533173
C          -17.62469576226819       36.09664865180703       -0.54875020342375
C          -19.08615663376483       36.36383890489956       -0.90917371377112
C          -16.70732358911438       37.10607361474737       -1.23695300731904
O          -17.38011936917248       34.75688329370180       -1.06702063203079
C          -16.18657370947773       34.15965092904323       -0.94493808009100
O          -15.19562160096947       34.63616978782184       -0.41659361106865
N          -16.23188466308163       32.93837899530099       -1.50711002417808
C          -15.12585947972626       32.01182907895054       -1.49413346257492
C          -14.83926290042284       31.43458476994091       -2.88889770024597
C          -14.25287449543257       30.05653141874849       -2.60857390745229
C          -15.12110343348950       29.54262022962639       -1.45285516382808
C          -15.38980187634076       30.78817085126704       -0.58685246007039
N          -14.51324329709638       28.46728595900911       -0.71176338122835
C          -13.29949385204106       28.48466692215970       -0.09002192671937
N          -12.99439087120069       27.38012322846206        0.52090802194003
C          -14.06981180239752       26.54799364312850        0.30958051698021
C          -15.03750403762101       27.22918999203932       -0.46675381198113
C          -16.22325348989979       26.56608075683234       -0.79210947947322
C          -17.43289746855682       26.80316740634515       -1.49509399944607
C          -18.17550955615510       25.66221032831954       -1.39623827319027
N          -17.50168831393718       24.72394312082188       -0.67294769481536
C          -16.30571798040588       25.23956394848797       -0.28571814836971
N          -15.39675890794594       24.58394110360584        0.44392760942473
C          -14.29127244171717       25.23490505300346        0.73784825418875
H          -17.11596474512073       32.63637295297978       -1.88903803388449
H          -14.26958043794634       32.58275945734932       -1.12523845399574
H          -15.77666928172279       31.33559841604767       -3.43649921566479
H          -14.16766219027749       32.06729771044039       -3.46332509616723
H          -13.21668530354195       30.14581336889938       -2.28321583942589
H          -14.28966651083579       29.39821723453116       -3.47396668613187
H          -16.05944714195742       29.15263599941672       -1.85087018078233
H          -14.72426883821592       30.79874938832461        0.27505440998276
H          -16.41270274385331       30.79848670311803       -0.21449176088151
H          -12.65665843988771       29.34260535253269       -0.10594331373154
H          -17.72545978723969       27.69662785986584       -2.00860268517425
H          -19.14781984506379       25.45413579574716       -1.79619779002317
H          -13.55868231325718       24.70679052712262        1.32947504137720
H          -17.82461208550793       23.79740618121597       -0.45103779598225
H          -19.21725207171802       36.31354629699723       -1.98620250454296
H          -19.37493256529666       37.34893284663583       -0.55889857665662
H          -19.72459993249662       35.61728089716673       -0.44571329456027
H          -16.39594970835872       35.89713222938219        1.21667906263666
H          -18.07020302662440       35.37065089573095        1.43483400457071
H          -17.68745831488373       37.09724460976899        1.35368465546659
H          -15.66810735996752       36.89399435488853       -0.99760580062381
H          -16.83660571323994       37.05394527496711       -2.31548311549382
H          -16.95033277398405       38.10772924516374       -0.89728362590306
48
 energy: -73.171313216424 gnorm: 0.000073764955 xtb: 6.7.1 (edcfbbe)
C          -17.43063094627654       36.11753316841249        0.96709724113393
C          -17.62401121590822       36.09770857978496       -0.54856511549432
C          -19.08530030326908       36.36576887294344       -0.90904919125161
C          -16.70593092296303       37.10627799553038       -1.23707891989210
O          -17.38033854114030       34.75764563704954       -1.06648268021178
C          -16.18709758679770       34.15977189152513       -0.94455205664048
O          -15.19584855527581       34.63572611059394       -0.41625509726276
N          -16.23309986992860       32.93856338653820       -1.50681218739449
C          -15.12755348443413       32.01144890350642       -1.49405500418750
C          -14.84110163020256       31.43444883517844       -2.88893177765116
C          -14.25428235076892       30.05656301192233       -2.60871261263364
C          -15.12238433631175       29.54219203568186       -1.45308708993834
C          -15.39214773942832       30.78762220743653       -0.58720723650337
N          -14.51388612568517       28.46736944075936       -0.71177382200562
C          -13.30032130113179       28.48573106594221       -0.08970049646046
N          -12.99456095324471       27.38148503695771        0.52144230731453
C          -14.06932755537685       26.54854701956623        0.30996115467329
C          -15.03730446268731       27.22892552259145       -0.46673473566563
C          -16.22248079495572       26.56491014574933       -0.79232369496244
C          -17.43209634717309       26.80101855706079       -1.49568537490993
C          -18.17391600211046       25.65954382811437       -1.39685827924867
N          -17.49962486334192       24.72187500212963       -0.67322863410352
C          -16.30413139567386       25.23841399958491       -0.28574784561462
N          -15.39489963359445       24.58355949604638        0.44425061630109
C          -14.28996197204180       25.23536592715680        0.73837214649364
H          -17.11735667497645       32.63706553173584       -1.88873491351720
H          -14.27098657666038       32.58181204203918       -1.12494263984817
H          -15.77858593820313       31.33522704868479       -3.43635993692314
H          -14.16976845057378       32.06738224383886       -3.46342949896009
H          -13.21812799502128       30.14615396159388       -2.28331961422411
H          -14.29082676181674       29.39831882147905       -3.47416570267501
H          -16.06037150979926       29.15147769005800       -1.85122523944665
H          -14.72756094602592       30.79823354894620        0.27543009025835
H          -16.41545670042002       30.79768538410676       -0.21596203387248
H          -12.65812125174720       29.34414798584096       -0.10556022796884
H          -17.72515214222742       27.69418497940942       -2.00942477018292
H          -19.14596470645139       25.45071349446098       -1.79705957825739
H          -13.55714636502466       24.70786088682073        1.33026335449824
H          -17.82195002902237       23.79514530968565       -0.45125565237197
H          -19.21629581316873       36.31627419534052       -1.98612588780518
H          -19.37369282251741       37.35074285492802       -0.55812978751111
H          -19.72412561406323       35.61917323328696       -0.44617114600876
H          -16.39553254188555       35.89708567006225        1.21692914030953
H          -18.07054712444818       35.37310906591597        1.43531643807453
H          -17.68528622463350       37.09911002845013        1.35347178588386
H          -15.66689427653298       36.89405547463459       -0.99707309085286
H          -16.83470739443649       37.05335628558093       -2.31563397525319
H          -16.94880325060508       38.10826858933190       -0.89831872623331
48
 energy: -73.171314717497 gnorm: 0.000074182583 xtb: 6.7.1 (edcfbbe)
C          -17.42989335897775       36.11877215394590        0.96727374725322
C          -17.62331274829003       36.09871649071468       -0.54837975990717
C          -19.08443852722504       36.36762435688851       -0.90888642282482
C          -16.70463312936535       37.10656312553125       -1.23714750119837
O          -17.38049551755555       34.75839199473659       -1.06602391855300
C          -16.18754670214065       34.15990923500859       -0.94424688842528
O          -15.19601440799480       34.63531048137177       -0.41598321454776
N          -16.23422129530945       32.93877305321545       -1.50660519236748
C          -15.12915737440181       32.01109522075564       -1.49404615344512
C          -14.84287993701837       31.43426775761132       -2.88900815869646
C          -14.25572362363766       30.05651087356176       -2.60889623779970
C          -15.12366386468302       29.54180433458798       -1.45328302951773
C          -15.39440928687086       30.78715451355708       -0.58755779131897
N          -14.51456134435901       28.46748289991843       -0.71173641699724
C          -13.30119310434849       28.48682155063757       -0.08931161707240
N          -12.99481019008130       27.38289036906490        0.52208813898160
C          -14.06890635050567       26.54913595062717        0.31040819236348
C          -15.03714897731156       27.22869496910153       -0.46667303645128
C          -16.22173765804915       26.56376473123475       -0.79253212190472
C          -17.43129181572392       26.79887450762512       -1.49633358017994
C          -18.17231757213773       25.65688077459351       -1.39755070739308
N          -17.49758571800123       24.71982628824238       -0.67353629408010
C          -16.30258849918917       25.23729413998686       -0.28576205770922
N          -15.39310970824058       24.58321826153736        0.44462828031371
C          -14.28872717647635       25.23586753850415        0.73896911729400
H          -17.11865508974482       32.63777278640669       -1.88851096683188
H          -14.27228991311369       32.58091170652918       -1.12478305974676
H          -15.78045459991678       31.33485370268148       -3.43624401449828
H          -14.17178850839087       32.06736856760885       -3.46360578953302
H          -13.21959230772853       30.14636293122757       -2.28350273270421
H          -14.29208748401820       29.39830770135267       -3.47439009017994
H          -16.06133335260612       29.15040349043784       -1.85148499993615
H          -14.73070378522453       30.79780246247695        0.27575341410251
H          -16.41809456763123       30.79703387283904       -0.21734271578282
H          -12.65962382403126       29.34571279814259       -0.10510465766125
H          -17.72481912929482       27.69173355994867       -2.01033747627319
H          -19.14408253495203       25.44728080137223       -1.79803814572948
H          -13.55571643843209       24.70898943521784        1.33117650924356
H          -17.81931617741925       23.79290452763853       -0.45150449466775
H          -19.21536772814181       36.31876891916231       -1.98600107831485
H          -19.37244889127773       37.35252578052491       -0.55744456339660
H          -19.72360864486984       35.62104194386811       -0.44646098997770
H          -16.39506079229702       35.89711013539981        1.21713613002751
H          -18.07073600894732       35.37530637134000        1.43574490661013
H          -17.68328329706687       37.10079907290869        1.35334079780543
H          -15.66576532543069       36.89412495423536       -0.99660942871945
H          -16.83300072230140       37.05298153750221       -2.31572152040299
H          -16.94730298925167       38.10885737261263       -0.89913240825287
48
 energy: -73.171316198747 gnorm: 0.000074740677 xtb: 6.7.1 (edcfbbe)
C          -17.42912593850458       36.11990073152015        0.96744160188051
C          -17.62261627660663       36.09970900090522       -0.54820090882930
C          -19.08360465724771       36.36940315056317       -0.90868174135500
C          -16.70336037429759       37.10689508056520       -1.23716644504954
O          -17.38059220200388       34.75916759316704       -1.06564991590295
C          -16.18792854327441       34.16008729441059       -0.94402317147456
O          -15.19612011363938       34.63494545743293       -0.41578830380481
N          -16.23526239980244       32.93902606015769       -1.50648969665003
C          -15.13068908992866       32.01077288349701       -1.49410930570653
C          -14.84463950456705       31.43404757425197       -2.88913980755121
C          -14.25719398440197       30.05640668940967       -2.60908155785433
C          -15.12497529266890       29.54144359070902       -1.45344598692508
C          -15.39657736640204       30.78676558452208       -0.58791576580232
N          -14.51528500475596       28.46762635570190       -0.71164888168938
C          -13.30212862778231       28.48795221392219       -0.08884281765717
N          -12.99512986421215       27.38434021485282        0.52282535062989
C          -14.06854891684282       26.54976595788958        0.31093256925909
C          -15.03703614853613       27.22849024570068       -0.46657363951846
C          -16.22101682787061       26.56262980691166       -0.79274039328974
C          -17.43048158994560       26.79672002769496       -1.49703474866690
C          -18.17070340377868       25.65419956963510       -1.39831586110434
N          -17.49555074485822       24.71777476128462       -0.67387869086052
C          -16.30107521456813       25.23619103837176       -0.28576175082181
N          -15.39137111998925       24.58290972835315        0.44506110722005
C          -14.28756110020777       25.23641489364834        0.73965398294015
H          -17.11987397410223       32.63851915683444       -1.88837367636894
H          -14.27350837730344       32.58004167722775       -1.12472329095962
H          -15.78231866274260       31.33447999396337       -3.43617020619635
H          -14.17376063064082       32.06725885820193       -3.46386411875201
H          -13.22106356105196       30.14646368187759       -2.28373205844785
H          -14.29345354031724       29.39821475497418       -3.47458691862366
H          -16.06236769756346       29.14938931475326       -1.85165407410643
H          -14.73370474510752       30.79746401921615        0.27603413326103
H          -16.42061812463104       30.79652570411271       -0.21868070681873
H          -12.66119330135220       29.34731963765200       -0.10456369796324
H          -17.72446498194248       27.68926062179333       -2.01133135996013
H          -19.14216156458128       25.44381175852342       -1.79913392829289
H          -13.55436600749031       24.71017285743519        1.33219833735771
H          -17.81668193673103       23.79065776344839       -0.45179620557208
H          -19.21450482699370       36.32103746379244       -1.98581933539918
H          -19.37121344717794       37.35428437356153       -0.55685403476912
H          -19.72311592869502       35.62290593171539       -0.44658889764651
H          -16.39452015204217       35.89720346511218        1.21731527398160
H          -18.07073758151827       35.37723561522876        1.43611933619925
H          -17.68143920759529       37.10228870206662        1.35328915625606
H          -15.66463249538885       36.89420532460118       -0.99624634479912
H          -16.83144683661604       37.05283730478435       -2.31575027386888
H          -16.94577811170515       38.10943651803982       -0.89971232893059
48
 energy: -73.171317711239 gnorm: 0.000075187788 xtb: 6.7.1 (edcfbbe)
C          -17.42830525934015       36.12094613693662        0.96762062438354
C          -17.62188593767580       36.10070254056317       -0.54800973840540
C          -19.08274266838107       36.37116395974601       -0.90844988101603
C          -16.70211539098859       37.10730490636441       -1.23713898286265
O          -17.38063279247910       34.75998309848021       -1.06535320446427
C          -16.18825680832417       34.16029973252249       -0.94387611656326
O          -15.19617119799628       34.63460923217900       -0.41566976516971
N          -16.23625444749824       32.93931841037813       -1.50646191228782
C          -15.13218972586842       32.01046931056086       -1.49424314792065
C          -14.84641231101431       31.43378625442029       -2.88932809426949
C          -14.25874923897621       30.05624049068215       -2.60929128921964
C          -15.12634300140163       29.54110758840574       -1.45357200585041
C          -15.39874487685997       30.78644444118901       -0.58828006073722
N          -14.51607450213778       28.46780840655922       -0.71149557666373
C          -13.30315254553451       28.48915575295531       -0.08826735558327
N          -12.99552952808917       27.38587404365575        0.52368400523586
C          -14.06823999952080       26.55045007759365        0.31154372567161
C          -15.03696304558895       27.22831017132390       -0.46642365404173
C          -16.22029722680307       26.56147774109526       -0.79294982136467
C          -17.42964106697402       26.79449930310036       -1.49780555458403
C          -18.16902690892586       25.65143001090700       -1.39917510037396
N          -17.49346366263021       24.71566749925026       -0.67426485587590
C          -16.29954347142082       25.23507161716920       -0.28575789240673
N          -15.38962881631032       24.58261933650024        0.44554539471438
C          -14.28642178915388       25.23701353780005        0.74042653274588
H          -17.12104826360176       32.63931297233222       -1.88832024839654
H          -14.27467752052762       32.57919276791390       -1.12478064810298
H          -15.78420479979135       31.33407677029407       -3.43613759563478
H          -14.17572656438767       32.06705259675709       -3.46421813672902
H          -13.22260720303896       30.14646742853619       -2.28402083409853
H          -14.29495995780381       29.39802767556780       -3.47478306398877
H          -16.06348153811265       29.14840983777894       -1.85173728263256
H          -14.73667987170825       30.79720888432905        0.27628575986951
H          -16.42312811847036       30.79612955535703       -0.21998952514422
H          -12.66286946030815       29.34901243598611       -0.10390812623174
H          -17.72408221689572       27.68670499652197       -2.01242132283189
H          -19.14015203264414       25.44021969292224       -1.80036729794919
H          -13.55305484318789       24.71143730764296        1.33334889881666
H          -17.81397727639779       23.78834869894667       -0.45213462771352
H          -19.21367060473863       36.32315212927862       -1.98560060227869
H          -19.36991238861548       37.35607391896621       -0.55634616577938
H          -19.72258438605327       35.62482587177604       -0.44655666034008
H          -16.39388199323755       35.89737359933164        1.21746862906058
H          -18.07055159617637       35.37892708492023        1.43644808625243
H          -17.67971627106127       37.10362119940008        1.35332591599969
H          -15.66351458446996       36.89427791191435       -0.99597095664660
H          -16.83003289615935       37.05293988995830       -2.31572936986450
H          -16.94419939270142       38.11005317722453       -0.90006109773059
48
 energy: -73.171319325807 gnorm: 0.000075743101 xtb: 6.7.1 (edcfbbe)
C          -17.42740001323674       36.12195006854363        0.96779473133903
C          -17.62110195630693       36.10174678203518       -0.54781956931590
C          -19.08184062834769       36.37298611850676       -0.90815495081029
C          -16.70082074180512       37.10781069809197       -1.23705271457561
O          -17.38062245138953       34.76088115560605       -1.06513847067210
C          -16.18854870268603       34.16056598293309       -0.94381799265269
O          -15.19617591100525       34.63429278839379       -0.41562843082745
N          -16.23724697167998       32.93967169719645       -1.50653212203528
C          -15.13373388079273       32.01017655759267       -1.49445794535283
C          -14.84828015567457       31.43346043225549       -2.88957271510671
C          -14.26043823586352       30.05599917047262       -2.60951766920240
C          -15.12782662345732       29.54077190155868       -1.45366713970793
C          -15.40098821623213       30.78617713429657       -0.58867998001408
N          -14.51696130554765       28.46803058955650       -0.71127050319233
C          -13.30430544433600       28.49047789792371       -0.08756311988088
N          -12.99602486465279       27.38755370055248        0.52470208433402
C          -14.06796685642153       26.55121561140224        0.31227135462052
C          -15.03692232705951       27.22814056332199       -0.46622188007793
C          -16.21954625890743       26.56025708486134       -0.79317105287751
C          -17.42873695801122       26.79212191699363       -1.49867030122717
C          -18.16721916964887       25.64845818741187       -1.40015957265486
N          -17.49123372352221       24.71341297175534       -0.67471738342997
C          -16.29792966808159       25.23388815584377       -0.28574806475814
N          -15.38780912342426       24.58233286577684        0.44610075581570
C          -14.28526345847596       25.23768840296772        0.74132465457283
H          -17.12223432017745       32.64019800759582       -1.88836087767986
H          -14.27585461377158       32.57832422307778       -1.12495744870351
H          -15.78620526991825       31.33363106146185       -3.43613241897337
H          -14.17777680121576       32.06673550926551       -3.46466658011320
H          -13.22426893665798       30.14636473229313       -2.28436295396975
H          -14.29665768269055       29.39772878241148       -3.47496528529910
H          -16.06472714740073       29.14741635944917       -1.85173700653839
H          -14.73974533649912       30.79702910420432        0.27651140357919
H          -16.42571755723105       30.79584134066079       -0.22135074515269
H          -12.66472737551761       29.35086328293884       -0.10310044535703
H          -17.72365615775641       27.68396315884872       -2.01364408824059
H          -19.13796872621096       25.43635560491960       -1.80178977044077
H          -13.55172231280413       24.71282897361895        1.33466607576402
H          -17.81108296614564       23.78587485324789       -0.45254690799375
H          -19.21283421610246       36.32520362883087       -1.98530674692337
H          -19.36851644272895       37.35798132720907       -0.55588663172265
H          -19.72202660230381       35.62688636118785       -0.44635137613988
H          -16.39312378147659       35.89763156544506        1.21758115395020
H          -18.07016082432218       35.38044369014402        1.43672444662416
H          -17.67804846176948       37.10484023411480        1.35344661705283
H          -15.66233050719087       36.89435325258550       -0.99578706497171
H          -16.82869720933461       37.05330654849843       -2.31564052566788
H          -16.94247310418979       38.11072996613470       -0.90017482439701
48
 energy: -73.171321128677 gnorm: 0.000076224649 xtb: 6.7.1 (edcfbbe)
C          -17.42635462726249       36.12294799435768        0.96798702191987
C          -17.62021706425286       36.10288876143982       -0.54760862308331
C          -19.08083767861038       36.37496315874031       -0.90779616427905
C          -16.69942789829427       37.10843894485245       -1.23691173175395
O          -17.38055559312146       34.76190587132408       -1.06499712455720
C          -16.18881597657692       34.16089174373572       -0.94384720620345
O          -15.19612765193359       34.63397395317623       -0.41567344347377
N          -16.23828613459543       32.94009631489678       -1.50671056869799
C          -15.13539439686341       32.00987346693420       -1.49477115590279
C          -14.85033547243842       31.43305565854066       -2.88990108402981
C          -14.26235482486111       30.05567400817445       -2.60977364997002
C          -15.12950348592705       29.54043026074358       -1.45372768285320
C          -15.40343194094625       30.78595778929204       -0.58912386575951
N          -14.51799653385509       28.46831458730918       -0.71094934988343
C          -13.30565372952138       28.49199504757872       -0.08667843260690
N          -12.99664661634259       27.38947029374057        0.52594052331276
C          -14.06771724708746       26.55210445243868        0.31315407493650
C          -15.03691645297568       27.22798073347072       -0.46594899230330
C          -16.21872784758263       26.55891098008357       -0.79341136527438
C          -17.42772347956445       26.78947012029978       -1.49967287088025
C          -18.16518627430138       25.64513447718743       -1.40132260454738
N          -17.48874494749768       24.71089759469208       -0.67526404668775
C          -16.29614947514163       25.23258157416748       -0.28573664737046
N          -15.38581649913145       24.58203518806263        0.44674805535162
C          -14.28402478028718       25.23847304225260        0.74238734162008
H          -17.12348868496155       32.64121147653079       -1.88850405289466
H          -14.27709786051856       32.57739071743492       -1.12526555101138
H          -15.78841556983988       31.33310860563560       -3.43617272921374
H          -14.18001123531989       32.06628525131427       -3.46525492044326
H          -13.22614228920950       30.14615646034736       -2.28477839107932
H          -14.29863694696236       29.39730501831721       -3.47514337413446
H          -16.06616829160950       29.14636573892608       -1.85164381835161
H          -14.74306495353811       30.79692600917378        0.27673242441442
H          -16.42852940659417       30.79565042166391       -0.22281911280060
H          -12.66686630631550       29.35297251766732       -0.10208746144054
H          -17.72316702419655       27.68089970763357       -2.01505932601590
H          -19.13549815004523       25.43202418530418       -1.80347730772069
H          -13.55030356925157       24.71442112671715        1.33621975843609
H          -17.80784770297237       23.78311035215082       -0.45306166332174
H          -19.21196131780496       36.32729267630684       -1.98493674787336
H          -19.36693561035648       37.36010271927044       -0.55546247268095
H          -19.72139235292378       35.62919981093643       -0.44596035328818
H          -16.39219453643350       35.89798668825782        1.21767178007958
H          -18.06952810492685       35.38183784218046        1.43697330564986
H          -17.67635502447630       37.10598844761477        1.35367261009438
H          -15.66104115597655       36.89442430103000       -0.99569370283943
H          -16.82738834201499       37.05397656138845       -2.31549153787542
H          -16.94051893476197       38.11149735070096       -0.90004776171613
48
 energy: -73.171323230964 gnorm: 0.000077012489 xtb: 6.7.1 (edcfbbe)
C          -17.42510197627462       36.12399409908955        0.96819824535520
C          -17.61917920942207       36.10420031707593       -0.54737268009083
C          -19.07968053059005       36.37721297408459       -0.90733702195667
C          -16.69784709828538       37.10923568899896       -1.23670015768054
O          -17.38043120723170       34.76312517174240       -1.06493749027164
C          -16.18907800107717       34.16130434666970       -0.94398285132231
O          -15.19602880602379       34.63363849451761       -0.41581867305879
N          -16.23943843678065       32.94062487762449       -1.50702084651095
C          -15.13727516201527       32.00954953980722       -1.49520608305085
C          -14.85270316376950       31.43253631537297       -2.89032649006783
C          -14.26461353063206       30.05523392254549       -2.61006923988416
C          -15.13147698943860       29.54005979900138       -1.45375154804634
C          -15.40622137710727       30.78577954382127       -0.58964414673192
N          -14.51924604205444       28.46867837751440       -0.71050268448966
C          -13.30728405529042       28.49380060659661       -0.08554751589953
N          -12.99743559627725       27.39173976127076        0.52748190181409
C          -14.06747834653241       26.55317038663517        0.31425079253581
C          -15.03694543464268       27.22782037240412       -0.46558467569615
C          -16.21779122922415       26.55735822060259       -0.79368435363628
C          -17.42653833082039       26.78638665253774       -1.50086969055816
C          -18.16280096324589       25.64125878609067       -1.40273880272300
N          -17.48584203819835       24.70796775886329       -0.67594654445468
C          -16.29409226570755       25.23107114213289       -0.28572837522535
N          -15.38352801095060       24.58170524843840        0.44751942706631
C          -14.28263186508688       25.23941330820520        0.74367880436943
H          -17.12488990332948       32.64241944266122       -1.88877069806975
H          -14.27848413848799       32.57634611410612       -1.12573703905020
H          -15.79096929865409       31.33246746419754       -3.43625502216198
H          -14.18256579939864       32.06566241682831       -3.46601253866821
H          -13.22833996259159       30.14582184204102       -2.28528442361590
H          -14.30101551133186       29.39671222230473       -3.47531782966220
H          -16.06789520062336       29.14519327119562       -1.85144494766307
H          -14.74683696595333       30.79690714279513        0.27695570212744
H          -16.43172950853092       30.79555433437049       -0.22448655051791
H          -12.66942463387517       29.35547216091462       -0.10078827922366
H          -17.72258642781853       27.67733562123550       -2.01674103367272
H          -19.13258610705544       25.42696583803914       -1.80553635712205
H          -13.54871077789859       24.71630352858533        1.33809473015714
H          -17.80406989400633       23.77988538698438       -0.45372304653074
H          -19.21100517527046       36.32953039901030       -1.98445233939704
H          -19.36507058453002       37.36257397974569       -0.55504863947774
H          -19.72065603465985       35.63191409963036       -0.44533366650450
H          -16.39102693954525       35.89846908995676        1.21772352531726
H          -18.06859513332227       35.38316633933646        1.43719067400980
H          -17.67454711741987       37.10712090347908        1.35402108631505
H          -15.65955822479535       36.89448914140566       -0.99570693179132
H          -16.82604801302967       37.05501678706189       -2.31526273268765
H          -16.93819898117491       38.11240676646584       -0.89964294089944
48
 energy: -73.171325736600 gnorm: 0.000077544014 xtb: 6.7.1 (edcfbbe)
C          -17.42356893476845       36.12512038538733        0.96843862025780
C          -17.61793370867611       36.10574334882958       -0.54710087984791
C          -19.07830632889887       36.37985685545871       -0.90675529482169
C          -16.69600886911307       37.11024568417988       -1.23641169898471
O          -17.38024042088404       34.76460005306096       -1.06496873893771
C          -16.18934993826263       34.16181618708234       -0.94423815656208
O          -15.19587122274980       34.63326305127091       -0.41608971958192
N          -16.24076253646249       32.94128020435411       -1.50749599506453
C          -15.13947303961187       32.00918346019989       -1.49579774254278
C          -14.85550487409068       31.43187018024683       -2.89088437930091
C          -14.26732697466743       30.05465777717624       -2.61040443525511
C          -15.13384946552903       29.53964581335743       -1.45372603560784
C          -15.40950171982362       30.78564192982360       -0.59026234527106
N          -14.52077884159141       28.46914855852718       -0.70988571110429
C          -13.30928513895083       28.49599085308386       -0.08409259930222
N          -12.99844018407835       27.39448177154278        0.52942502176957
C          -14.06723829151616       26.55446684943995        0.31562049253550
C          -15.03701309721009       27.22765696645283       -0.46509783978789
C          -16.21668902681872       26.55552732651479       -0.79399699430015
C          -17.42512133839049       26.78272694328827       -1.50231049893558
C          -18.15994091768564       25.63664621238498       -1.40447612728517
N          -17.48237268672147       24.70447904416412       -0.67681021085589
C          -16.29165011859726       25.22928185662248       -0.28573223143532
N          -15.38082157322121       24.58132066736050        0.44843206553942
C          -14.28100978241460       25.24054848821702        0.74524735495162
H          -17.12650952803808       32.64387862235522       -1.88919018007776
H          -14.28008816212956       32.57513513289739       -1.12640744903718
H          -15.79399863710402       31.33166103035230       -3.43639518212294
H          -14.18557142977169       32.06482392215969       -3.46699909901561
H          -13.23097236488577       30.14534810261994       -2.28588860392412
H          -14.30390716443975       29.39591383354845       -3.47547599135526
H          -16.06999612846943       29.14384186785212       -1.85111745428301
H          -14.75125733957752       30.79698684960713        0.27719735170679
H          -16.43548409332395       30.79556028438320       -0.22643527471850
H          -12.67253778443267       29.35849233517192       -0.09911537941184
H          -17.72188595234135       27.67310596982542       -2.01875443046327
H          -19.12908261021538       25.42093813403030       -1.80806754658911
H          -13.54686274928371       24.71855448039650        1.34036372461917
H          -17.79954963963607       23.77603752576094       -0.45458592689655
H          -19.20992829588825       36.33202986169301       -1.98382818342134
H          -19.36282015256166       37.36552821537518       -0.55462654072959
H          -19.71976973429409       35.63517876750208       -0.44442893611178
H          -16.38954875524523       35.89909781067136        1.21773673191159
H          -18.06729251556370       35.38446337130529        1.43738525253394
H          -17.67253733494262       37.10826556168914        1.35451950870644
H          -15.65781773839383       36.89454482739189       -0.99584698190244
H          -16.82462935942928       37.05651165846213       -2.31494766392421
H          -16.93539349927990       38.11350137091748       -0.89891766476685
48
 energy: -73.171326511008 gnorm: 0.000079043298 xtb: 6.7.1 (edcfbbe)
C          -17.42306209932293       36.12589598724210        0.96833788919716
C          -17.61770272323279       36.10624922555362       -0.54716142677981
C          -19.07807824503256       36.38059773534308       -0.90662161334055
C          -16.69570071067152       37.11044262342144       -1.23682897163347
O          -17.38037471563859       34.76495180826677       -1.06481092233946
C          -16.18963650970028       34.16188895823095       -0.94399519049337
O          -15.19600202067754       34.63323221450894       -0.41605144402877
N          -16.24129622266430       32.94132837399585       -1.50717698112809
C          -15.14010486103592       32.00911502611513       -1.49556892769018
C          -14.85633295524641       31.43176496725435       -2.89067961258281
C          -14.26806425311151       30.05458336041471       -2.61025214623104
C          -15.13441476032932       29.53954507266063       -1.45345755030852
C          -15.41007366498883       30.78556542402792       -0.59001599927539
N          -14.52108807826885       28.46914089300723       -0.70968816386489
C          -13.30958411622187       28.49623188734444       -0.08393603396951
N          -12.99843777440445       27.39475033428502        0.52947242295616
C          -14.06698758514353       26.55445512981759        0.31556343845062
C          -15.03696205976381       27.22746809206138       -0.46505679488545
C          -16.21641674419316       26.55501722126312       -0.79407778808254
C          -17.42488119265293       26.78192340128710       -1.50241897266918
C          -18.15934870147121       25.63560693231173       -1.40475463054600
N          -17.48152656294516       24.70356259301300       -0.67717174414308
C          -16.29098445819473       25.22868140072784       -0.28599155191710
N          -15.37997812123354       24.58090389028458        0.44810763857341
C          -14.28037041043363       25.24041741136885        0.74501582686561
H          -17.12711791459590       32.64403281057631       -1.88878007238243
H          -14.28064075092473       32.57501553906419       -1.12628862746562
H          -15.79489084604777       31.33153890814055       -3.43607952993988
H          -14.18647293686567       32.06471664474809       -3.46688359480846
H          -13.23167368753535       30.14533383092900       -2.28586701429389
H          -14.30472071007379       29.39581481627055       -3.47530404171592
H          -16.07055948774198       29.14362682724964       -1.85073569270113
H          -14.75176750108699       30.79695950687560        0.27739203428440
H          -16.43602530045657       30.79546096140431       -0.22610592995437
H          -12.67306778184486       29.35890301658104       -0.09888438657154
H          -17.72189120270173       27.67226705923798       -2.01877947844041
H          -19.12840028707015       25.41964584999453       -1.80841716061799
H          -13.54607854816248       24.71856215227139        1.34007269494480
H          -17.79842494716243       23.77499513095615       -0.45508084789226
H          -19.20993749654965       36.33234600695037       -1.98364785364779
H          -19.36224672012908       37.36649794924901       -0.55486085131468
H          -19.71964424238558       35.63629722638129       -0.44383659147903
H          -16.38897923342704       35.89996975275011        1.21748880991810
H          -18.06666887432200       35.38526773195971        1.43751263892065
H          -17.67202601988647       37.10909599953882        1.35431195656960
H          -15.65749977353449       36.89444766728463       -0.99657915339265
H          -16.82466944118599       37.05670174388883       -2.31532585604520
H          -16.93468674971162       38.11378290788511       -0.89930220111233
48
 energy: -73.171327414650 gnorm: 0.000077619074 xtb: 6.7.1 (edcfbbe)
C          -17.42245266470067       36.12662574644314        0.96822301060808
C          -17.61741507566330       36.10681762762615       -0.54723129004540
C          -19.07780527195281       36.38143075365937       -0.90642975324462
C          -16.69536178522398       37.11074859312349       -1.23722143486857
O          -17.38045163514085       34.76541596149099       -1.06479696856098
C          -16.18984670246959       34.16208340525732       -0.94402491981546
O          -15.19607540343162       34.63323476753732       -0.41616497998009
N          -16.24185184140389       32.94141574853187       -1.50695333354530
C          -15.14079735775869       32.00903708386053       -1.49539588097119
C          -14.85726182796563       31.43159411381704       -2.89051549498765
C          -14.26894410325905       30.05444286487873       -2.61006926609092
C          -15.13509525856710       29.53946545936829       -1.45308929066509
C          -15.41074581602296       30.78555554178381       -0.58973653776758
N          -14.52151252913315       28.46918899913626       -0.70934216786385
C          -13.31002416153447       28.49659823107969       -0.08357809730768
N          -12.99848929287660       27.39512126954206        0.52963951437935
C          -14.06673846687193       26.55448640169122        0.31558106119209
C          -15.03693824871043       27.22728301373543       -0.46494678157514
C          -16.21611446404650       26.55443642128106       -0.79415432152211
C          -17.42461511024571       26.78099590809437       -1.50253892592741
C          -18.15864377083598       25.63437737483103       -1.40512892112576
N          -17.48051427391598       24.70247208884976       -0.67765373852877
C          -16.29020566759864       25.22798255831713       -0.28630526046326
N          -15.37898912648068       24.58041877742714        0.44772025835928
C          -14.27964348560937       25.24029043940821        0.74478758605105
H          -17.12776471477577       32.64424829826792       -1.88844380184948
H          -14.28121415579778       32.57485884348493       -1.12626928588806
H          -15.79590693714199       31.33132604169879       -3.43575547218457
H          -14.18749219652441       32.06450496287778       -3.46687282088946
H          -13.23250531330058       30.14523340057967       -2.28584437911564
H          -14.30571740503117       29.39560052693251       -3.47506128005086
H          -16.07126136393900       29.14341065595956       -1.85017579059436
H          -14.75241810974122       30.79703498402370        0.27765314960932
H          -16.43668702367900       30.79546666833075       -0.22580430023577
H          -12.67380060450641       29.35948644247252       -0.09839756490788
H          -17.72192696652090       27.67131033775726       -2.01877456630144
H          -19.12757917985144       25.41810867184340       -1.80889998037753
H          -13.54517824053748       24.71859403961163        1.33976842699942
H          -17.79706796717491       23.77374302978645       -0.45575092683232
H          -19.20998769961303       36.33251439692219       -1.98338751405796
H          -19.36151424023312       37.36767068272863       -0.55525133595222
H          -19.71950755815196       35.63767149751481       -0.44296797394448
H          -16.38825420559393       35.90100860560023        1.21717811925570
H          -18.06575001065306       35.38583611744249        1.43757933684369
H          -17.67163841562828       37.10977748138026        1.35418840118889
H          -15.65712759868216       36.89430059648101       -0.99752456619044
H          -16.82489822139484       37.05724667983984       -2.31566238800564
H          -16.93376853008960       38.11412789168683       -0.89939755125619
48
 energy: -73.171328521715 gnorm: 0.000074609549 xtb: 6.7.1 (edcfbbe)
C          -17.42168275674229       36.12736839232897        0.96806665557203
C          -17.61702952534435       36.10750110530943       -0.54733579356557
C          -19.07745538649096       36.38240782279231       -0.90616559263417
C          -16.69493331789423       37.11118139011450       -1.23763071261147
O          -17.38048755250034       34.76599314776999       -1.06483070214707
C          -16.19004378508513       34.16233609295831       -0.94409917867648
O          -15.19603522266847       34.63335186444586       -0.41655731137644
N          -16.24248778837429       32.94152230584419       -1.50667945922613
C          -15.14157875569118       32.00896747470403       -1.49530239674486
C          -14.85838733301201       31.43132543970344       -2.89040610584350
C          -14.27005447896205       30.05420422384987       -2.60987011115488
C          -15.13595538638727       29.53940587232741       -1.45260778221932
C          -15.41158479320251       30.78564073196663       -0.58945775515991
N          -14.52209791760294       28.46931955279674       -0.70880734260700
C          -13.31065528521624       28.49715875754811       -0.08296436114080
N          -12.99863153789669       27.39568619599137        0.53001789472588
C          -14.06646788002610       26.55458963002287        0.31568653429641
C          -15.03693698150861       27.22709885469270       -0.46476174489968
C          -16.21575111164402       26.55374075323511       -0.79423972828802
C          -17.42429832440470       26.77986658221208       -1.50269270367825
C          -18.15776103585620       25.63285010762374       -1.40564207016699
N          -17.47923418947344       24.70110725989389       -0.67832733499021
C          -16.28922851092803       25.22712424909469       -0.28672175503634
N          -15.37774978613449       24.57982791176874        0.44722070326149
C          -14.27875633938966       25.24017976997047        0.74455095808707
H          -17.12851878171838       32.64451219875926       -1.88801425495952
H          -14.28181695540883       32.57465349273259       -1.12637501701066
H          -15.79717096335191       31.33098554719710       -3.43539150998740
H          -14.18875063657591       32.06414350585268       -3.46701828379936
H          -13.23354640875738       30.14500104970300       -2.28585718447144
H          -14.30701937903884       29.39522057999491       -3.47474434468883
H          -16.07217070919491       29.14317360552352       -1.84940156155256
H          -14.75331991142362       30.79724930521428        0.27797831595199
H          -16.43755247215532       30.79563579281184       -0.22560292944573
H          -12.67483626083428       29.36035256818919       -0.09755326756063
H          -17.72200326375214       27.67015913849936       -2.01874266677690
H          -19.12654851831871       25.41619195371969       -1.80956748223710
H          -13.54407693731341       24.71869341335520        1.33945335158154
H          -17.79534245227614       23.77216254080277       -0.45668431299276
H          -19.21008162546854       36.33252805129281       -1.98302467246083
H          -19.36057135494281       37.36911777281530       -0.55581995034954
H          -19.71932470468622       35.63938659703241       -0.44174889887028
H          -16.38732341356899       35.90225720506578        1.21678017208998
H          -18.06448035273381       35.38624759562531        1.43757221800992
H          -17.67129614276855       37.11037207652500        1.35410484002131
H          -15.65664588023754       36.89408521308226       -0.99874016850276
H          -16.82528848519592       37.05814710791908       -2.31599081039065
H          -16.93252940782319       38.11456820331574       -0.89925438437790
48
 energy: -73.171329887034 gnorm: 0.000074587161 xtb: 6.7.1 (edcfbbe)
C          -17.42066914041859       36.12819974474286        0.96790787198145
C          -17.61651692539354       36.10833331927824       -0.54743221797990
C          -19.07698580273026       36.38358132416104       -0.90581605077330
C          -16.69442782112246       37.11177756362761       -1.23807386680778
O          -17.38044465556548       34.76676714826718       -1.06499095720605
C          -16.19016008312574       34.16277139525698       -0.94440841080110
O          -15.19584935313367       34.63362903789188       -0.41729482461248
N          -16.24319876442833       32.94173936321899       -1.50643977516923
C          -15.14254053931108       32.00889379149258       -1.49521830916014
C          -14.85987733367602       31.43091603168207       -2.89028068527756
C          -14.27151677371634       30.05383923167360       -2.60960284143857
C          -15.13710042052180       29.53931427288188       -1.45197135773120
C          -15.41267830204398       30.78577552950119       -0.58913348439356
N          -14.52288414591567       28.46951961058886       -0.70805066903285
C          -13.31153714889049       28.49793891732354       -0.08204859648109
N          -12.99891391992239       27.39649481575778        0.53067842537549
C          -14.06616420733933       26.55476547750956        0.31589750753857
C          -15.03694359003838       27.22688313052556       -0.46449950913360
C          -16.21527354705166       26.55286825853985       -0.79435648300568
C          -17.42386368640199       26.77844129617040       -1.50291185925166
C          -18.15659193105409       25.63091898795559       -1.40634223231538
N          -17.47756312452583       24.69937369289630       -0.67924248876438
C          -16.28795467475988       25.22603730338767       -0.28728973003362
N          -15.37616267616460       24.57909441131182        0.44657269039202
C          -14.27765477945517       25.24007866188882        0.74429691291824
H          -17.12938667383491       32.64493879016347       -1.88756911144416
H          -14.28251197037300       32.57440174871017       -1.12664029346475
H          -15.79884568383096       31.33049016180565       -3.43493831421056
H          -14.19038675432874       32.06354835440379       -3.46726476835997
H          -13.23490762157430       30.14464632704933       -2.28589792194837
H          -14.30875842745138       29.39465793247258       -3.47431512522915
H          -16.07336226271483       29.14283666053379       -1.84841257002352
H          -14.75455412896614       30.79756244485155        0.27839999337557
H          -16.43869843473312       30.79594658833551       -0.22543206879489
H          -12.67627491437221       29.36155034072851       -0.09628847061704
H          -17.72207810088875       27.66871369448151       -2.01870147481399
H          -19.12518350698094       25.41376980647674       -1.81047267541837
H          -13.54272678624376       24.71888271270272        1.33914403885224
H          -17.79310361320397       23.77015478800725       -0.45793520476208
H          -19.21019800333817       36.33244192808166       -1.98254642069379
H          -19.35937296278706       37.37088454596156       -0.55655485350966
H          -19.71902553322095       35.64149461552230       -0.44014677709876
H          -16.38607369508956       35.90376837033433        1.21626406482730
H          -18.06280004544609       35.38654940566578        1.43750366279040
H          -17.67088505459358       37.11097611822561        1.35414618467055
H          -15.65606517701891       36.89383675667342       -1.00028109561403
H          -16.82583891338033       37.05946508445485       -2.31633905928564
H          -16.93098838890295       38.11513051082060       -0.89887079706826
48
 energy: -73.171331490423 gnorm: 0.000076193736 xtb: 6.7.1 (edcfbbe)
C          -17.41938263552827       36.12909638422705        0.96766412458685
C          -17.61585514961130       36.10936839096056       -0.54759621510051
C          -19.07641958418331       36.38495255702898       -0.90533654834127
C          -16.69380322805891       37.11262783665917       -1.23856365214629
O          -17.38032185803318       34.76773661571165       -1.06522311109141
C          -16.19024431748945       34.16329553876310       -0.94478459096457
O          -15.19553325603421       34.63397960050310       -0.41826625461029
N          -16.24401460413671       32.94202641519446       -1.50622537914615
C          -15.14371656841676       32.00875893497016       -1.49520265562195
C          -14.86168735641049       31.43038409731536       -2.89022074354298
C          -14.27335879730496       30.05334904560781       -2.60930482218428
C          -15.13852857057264       29.53922329934089       -1.45116429398143
C          -15.41409128741689       30.78597296355157       -0.58874091433801
N          -14.52387044794650       28.46981027006909       -0.70706115887332
C          -13.31267797266364       28.49896698450303       -0.08079787521823
N          -12.99928320644557       27.39752951273763        0.53154961004699
C          -14.06582229774095       26.55503065728674        0.31624533090494
C          -15.03695745451932       27.22665177080912       -0.46413862429713
C          -16.21467384679091       26.55181502257048       -0.79450753741589
C          -17.42330189104301       26.77669897619318       -1.50321673127756
C          -18.15512472354569       25.62854738437733       -1.40725517305585
N          -17.47548769629657       24.69725124255702       -0.68040248461989
C          -16.28638881195232       25.22472335240823       -0.28798553021685
N          -15.37423317727990       24.57823175558929        0.44582420681545
C          -14.27633998365902       25.24000129702840        0.74407555774788
H          -17.13040835164550       32.64551553809542       -1.88710184007112
H          -14.28333659235162       32.57398736926359       -1.12701879240535
H          -15.80090348212438       31.32985930016656       -3.43442764902575
H          -14.19238290140755       32.06277071664312       -3.46769883781286
H          -13.23662693617839       30.14417445452217       -2.28598884427972
H          -14.31094956854892       29.39389365210128       -3.47379566538871
H          -16.07484487167572       29.14242049477786       -1.84713822571502
H          -14.75614052430575       30.79797247947972        0.27891609432355
H          -16.44018408818559       30.79637022139387       -0.22524251062609
H          -12.67810394641265       29.36309270877284       -0.09461296098671
H          -17.72213664601527       27.66694234262060       -2.01869703636864
H          -19.12346418191344       25.41078754509652       -1.81166085346952
H          -13.54111085614150       24.71915688580324        1.33885912710065
H          -17.79032876053383       23.76769590742140       -0.45951276004380
H          -19.21032355316988       36.33234014512080       -1.98190962236653
H          -19.35797134202810       37.37294257202880       -0.55734388897665
H          -19.71863643812462       35.64393812322332       -0.43820348157230
H          -16.38450710181505       35.90547829605980        1.21557769341134
H          -18.06069631099231       35.38681332593116        1.43738740033881
H          -17.67030171984947       37.11157176038736        1.35419973962583
H          -15.65533361571637       36.89372041233028       -1.00211734184483
H          -16.82650774372716       37.06121782464938       -2.31671027906873
H          -16.92918174403763       38.11590802214198       -0.89832399784039
48
 energy: -73.171333213560 gnorm: 0.000079104919 xtb: 6.7.1 (edcfbbe)
C          -17.41788803554143       36.13009008569365        0.96745280206865
C          -17.61510342746109       36.11051841625055       -0.54771360776035
C          -19.07575737531042       36.38647243483437       -0.90479741357493
C          -16.69317330489851       37.11361836195020       -1.23906644351914
O          -17.38013115100929       34.76887769032001       -1.06555480935638
C          -16.19027063650280       34.16396677622341       -0.94533065478016
O          -15.19513510308007       34.63442385468127       -0.41941240947487
N          -16.24487439110889       32.94243509039644       -1.50610375905662
C          -15.14500963377800       32.00866611589882       -1.49523487804001
C          -14.86375929732872       31.42970327401999       -2.89014778941083
C          -14.27542839753144       30.05272868769219       -2.60896727109633
C          -15.14016894593458       29.53908341380539       -1.45027547940353
C          -15.41567439100546       30.78622915140214       -0.58840415427958
N          -14.52499904220146       28.47013461678221       -0.70593169922100
C          -13.31397824250161       28.50014088402550       -0.07937280833513
N          -12.99977670523439       27.39877425127922        0.53269431349678
C          -14.06544916089455       26.55535144751889        0.31668276865780
C          -15.03699032678932       27.22639675521308       -0.46369327914214
C          -16.21400056583954       26.55062593672134       -0.79467038065633
C          -17.42264769776388       26.77471638941712       -1.50360241048116
C          -18.15344774456589       25.62585273529465       -1.40833366473615
N          -17.47314374465299       24.69485588072588       -0.68171850451788
C          -16.28462991492047       25.22324732861337       -0.28875185697555
N          -15.37207147216731       24.57727932846823        0.44502580224851
C          -14.27487168342469       25.23993726802456        0.74387662938779
H          -17.13151654037039       32.64624684816038       -1.88665531863911
H          -14.28419792149456       32.57354221756601       -1.12750581034961
H          -15.80325352925850       31.32906711931906       -3.43385809219329
H          -14.19466932934749       32.06180316290176       -3.46817835323696
H          -13.23855381626403       30.14355807877071       -2.28608329255023
H          -14.31343584821924       29.39292812584001       -3.47317457002088
H          -16.07655350325176       29.14189681492284       -1.84570181252841
H          -14.75796224601174       30.79851470572499        0.27942586555144
H          -16.44185947347473       30.79689879415995       -0.22518010850358
H          -12.68019487261069       29.36486033223720       -0.09269727276325
H          -17.72216383853694       27.66491198275732       -2.01877303606221
H          -19.12148645545735       25.40739186703980       -1.81308675909273
H          -13.53935072488899       24.71952802467879        1.33868133223268
H          -17.78719849896336       23.76492101469688       -0.46129958991140
H          -19.21045519497452       36.33235916611364       -1.98120190028038
H          -19.35645480682353       37.37514753503557       -0.55806136597259
H          -19.71809634001429       35.64653902984959       -0.43613022552859
H          -16.38271740556606       35.90726232184056        1.21482848086478
H          -18.05834149567282       35.38713171933706        1.43727664402437
H          -17.66949548412425       37.11224048632108        1.35435775585254
H          -15.65458856999964       36.89372463100407       -1.00404421428999
H          -16.82723963232115       37.06320004508579       -2.31708884369092
H          -16.92733408088815       38.11679980537884       -0.89769855395746
48
 energy: -73.171334951371 gnorm: 0.000077646388 xtb: 6.7.1 (edcfbbe)
C          -17.41630780244774       36.13109541207925        0.96720814359422
C          -17.61428807359157       36.11171701605124       -0.54786003718347
C          -19.07507239590919       36.38800963817852       -0.90415548685978
C          -16.69249101023817       37.11470342218158       -1.23956225757303
O          -17.37988681807133       34.77006098548764       -1.06591686849990
C          -16.19027600587676       34.16461694331703       -0.94587107180415
O          -15.19468622628502       34.63483726397995       -0.42060559589623
N          -16.24573362885540       32.94285566719742       -1.50605857809881
C          -15.14636715785928       32.00850944981871       -1.49532965247534
C          -14.86590631670193       31.42900173572633       -2.89016677135299
C          -14.27762802299991       30.05209088956278       -2.60863585598486
C          -15.14189820450445       29.53896709364334       -1.44933666973065
C          -15.41739209067060       30.78649981551915       -0.58801089536814
N          -14.52620021954445       28.47050255625396       -0.70473118493710
C          -13.31538218826501       28.50140605702657       -0.07783135781348
N          -13.00029726485444       27.40008366323865        0.53386141823876
C          -14.06511928152982       26.55574471306108        0.31723777804953
C          -15.03704192385507       27.22615615981953       -0.46320365948169
C          -16.21328726619611       26.54938661735359       -0.79484754532796
C          -17.42192161023021       26.77261061938033       -1.50406864326186
C          -18.15163987268036       25.62300488569995       -1.40951903624200
N          -17.47066869243951       24.69235304948171       -0.68308857042217
C          -16.28279360844027       25.22172704470144       -0.28951581776746
N          -15.36984961032075       24.57634124960839        0.44429215922847
C          -14.27341153190516       25.23995081067613        0.74381244134290
H          -17.13265105174315       32.64702057217337       -1.88624244764304
H          -14.28510863099715       32.57303397516557       -1.12811414570898
H          -15.80569599020569       31.32822481202057       -3.43334251082746
H          -14.19702275331249       32.06075505688180       -3.46882347953947
H          -13.24060763372197       30.14291955584286       -2.28620473405048
H          -14.31605921721107       29.39193394616382       -3.47255372355847
H          -16.07833212179660       29.14136318155028       -1.84421429473933
H          -14.75994255535936       30.79906955934601        0.28000609016187
H          -16.44368092918179       30.79747814901073       -0.22508447946202
H          -12.68241548061200       29.36673229784203       -0.09066109885358
H          -17.72214044014866       27.66273229144371       -2.01895521865136
H          -19.11934331512931       25.40379443902396       -1.81466237474774
H          -13.53755068576479       24.71996922838417        1.33856797758817
H          -17.78390494910605       23.76202815590488       -0.46314830183221
H          -19.21054776094429       36.33257027774819       -1.98039361595840
H          -19.35495253555888       37.37730371724806       -0.55853326138783
H          -19.71751576535488       35.64906302583703       -0.43407746995493
H          -16.38084282697624       35.90896858928878        1.21399945362813
H          -18.05596897033126       35.38752503285916        1.43716926993751
H          -17.66847952182367       37.11295940608704        1.35448496803810
H          -15.65378166515861       36.89391757174814       -1.00593105342243
H          -16.82787552658787       37.06522181424245       -2.31745808591659
H          -16.92553284868248       38.11778258913747       -0.89712384647656
48
 energy: -73.171336616394 gnorm: 0.000078339824 xtb: 6.7.1 (edcfbbe)
C          -17.41470831587772       36.13205443512233        0.96699985290881
C          -17.61349496834907       36.11290141563963       -0.54796663746293
C          -19.07440532153353       36.38951441641522       -0.90350043061847
C          -16.69184144797382       37.11577006907603       -1.24003175208757
O          -17.37965421683761       34.77124219642555       -1.06625248346197
C          -16.19027861132502       34.16528843696154       -0.94642688229356
O          -15.19426144707557       34.63524132259826       -0.42173152330912
N          -16.24656364226241       32.94333131415565       -1.50610288506406
C          -15.14769546734468       32.00840379124136       -1.49548654105009
C          -14.86801077097881       31.42826246931113       -2.89019901890592
C          -14.27976536181956       30.05141132413085       -2.60834130446788
C          -15.14360019172611       29.53883506596045       -1.44845559912540
C          -15.41907668802725       30.78679579839387       -0.58773942049628
N          -14.52739265187303       28.47086602591816       -0.70355889967352
C          -13.31677592498604       28.50266625484073       -0.07631834761605
N          -13.00087080333197       27.40143860052353        0.53512567836444
C          -14.06481039947023       26.55615819339482        0.31782201737631
C          -15.03712375774466       27.22594335367579       -0.46267062702547
C          -16.21260366208767       26.54817687063682       -0.79499163428629
C          -17.42119068520920       26.77051372622585       -1.50457250816439
C          -18.14984158575663       25.62017171859124       -1.41072851766972
N          -17.46823786406109       24.68988859376720       -0.68441769665758
C          -16.28101323318359       25.22025215701555       -0.29020686429233
N          -15.36769387895504       24.57545382145442        0.44365509804351
C          -14.27198490433268       25.23999080804288        0.74379632399919
H          -17.13376677368058       32.64783525791925       -1.88588697230393
H          -14.28597816252862       32.57253662054489       -1.12874111851124
H          -15.80808872059926       31.32736859889245       -3.43285177289274
H          -14.19933946715036       32.05969050069137       -3.46945258514139
H          -13.24260577304479       30.14225911829438       -2.28634513402837
H          -14.31860538596762       29.39087525937822       -3.47195357718188
H          -16.08009445022626       29.14082653180178       -1.84277179577200
H          -14.76189797139327       30.79966452463064        0.28047228041058
H          -16.44547504842438       30.79808359364385       -0.22512938553396
H          -12.68459615789228       29.36857689521934       -0.08870524304869
H          -17.72207316785941       27.66053670136776       -2.01924339254696
H          -19.11718764553068       25.40019429278446       -1.81631141608470
H          -13.53585781715094       24.72049252177143        1.33864637006651
H          -17.78065981234842       23.75917500152558       -0.46496326154960
H          -19.21062756563343       36.33305140309947       -1.97959184355026
H          -19.35357409372105       37.37929209604496       -0.55869276017285
H          -19.71688466297434       35.65135034653068       -0.43224993880455
H          -16.37900717530600       35.91043385070471        1.21324143683032
H          -18.05372283514944       35.38804780639728        1.43714632606166
H          -17.66723861303726       37.11368807568554        1.35460630045950
H          -15.65302275808603       36.89423015338741       -1.00760133646050
H          -16.82837688301112       37.06704991554008       -2.31781298341115
H          -16.92392325714205       38.11876875861989       -0.89670759280173
48
 energy: -73.171338179860 gnorm: 0.000079358147 xtb: 6.7.1 (edcfbbe)
C          -17.41320684578584       36.13300511495649        0.96684935061032
C          -17.61272814322600       36.11397031303336       -0.54802084283476
C          -19.07374974612235       36.39092754523032       -0.90282754991043
C          -16.69122573734365       37.11671944679849       -1.24045826643723
O          -17.37943535755070       34.77230309210016       -1.06653784163726
C          -16.19028008373078       34.16587074504225       -0.94694423286390
O          -15.19386060638235       34.63556370761342       -0.42278508016983
N          -16.24732002998823       32.94376917862819       -1.50622769547922
C          -15.14893179309458       32.00828711637856       -1.49568661432952
C          -14.86999145619423       31.42758057382104       -2.89030039850428
C          -14.28177750232264       30.05079985660424       -2.60807982440874
C          -15.14521919511172       29.53872026376002       -1.44766381506316
C          -15.42068438923804       30.78707714886782       -0.58750570911995
N          -14.52852977173063       28.47121845124757       -0.70249267753516
C          -13.31811110381214       28.50388008159800       -0.07491574005236
N          -13.00143477115933       27.40275595816457        0.53631774677649
C          -14.06457566016693       26.55661339679108        0.31845498782041
C          -15.03721210660439       27.22575543391364       -0.46218778335988
C          -16.21195470138503       26.54702869954091       -0.79515136312178
C          -17.42047018587774       26.76848735954751       -1.50512647172453
C          -18.14810132345062       25.61744762108212       -1.41193518256786
N          -17.46593904577433       24.68756455625902       -0.68563554872015
C          -16.27934789616127       25.21888574398663       -0.29080616976339
N          -15.36571364387216       24.57468954106858        0.44319356668607
C          -14.27072245020925       25.24013038805495        0.74395411539713
H          -17.13480259715396       32.64858504470806       -1.88560418824925
H          -14.28679137209276       32.57206915772448       -1.12938880826818
H          -15.81033507548188       31.32655552133287       -3.43247224233012
H          -14.20150617666602       32.05868286029865       -3.47012303719699
H          -13.24448989031780       30.14165894197010       -2.28647778966226
H          -14.32099035632967       29.38990682521340       -3.47140027113896
H          -16.08175561933511       29.14031945263990       -1.84147917917807
H          -14.76377774353162       30.80023732121834        0.28090290895991
H          -16.44719086619284       30.79865305363671       -0.22520916590282
H          -12.68667947972421       29.37034569869245       -0.08688350691405
H          -17.72196614286340       27.65839281465954       -2.01964154807457
H          -19.11508906183726       25.39672020839659       -1.81796449145322
H          -13.53430588548458       24.72107325366986        1.33883044345157
H          -17.77760170748258       23.75649888238508       -0.46659000107177
H          -19.21063589722595       36.33382283602047       -1.97880084285270
H          -19.35233940479432       37.38103296282291       -0.55849473566528
H          -19.71622592968658       35.65331171471119       -0.43072310017352
H          -16.37732398249404       35.91162823284375        1.21253814224175
H          -18.05177178565615       35.38872749320209        1.43718183462671
H          -17.66584181830955       37.11450655873498        1.35473765449782
H          -15.65231857713802       36.89461104444569       -1.00897434285032
H          -16.82868075116710       37.06853373026847       -2.31814425264869
H          -16.92255633272001       38.11967506030969       -0.89650043883834
48
 energy: -73.171339669200 gnorm: 0.000079078146 xtb: 6.7.1 (edcfbbe)
C          -17.41177056171323       36.13387712157547        0.96673216421784
C          -17.61201931177373       36.11498395401304       -0.54804353391064
C          -19.07315645853073       36.39224644621851       -0.90214476580437
C          -16.69059622346438       37.11754941155001       -1.24085707577703
O          -17.37927324723344       34.77328626119348       -1.06671655952578
C          -16.19031318525940       34.16641111625135       -0.94740541326812
O          -15.19352201750839       34.63582777918757       -0.42370893395504
N          -16.24804825040620       32.94420862174827       -1.50640065632949
C          -15.15012215142171       32.00818637836409       -1.49592043908425
C          -14.87182921325381       31.42693936838935       -2.89042485426457
C          -14.28365099818503       30.05021591801228       -2.60789641649587
C          -15.14672785194437       29.53861707115979       -1.44697921707390
C          -15.42221589368243       30.78733933095235       -0.58734505909475
N          -14.52960391073962       28.47156141014166       -0.70152513070272
C          -13.31939324924894       28.50505716743908       -0.07359560992284
N          -13.00201695213398       27.40406018899125        0.53750312300961
C          -14.06437912958248       26.55708415817404        0.31908006037127
C          -15.03731946774056       27.22561024689270       -0.46171187651431
C          -16.21135293075141       26.54596067366914       -0.79528989542785
C          -17.41975709273795       26.76653925740581       -1.50572594051412
C          -18.14644014130954       25.61485803642005       -1.41309409976331
N          -17.46377333938951       24.68538633091671       -0.68674226368541
C          -16.27779893177062       25.21763257001249       -0.29130773746638
N          -15.36388536827982       24.57403019702456        0.44286438293116
C          -14.26955903551740       25.24031704716342        0.74416576243846
H          -17.13579919374998       32.64931380919145       -1.88537449526388
H          -14.28758310348832       32.57163213198326       -1.13004309253827
H          -15.81241460665360       31.32579667761235       -3.43215199303956
H          -14.20351693176862       32.05774049720060       -3.47077511889059
H          -13.24625472590135       30.14110445199256       -2.28664233610056
H          -14.32318451604264       29.38899202802139       -3.47095152813506
H          -16.08329879721434       29.13985002678976       -1.84033199026989
H          -14.76557368774180       30.80076138129738        0.28125332026595
H          -16.44882652352394       30.79919034520288       -0.22534996876970
H          -12.68864777189524       29.37202809290002       -0.08521785826695
H          -17.72179905457018       27.65629592797606       -2.02017648919523
H          -19.11306583075788       25.39339560864143       -1.81958240956719
H          -13.53293526747707       24.72174233423086        1.33920478909996
H          -17.77471835862373       23.75399479493466       -0.46806057593736
H          -19.21060907595420       36.33488143584179       -1.97803052816362
H          -19.35126975887795       37.38253142850576       -0.55795244240783
H          -19.71561265140360       35.65495648765867       -0.42950350698551
H          -16.37576497497999       35.91252039747179        1.21193254198538
H          -18.05009910964694       35.38954975668430        1.43731583120027
H          -17.66426272296226       37.11534035582171        1.35480260018821
H          -15.65161641238864       36.89503970440831       -1.01008286851125
H          -16.82875667582102       37.06964943190241       -2.31846232799255
H          -16.92136533495821       38.12050683485832       -0.89652956609666
48
 energy: -73.171341143102 gnorm: 0.000078670450 xtb: 6.7.1 (edcfbbe)
C          -17.41038934815937       36.13476057785571        0.96667414775718
C          -17.61132515458954       36.11591154612462       -0.54801208434445
C          -19.07255230300032       36.39354838924451       -0.90144480625769
C          -16.68998324826248       37.11826675557106       -1.24123440641745
O          -17.37915432375491       34.77415711956571       -1.06680019313554
C          -16.19037063900292       34.16687302891643       -0.94782165433033
O          -15.19321562438096       34.63601440343678       -0.42457123614156
N          -16.24875433184015       32.94461435845511       -1.50662934064492
C          -15.15126387786004       32.00808815043532       -1.49620698158384
C          -14.87360151512999       31.42633450785641       -2.89061116194897
C          -14.28544029208585       30.04967713712989       -2.60775269380564
C          -15.14818780022286       29.53850955190163       -1.44638448792895
C          -15.42370774799232       30.78758827602041       -0.58727046344953
N          -14.53064149439408       28.47189451434660       -0.70064623043406
C          -13.32064792270094       28.50622655624980       -0.07234460526941
N          -13.00260603599548       27.40537785801510        0.53867667165989
C          -14.06423132108730       26.55760393885985        0.31976249880868
C          -15.03742529064058       27.22548197333710       -0.46126987673551
C          -16.21076304939318       26.54492455764261       -0.79544401257441
C          -17.41903933002386       26.76462063339378       -1.50637097777130
C          -18.14479414602732       25.61231046721221       -1.41427638121056
N          -17.46167722098812       24.68328499019251       -0.68777605484806
C          -16.27632030661906       25.21645159533441       -0.29172733766902
N          -15.36217103743612       24.57346803663256        0.44269602184133
C          -14.26850525378699       25.24059641676378        0.74454043652200
H          -17.13676926869379       32.64998846488331       -1.88519717788038
H          -14.28834979433297       32.57120354885446       -1.13069762684012
H          -15.81441545679361       31.32507603352272       -3.43192065471766
H          -14.20545589825239       32.05686101375478       -3.47145062938480
H          -13.24794020720894       30.14059761365500       -2.28682364216954
H          -14.32526993305756       29.38813636048317       -3.47055017439865
H          -16.08478610129198       29.13938426182587       -1.83930406069507
H          -14.76733166131211       30.80126912630467        0.28152067059110
H          -16.45042613164923       30.79968779023638       -0.22558509210264
H          -12.69057203078887       29.37369085057141       -0.08364610694705
H          -17.72159052570987       27.65420917027709       -2.02081383778575
H          -19.11105034656463       25.39011085731229       -1.82124114586872
H          -13.53166827874024       24.72249766914058        1.33973025263770
H          -17.77193278062634       23.75158950764044       -0.46940973375151
H          -19.21050784298154       36.33626152627084       -1.97727027410142
H          -19.35029237953108       37.38387771881187       -0.55707486104002
H          -19.71495292560743       35.65637726777198       -0.42854712062387
H          -16.37432606104676       35.91317281893649        1.21140962992691
H          -18.04866558701563       35.39057313504539        1.43754477996606
H          -17.66248859702748       37.11627502763879        1.35487002325114
H          -15.65095929422782       36.89547761391272       -1.01093606509445
H          -16.82864792445882       37.07041682362157       -2.31877670610962
H          -16.92033235768618       38.12128046302839       -0.89678523595381
48
 energy: -73.171342677260 gnorm: 0.000078538949 xtb: 6.7.1 (edcfbbe)
C          -17.40899549661072       36.13568533056701        0.96667109736660
C          -17.61062479943092       36.11683205629967       -0.54792247284196
C          -19.07193866089559       36.39486726659239       -0.90068641753193
C          -16.68929266941056       37.11887376139794       -1.24160856703555
O          -17.37908376087896       34.77499578654137       -1.06677711991308
C          -16.19046386915769       34.16730966080367       -0.94821742990515
O          -15.19293708773107       34.63614981847596       -0.42540858284621
N          -16.24949520924405       32.94502494848967       -1.50690640324782
C          -15.15245176465678       32.00797843931468       -1.49654068209680
C          -14.87539071185789       31.42573144292611       -2.89084533427577
C          -14.28723864483495       30.04914157068360       -2.60767644060357
C          -15.14965988960063       29.53840515464598       -1.44585888535653
C          -15.42525287961906       30.78782267062149       -0.58724493050797
N          -14.53168986440478       28.47224862430409       -0.69981270938705
C          -13.32193679372697       28.50745816000800       -0.07109617857502
N          -13.00325456540860       27.40680133685607        0.53993755736413
C          -14.06411058651626       26.55819700244228        0.32050566260116
C          -15.03754048335292       27.22538284892799       -0.46082653730606
C          -16.21015688668476       26.54388333414053       -0.79561353801770
C          -17.41826515190388       26.76263485787629       -1.50711643112517
C          -18.14308847904289       25.60970049075901       -1.41551171244143
N          -17.45954264590376       24.68116880006675       -0.68878333152357
C          -16.27482451661183       25.21528775430781       -0.29210496755101
N          -15.36046606613456       24.57297367180594        0.44264492174097
C          -14.26747952534302       25.24096883003933        0.74503445491177
H          -17.13778009459854       32.65066984689409       -1.88505216873320
H          -14.28916300802934       32.57076189568819       -1.13140164990080
H          -15.81642324108632       31.32434539722956       -3.43174988092405
H          -14.20740882784234       32.05598287165958       -3.47217122413078
H          -13.24964284818546       30.14010478750371       -2.28705443761104
H          -14.32734275162795       29.38729129456252       -3.47022441143288
H          -16.08626635599997       29.13889648154698       -1.83836401253299
H          -14.76916987624325       30.80176437950436        0.28175976281489
H          -16.45208786653106       30.80016285760167       -0.22589577449517
H          -12.69253883622389       29.37542067020523       -0.08209771871768
H          -17.72130829986327       27.65201894059435       -2.02162285427092
H          -19.10895346944934       25.38672985561486       -1.82298276802507
H          -13.53046548887859       24.72340143634750        1.34046662217723
H          -17.76910588635114       23.74917749555043       -0.47069320980295
H          -19.21034260341048       36.33799312777599       -1.97647539667842
H          -19.34935261793929       37.38512430365844       -0.55584891128402
H          -19.71428957519642       35.65764912487936       -0.42779083932455
H          -16.37292325175323       35.91362127338803        1.21094032734522
H          -18.04741147300733       35.39182873351347        1.43787709656968
H          -17.66044391266193       37.11734891069997        1.35491815356990
H          -15.65023538983450       36.89593050140864       -1.01160472808926
H          -16.82831168712307       37.07086262589263       -2.31909872900316
H          -16.91935162917999       38.12198957338088       -0.89726826841949
48
 energy: -73.171344355075 gnorm: 0.000077202134 xtb: 6.7.1 (edcfbbe)
C          -17.40750519010994       36.13669715092337        0.96671707852480
C          -17.60987262573301       36.11778983060755       -0.54777973724559
C          -19.07125794546704       36.39632191138981       -0.89985147761654
C          -16.68852194859753       37.11943976885659       -1.24200140432445
O          -17.37906410006392       34.77582375430416       -1.06662381399136
C          -16.19060766618455       34.16772158655113       -0.94858247928468
O          -15.19267990714125       34.63621670109231       -0.42622995122515
N          -16.25031922012430       32.94545059742186       -1.50723243828478
C          -15.15374858956726       32.00785713149443       -1.49694327619171
C          -14.87731495142796       31.42511015444422       -2.89114496366790
C          -14.28914804120724       30.04859837967320       -2.60764651966650
C          -15.15122510399274       29.53826766277681       -1.44537927427219
C          -15.42694442852187       30.78803962661138       -0.58731449273159
N          -14.53279182587302       28.47261883599331       -0.69899022290596
C          -13.32332851847234       28.50881113170555       -0.06977331909225
N          -13.00396450408173       27.40838038245006        0.54131164368523
C          -14.06400400341158       26.55888813015666        0.32136398179690
C          -15.03765095705204       27.22528426736418       -0.46037227352343
C          -16.20948373209649       26.54276378523694       -0.79581970686510
C          -17.41738737434522       26.76047171505258       -1.50798949847353
C          -18.14121772352874       25.60687537167505       -1.41687386869831
N          -17.45724706512702       24.67891549231496       -0.68981415927001
C          -16.27323030977315       25.21407505621757       -0.29244166993041
N          -15.35868106869687       24.57252085825235        0.44273616329866
C          -14.26642838758910       25.24145456152358        0.74570445452440
H          -17.13889406659435       32.65138611497454       -1.88492471217684
H          -14.29006336701379       32.57027501577137       -1.13217266911000
H          -15.81857634985053       31.32358677929016       -3.43162495664420
H          -14.20951527266913       32.05509762282669       -3.47296584719309
H          -13.25145274745716       30.13962084940393       -2.28734548701194
H          -14.32952722623503       29.38642983009886       -3.46993667348468
H          -16.08782719342919       29.13833604768674       -1.83745766734010
H          -14.77120563467916       30.80224974466503        0.28194007174255
H          -16.45391701716604       30.80061050846029       -0.22635988870097
H          -12.69465847910533       29.37730709872223       -0.08048235608092
H          -17.72093229923758       27.64960621573276       -2.02263190538523
H          -19.10664551092232       25.38305689111701       -1.82491592874899
H          -13.52924663746406       24.72448774017031        1.34144983013778
H          -17.76607862957675       23.74662244026433       -0.47197557971073
H          -19.21008693478360       36.34015743653045       -1.97562297706165
H          -19.34838382784230       37.38639914242619       -0.55426107939258
H          -19.71354149366071       35.65890037090378       -0.42717994228414
H          -16.37148105602249       35.91390519535127        1.21052858709654
H          -18.04625586580407       35.39340152403878        1.43835190110707
H          -17.65801731704640       37.11860931952693        1.35493407422370
H          -15.64945870328894       36.89640340305694       -1.01212222172511
H          -16.82775257008459       37.07102909167929       -2.31944758150509
H          -16.91835661186018       38.12272777720645       -0.89800576432419
48
 energy: -73.171346214240 gnorm: 0.000076579779 xtb: 6.7.1 (edcfbbe)
C          -17.40590241516434       36.13787734232605        0.96682462907923
C          -17.60904262713771       36.11881830225745       -0.54756738662817
C          -19.07049344454202       36.39793395222355       -0.89890576799870
C          -16.68759145639493       37.11993629694116       -1.24241765518187
O          -17.37908781390227       34.77668324745165       -1.06635347566211
C          -16.19080810313006       34.16811944966299       -0.94892856764231
O          -15.19243769306238       34.63620869262817       -0.42705831870015
N          -16.25126163445921       32.94589368259284       -1.50760706085841
C          -15.15521757786778       32.00768875072575       -1.49740857158615
C          -14.87943965623084       31.42443871653550       -2.89151335003245
C          -14.29122499654075       30.04802121096571       -2.60768921174206
C          -15.15293532258814       29.53811533974131       -1.44494154844088
C          -15.42886456896368       30.78823573723826       -0.58743157296573
N          -14.53397769788176       28.47303756518906       -0.69816945918908
C          -13.32484515435553       28.51033233215075       -0.06837959664302
N          -13.00477949646688       27.41020145082392        0.54287986013533
C          -14.06389538494836       26.55970813374012        0.32234051615392
C          -15.03775866319932       27.22520159822248       -0.45989862634962
C          -16.20872112557599       26.54154247707492       -0.79607010187099
C          -17.41637119755161       26.75806314835044       -1.50903183166470
C          -18.13912293210277       25.60375228824758       -1.41839846373453
N          -17.45471790942899       24.67646361856645       -0.69089085714311
C          -16.27147720898052       25.21277967669541       -0.29276130066483
N          -15.35674729177036       24.57210110059645        0.44295791066793
C          -14.26530573461589       25.24207686698112        0.74655378409312
H          -17.14015534632973       32.65215976784437       -1.88480779187537
H          -14.29110463777323       32.56969119884095       -1.13300446503537
H          -15.82094046472094       31.32275195472627       -3.43154429586938
H          -14.21184427376289       32.05415725419115       -3.47385917001144
H          -13.25342960582447       30.13913187577922       -2.28771991204495
H          -14.33187144133073       29.38552912635382       -3.46971894250030
H          -16.08950347791556       29.13767887775330       -1.83658054240466
H          -14.77354488480922       30.80274324301204        0.28213156643870
H          -16.45600786512129       30.80103375990300       -0.22696400807205
H          -12.69697461418289       29.37941294199608       -0.07878912339966
H          -17.72044111855075       27.64688928514106       -2.02389720055027
H          -19.10405934665580       25.37898470692204       -1.82708157610767
H          -13.52796884635396       24.72580533476790        1.34271057289794
H          -17.76276190424959       23.74385809034290       -0.47327256468306
H          -19.20973010500786       36.34276541982438       -1.97467498340282
H          -19.34732447350465       37.38774455389606       -0.55231552194010
H          -19.71273303696056       35.66019603785669       -0.42666140341730
H          -16.36998276302235       35.91406607732723        1.21014224627877
H          -18.04517923653930       35.39535438930923        1.43895768210805
H          -17.65517211633887       37.12014657658747        1.35494832858191
H          -15.64853290668126       36.89689521822311       -1.01251384680730
H          -16.82692925842230       37.07092325834871       -2.31982626810796
H          -16.91728116905913       38.12345007711782       -0.89899275451060
48
 energy: -73.171348249297 gnorm: 0.000075412318 xtb: 6.7.1 (edcfbbe)
C          -17.40414796081291       36.13918402022391        0.96698562083375
C          -17.60812968841200       36.11994826465132       -0.54729348237104
C          -19.06962641793848       36.39975968725459       -0.89788354530250
C          -16.68652721131924       37.12042408535309       -1.24286022923713
O          -17.37916093800960       34.77759332971886       -1.06594030801873
C          -16.19107855598388       34.16851535091814       -0.94922078391292
O          -15.19222998963662       34.63612055904210       -0.42783409022419
N          -16.25233876345088       32.94638070167790       -1.50801515862594
C          -15.15687606594465       32.00750366912651       -1.49793804318582
C          -14.88179609145560       31.42374673901452       -2.89194324600206
C          -14.29349573965372       30.04743891833154       -2.60777758516975
C          -15.15479670877962       29.53789495687204       -1.44455194715198
C          -15.43103652063986       30.78838566177152       -0.58767040194707
N          -14.53524218560547       28.47346637899810       -0.69734900407799
C          -13.32650555709108       28.51201676147420       -0.06687728186577
N          -13.00565259461968       27.41222032829362        0.54457177162093
C          -14.06378196419768       26.56064571068815        0.32346232324461
C          -15.03785070915422       27.22510163533596       -0.45940172372091
C          -16.20785048841328       26.54018863551221       -0.79636430794467
C          -17.41519514782646       26.75537659664666       -1.51024572431150
C          -18.13677877946310       25.60029967991536       -1.42008484480551
N          -17.45192880459573       24.67378584822737       -0.69200825305675
C          -16.26955143250467       25.21138385325854       -0.29304045955798
N          -15.35465414386396       24.57170582103505        0.44334248283877
C          -14.26410499215095       25.24282958186093        0.74761204655619
H          -17.14157989196120       32.65302552770680       -1.88469264915342
H          -14.29229197330964       32.56903219081526       -1.13391376406559
H          -15.82355537826692       31.32186775470008       -3.43148570451764
H          -14.21444369368704       32.05321467944331       -3.47483846652293
H          -13.25559696450256       30.13866205107488       -2.28815682668716
H          -14.33440812857923       29.38460612595505       -3.46953143612623
H          -16.09130040455412       29.13687854068860       -1.83574251779212
H          -14.77624177066927       30.80319756861745        0.28227622062968
H          -16.45838861670880       30.80137956631957       -0.22780135204380
H          -12.69951145226167       29.38173688904058       -0.07699268540627
H          -17.71981312242814       27.64383149051343       -2.02542842474717
H          -19.10116342512007       25.37447654069708       -1.82948787678465
H          -13.52661279599313       24.72734384040181        1.34425452124307
H          -17.75912499461505       23.74085585611370       -0.47458119245134
H          -19.20927304528909       36.34579819882396       -1.97366120216496
H          -19.34614972678796       37.38923435310356       -0.55008723114132
H          -19.71182671113583       35.66161944023092       -0.42621007003367
H          -16.36838291334577       35.91411662847815        1.20981618057968
H          -18.04414992998695       35.39766858541061        1.43971928168326
H          -17.65189602228250       37.12191229408694        1.35491404322495
H          -15.64750354117574       36.89739287015662       -1.01279603391755
H          -16.82585848104690       37.07059772078654       -2.32023591906431
H          -16.91608956474825       38.12423451562675       -0.90021071834883
48
 energy: -73.171350405373 gnorm: 0.000075704359 xtb: 6.7.1 (edcfbbe)
C          -17.40232398904148       36.14066402452666        0.96719257573412
C          -17.60713306610765       36.12113813185334       -0.54697207676208
C          -19.06866217395379       36.40175687770943       -0.89677972177632
C          -16.68530497407111       37.12087375257228       -1.24329806619006
O          -17.37925575957514       34.77852722064829       -1.06544565597912
C          -16.19139897407195       34.16887326989886       -0.94947326627805
O          -15.19204259377944       34.63592323384641       -0.42855946251371
N          -16.25353047221510       32.94685809743687       -1.50844418355767
C          -15.15871264661705       32.00723669819002       -1.49850033679836
C          -14.88434871447589       31.42299960911068       -2.89242422741220
C          -14.29589669560680       30.04682917077877       -2.60794546159280
C          -15.15678900123320       29.53765959723323       -1.44422486238136
C          -15.43347657228036       30.78848256186166       -0.58794199787191
N          -14.53656855375786       28.47393984922613       -0.69656277458249
C          -13.32825447344764       28.51384712046487       -0.06536480587781
N          -13.00661865123248       27.41447349141214        0.54643571797634
C          -14.06364563726764       26.56169911334689        0.32466125962095
C          -15.03792717763261       27.22501771803808       -0.45890564152476
C          -16.20688899131273       26.53874281249307       -0.79670188283020
C          -17.41389107828544       26.75246635796486       -1.51160198886897
C          -18.13422297164358       25.59657083856162       -1.42190781018397
N          -17.44892690680910       24.67093445013678       -0.69313476181793
C          -16.26747757147366       25.20992088027627       -0.29328531612495
N          -15.35241620610251       24.57134956930604        0.44385663342429
C          -14.26281661071255       25.24370647075564        0.74881180321011
H          -17.14314260609782       32.65393916358329       -1.88458762314819
H          -14.29362919838026       32.56822120989261       -1.13481557586082
H          -15.82637485872288       31.32090367899728       -3.43145922390199
H          -14.21726769196809       32.05223158381270       -3.47588320523889
H          -13.25789921541058       30.13821633898658       -2.28867099551234
H          -14.33703962592072       29.38367616466232       -3.46944318233151
H          -16.09318537695257       29.13596468173490       -1.83496933958721
H          -14.77930641219351       30.80362187852056        0.28246646002883
H          -16.46108659721640       30.80166810968867       -0.22880398803544
H          -12.70219735576663       29.38424787194564       -0.07519012876160
H          -17.71907818261041       27.64049199315441       -2.02718832440360
H          -19.09800290649777       25.36959385122510       -1.83209723891503
H          -13.52519341588566       24.72910478253371        1.34605672070125
H          -17.75522892944447       23.73767556545368       -0.47585642148226
H          -19.20869586828967       36.34911965718491       -1.97257021975384
H          -19.34484099990256       37.39087477513464       -0.54768906448572
H          -19.71086960104985       35.66319496105061       -0.42576912892291
H          -16.36676574396223       35.91411986180027        1.20951956974147
H          -18.04318141710049       35.40030570360651        1.44056866269748
H          -17.64832901873269       37.12392490641853        1.35489349759694
H          -15.64632903610200       36.89788122750826       -1.01297788409803
H          -16.82456676249922       37.07010785515941       -2.32064303817893
H          -16.91475871656568       38.12502326429029       -0.90157401619299
48
 energy: -73.171352594145 gnorm: 0.000076294153 xtb: 6.7.1 (edcfbbe)
C          -17.40044953500671       36.14217959248582        0.96744747175088
C          -17.60610536433764       36.12240834230288       -0.54660071528668
C          -19.06764463820043       36.40386014025665       -0.89569824219674
C          -16.68397177092297       37.12130086492463       -1.24372597994139
O          -17.37938107436118       34.77952689777708       -1.06486283845273
C          -16.19177565429214       34.16924541782352       -0.94964403574392
O          -15.19190571537758       34.63567931934229       -0.42916793151339
N          -16.25480728634991       32.94738468849827       -1.50886016521908
C          -15.16066773476124       32.00697882990396       -1.49907840354036
C          -14.88700784010378       31.42229999492898       -2.89292584339659
C          -14.29837430804301       30.04627384438929       -2.60813444724117
C          -15.15883417483301       29.53734285095952       -1.44397528391818
C          -15.43607275230329       30.78850441274506       -0.58834496133140
N          -14.53790135658343       28.47437996312562       -0.69582791415769
C          -13.33004951091458       28.51573176062256       -0.06384198739643
N          -13.00756378049407       27.41678281668711        0.54827624849826
C          -14.06350601779260       26.56280788877537        0.32594718429072
C          -15.03797885913353       27.22490532063942       -0.45841187254831
C          -16.20586647005441       26.53722549992645       -0.79705488701175
C          -17.41248756729141       26.74940981389355       -1.51305535612889
C          -18.13155307222808       25.59269699743498       -1.42376634058063
N          -17.44581108115701       24.66798942887196       -0.69423302908909
C          -16.26532654013690       25.20841612059966       -0.29347558209658
N          -15.35012149240143       24.57102315162733        0.44450969080286
C          -14.26151536081460       25.24466796386846        0.75017988697917
H          -17.14479536314834       32.65494569199392       -1.88448890877922
H          -14.29506123994476       32.56736827623997       -1.13571206638555
H          -15.82930188386373       31.31995050777557       -3.43144220172649
H          -14.22023134632443       32.05134034092057       -3.47694045277967
H          -13.26028709959794       30.13784455979803       -2.28918707647464
H          -14.33971425443836       29.38279843278509       -3.46937231508821
H          -16.09507899367269       29.13491524244970       -1.83431903386545
H          -14.78264381769503       30.80395232000672        0.28260912879277
H          -16.46397860823571       30.80180895320616       -0.23005680634481
H          -12.70496152235719       29.38683638990092       -0.07339951721330
H          -17.71823871519981       27.63696436953535       -2.02911953179079
H          -19.09470613385086       25.36452415820718       -1.83476332247871
H          -13.52373432566936       24.73097567780163        1.34801003661519
H          -17.75121020472622       23.73440997652143       -0.47705795673610
H          -19.20806771291948       36.35253975585612       -1.97150211376895
H          -19.34342482038411       37.39263267294938       -0.54532488220808
H          -19.70990201800027       35.66492310150691       -0.42533785642365
H          -16.36511947225316       35.91408113790835        1.20930882631281
H          -18.04226031039401       35.40307638973472        1.44149240162192
H          -17.64462449703020       37.12601333622587        1.35484750102112
H          -15.64506130222402       36.89831733089292       -1.01309545435792
H          -16.82311985701502       37.06955042173076       -2.32104478161415
H          -16.91329754313904       38.12580903763598       -0.90297828086323
48
 energy: -73.171354749675 gnorm: 0.000075960777 xtb: 6.7.1 (edcfbbe)
C          -17.39864314663331       36.14373217352450        0.96770598914666
C          -17.60504873054948       36.12364770969206       -0.54623656079014
C          -19.06657191006175       36.40603405457193       -0.89463946676561
C          -16.68260337727729       37.12173900197976       -1.24409005007378
O          -17.37949391675627       34.78047662612132       -1.06427177828940
C          -16.19216065887148       34.16954232429376       -0.94976398881920
O          -15.19179218418014       34.63531979343050       -0.42965653529373
N          -16.25610696634480       32.94784694431868       -1.50924515081223
C          -15.16267104761131       32.00663662442336       -1.49962736843170
C          -14.88968009499077       31.42159565631216       -2.89342699020638
C          -14.30079355217666       30.04573661958590       -2.60838669588785
C          -15.16086813808077       29.53702457159221       -1.44381823115329
C          -15.43880886303022       30.78844378174083       -0.58875577217018
N          -14.53920602249689       28.47482790455582       -0.69518699441141
C          -13.33181351539360       28.51763116885423       -0.06242196684371
N          -13.00853217905697       27.41916388502311        0.55014291689472
C          -14.06333801057478       26.56394339726734        0.32718968652795
C          -15.03801032789113       27.22480961504326       -0.45796020172801
C          -16.20482230247063       26.53571118548265       -0.79742314694779
C          -17.41106464291449       26.74633466965262       -1.51452013494935
C          -18.12885523095912       25.58880072952035       -1.42561183346398
N          -17.44268927049441       24.66506245759916       -0.69524930522391
C          -16.26316714801384       25.20693911820591       -0.29361356620191
N          -15.34781769081460       24.57074508653930        0.44522786960002
C          -14.26018204225262       25.24566526556020        0.75153989332203
H          -17.14646372654623       32.65592804447795       -1.88440704377275
H          -14.29654784874019       32.56639434758316       -1.13650937124026
H          -15.83223250280580       31.31899305575757       -3.43144274938573
H          -14.22321990122475       32.05048806657936       -3.47795950881124
H          -13.26263301121049       30.13753999744789       -2.28972507414644
H          -14.34226082566354       29.38199551022591       -3.46941487618231
H          -16.09691937731149       29.13380987353770       -1.83380377188577
H          -14.78619828160600       30.80418651877991        0.28280216734572
H          -16.46705097847195       30.80185424162963       -0.23142179757250
H          -12.70768511985124       29.38942797730085       -0.07174865049720
H          -17.71737461590791       27.63339691386341       -2.03109923675437
H          -19.09137404112878       25.35941357027523       -1.83741807040195
H          -13.52230855867300       24.73295062883607        1.35009614145776
H          -17.74719889525801       23.73117955179882       -0.47812704367978
H          -19.20733998477785       36.35588906540612       -1.97045091486028
H          -19.34193053575073       37.39452274678984       -0.54312109766676
H          -19.70891961434368       35.66680203632117       -0.42486330596630
H          -16.36355937328436       35.91407346326581        1.20913580953451
H          -18.04140868229854       35.40588092523026        1.44239788084970
H          -17.64099619978234       37.12813219626825        1.35481508312796
H          -15.64377901575248       36.89869051488542       -1.01314825202637
H          -16.82162482693406       37.06901701819456       -2.32138028236696
H          -16.91173311275767       38.12662337464781       -0.90430665113072
48
 energy: -73.171356830076 gnorm: 0.000075926829 xtb: 6.7.1 (edcfbbe)
C          -17.39692707405839       36.14524186007515        0.96798947333659
C          -17.60402398502373       36.12490327444599       -0.54585570978705
C          -19.06551775749831       36.40816530320090       -0.89367762753841
C          -16.68116047879858       37.12212182915052       -1.24440219609215
O          -17.37961181292650       34.78146797017718       -1.06368893158818
C          -16.19257161494274       34.16984894868535       -0.94981366654436
O          -15.19172459842979       34.63495400056608       -0.43002541585105
N          -16.25741766012176       32.94832627990901       -1.50957893069791
C          -15.16468470588133       32.00630634338192       -1.50013501594219
C          -14.89228653920476       31.42097383131660       -2.89390064486959
C          -14.30312192240457       30.04528363726429       -2.60864168284234
C          -15.16284269239056       29.53665679473981       -1.44375578484528
C          -15.44156035734349       30.78830571950904       -0.58924707027553
N          -14.54044438996939       28.47522383439456       -0.69465218781136
C          -13.33350425092803       28.51946470273859       -0.06112561526822
N          -13.00943155452959       27.42147356668044        0.55187782319384
C          -14.06317215085447       26.56506903118495        0.32842504482206
C          -15.03801472618666       27.22469323488249       -0.45755676951166
C          -16.20378673490174       26.53421596263815       -0.79778318895295
C          -17.40965457272176       26.74330272008906       -1.51595804708965
C          -18.12622182956861       25.58498806869489       -1.42735528341574
N          -17.43964005953871       24.66220672817221       -0.69617363714340
C          -16.26105663872345       25.20550259468332       -0.29369640748405
N          -15.34558335313478       24.57050810418012        0.44602610446273
C          -14.25891051310959       25.24669201249393        0.75297981459742
H          -17.14812050992911       32.65695255176779       -1.88434512335427
H          -14.29805756644314       32.56539647547810       -1.13718134994639
H          -15.83507147744494       31.31809586581268       -3.43145570605187
H          -14.22614599724426       32.04977242910670       -3.47889821358035
H          -13.26490677798006       30.13733774049496       -2.29021360352220
H          -14.34465227591775       29.38130915324537       -3.46948529206691
H          -16.09865607887696       29.13263377817508       -1.83346909789742
H          -14.78985176701727       30.80431203889931        0.28297908373164
H          -16.47016804242143       30.80175373196160       -0.23296331230577
H          -12.71031989731616       29.39194262255785       -0.07024070685295
H          -17.71649760640293       27.62986637502587       -2.03307767523198
H          -19.08812693495364       25.35441452012743       -1.83993139184857
H          -13.52089250467029       24.73490272783076        1.35214814150330
H          -17.74329424578971       23.72804226794237       -0.47906388789738
H          -19.20661441841392       36.35900738103729       -1.96949018941446
H          -19.34037553597098       37.39645577269935       -0.54122342673945
H          -19.70803658513897       35.66879076281278       -0.42435174144764
H          -16.36208581098654       35.91409894979606        1.20904059366119
H          -18.04060810335632       35.40856994524861        1.44326124929721
H          -17.63757421262170       37.13017264295450        1.35481536365426
H          -15.64241556702555       36.89896442268304       -1.01318955422754
H          -16.82009934508410       37.06857167133546       -2.32166726266823
H          -16.91005676578109       38.12733982374603       -0.90547134266002
48
 energy: -73.171358821074 gnorm: 0.000076519373 xtb: 6.7.1 (edcfbbe)
C          -17.39533888605475       36.14665986880274        0.96826079883714
C          -17.60301905674948       36.12610222333603       -0.54550146811434
C          -19.06445026582556       36.41028512396041       -0.89283085949684
C          -16.67976030318145       37.12253726692727       -1.24463844820910
O          -17.37970869133522       34.78240670487399       -1.06313719478222
C          -16.19297558986597       34.17009833276282       -0.94980608070383
O          -15.19168878895163       34.63451961070999       -0.43025663821744
N          -16.25869765004612       32.94874723527695       -1.50984717472905
C          -15.16665511952685       32.00594102734652       -1.50058089492425
C          -14.89476764098884       31.42042909417324       -2.89434127830014
C          -14.30530112507949       30.04490755739102       -2.60891587443480
C          -15.16471264957276       29.53627144405615       -1.44378519220776
C          -15.44432750824025       30.78807673996961       -0.58976384356837
N          -14.54160433740685       28.47558245155996       -0.69421753962972
C          -13.33510470947544       28.52121938804412       -0.05995553542883
N          -13.01027674375990       27.42370118945784        0.55349655037661
C          -14.06298341716296       26.56614767099857        0.32956525816159
C          -15.03800702269523       27.22457878275977       -0.45718975364440
C          -16.20278686534799       26.53277737052171       -0.79811616444625
C          -17.40829604624102       26.74037450030831       -1.51732306925045
C          -18.12369883657111       25.58132371605320       -1.42896290719980
N          -17.43672174103263       24.65948035465074       -0.69696970032461
C          -16.25902745476863       25.20413542046599       -0.29372702629114
N          -15.34342843716290       24.57030229653865        0.44683574805317
C          -14.25765264057597       25.24767958547475        0.75432992871747
H          -17.14971752994002       32.65793772425958       -1.88429950198118
H          -14.29955333742483       32.56436588805344       -1.13772724053112
H          -15.83776017972936       31.31728331700537       -3.43147957765282
H          -14.22894146800135       32.04919234462946       -3.47973512379511
H          -13.26705482385593       30.13722773869888       -2.29065439869345
H          -14.34682047356272       29.38075310903374       -3.46962083104154
H          -16.10024961859357       29.13143440750084       -1.83330525833939
H          -14.79358226140774       30.80429673478842        0.28317240873820
H          -16.47332499034882       30.80150841461224       -0.23459682205485
H          -12.71281273688938       29.39433781422491       -0.06891658875970
H          -17.71565087187514       27.62644728583472       -2.03498032204317
H          -19.08502098356624       25.34960788140610       -1.84225551520407
H          -13.51954171258340       24.73682456706042        1.35418034011264
H          -17.73956062313747       23.72505464813410       -0.47984162691610
H          -19.20585178075262       36.36184444161275       -1.96863523384083
H          -19.33877999926350       37.39847672064354       -0.53968548575615
H          -19.70717245130125       35.67090749323950       -0.42378847311433
H          -16.36071939666114       35.91419579033587        1.20899907652923
H          -18.03986096183842       35.41105771362422        1.44404814575134
H          -17.63446373695362       37.13206610108440        1.35481606848716
H          -15.64111722330604       36.89913008389295       -1.01322045368988
H          -16.81864508635017       37.06828693073711       -2.32187792983374
H          -16.90830622501615       38.12807789716054       -0.90641729561798
48
 energy: -73.171360742189 gnorm: 0.000077664883 xtb: 6.7.1 (edcfbbe)
C          -17.39388920596355       36.14801188300475        0.96851676058196
C          -17.60205542274288       36.12727575437427       -0.54517584901088
C          -19.06341288967215       36.41235234797127       -0.89208463859181
C          -16.67833124560149       37.12293822642283       -1.24479816948276
O          -17.37979482218013       34.78334579409290       -1.06265089716581
C          -16.19338512537951       34.17033484180640       -0.94976011213846
O          -15.19169062863101       34.63407104908675       -0.43038313575551
N          -16.25996116140327       32.94914328056846       -1.51005238136934
C          -15.16859735654473       32.00556368754269       -1.50095342110337
C          -14.89712686216714       31.41993885748116       -2.89472035956162
C          -14.30731713125405       30.04459062182518       -2.60919193849180
C          -15.16649567243111       29.53586776109965       -1.44390473267156
C          -15.44708872059747       30.78777487926552       -0.59031041732156
N          -14.54268572776253       28.47589864821922       -0.69390182398920
C          -13.33659899359605       28.52288035086342       -0.05895523147215
N          -13.01105471082281       27.42583778343531        0.55496990574919
C          -14.06278682087288       26.56719234439091        0.33063684751865
C          -15.03797183460283       27.22445029598664       -0.45689862838570
C          -16.20181663340211       26.53138458912672       -0.79844329230309
C          -17.40700533506517       26.73755544254120       -1.51859446694682
C          -18.12129096193304       25.57780002861793       -1.43043865742183
N          -17.43393314963759       24.65687287850795       -0.69764942783635
C          -16.25708254386033       25.20283357762159       -0.29370784564729
N          -15.34136099770138       24.57013068368743        0.44767079284277
C          -14.25644604497769       25.24866034641433        0.75566716526336
H          -17.15126678879942       32.65891435050933       -1.88427676525958
H          -14.30105011145863       32.56329824495882       -1.13809284951920
H          -15.84029073290622       31.31653738865485       -3.43150947693390
H          -14.23159630634405       32.04871931313883       -3.48042925045203
H          -13.26905874164271       30.13719974856745       -2.29103760280960
H          -14.34875469140994       29.38031414034606       -3.46980651204975
H          -16.10171884498587       29.13020586042260       -1.83331405952448
H          -14.79736616685329       30.80417907797601        0.28338220614961
H          -16.47650187295267       30.80115705387443       -0.23634003770145
H          -12.71517152673383       29.39661830967732       -0.06777408859340
H          -17.71485774153623       27.62315150337996       -2.03677220184776
H          -19.08206199973644       25.34498536789674       -1.84439407981552
H          -13.51821266061533       24.73868728294978        1.35611621870709
H          -17.73599199717913       23.72220504619110       -0.48047554136307
H          -19.20508030704604       36.36437575502183       -1.96787255047913
H          -19.33715204250137       37.40055494852994       -0.53851229541139
H          -19.70641141395587       35.67313354312606       -0.42316555446407
H          -16.35947510782524       35.91437778554378        1.20899583876976
H          -18.03914208400795       35.41333125562756        1.44472672707329
H          -17.63168998334208       37.13382041730645        1.35486320862558
H          -15.63978375143912       36.89919370450126       -1.01326994363163
H          -16.81724026945603       37.06817751937332       -2.32200968530272
H          -16.90644485844730       38.12875643246543       -0.90711774845984
48
 energy: -73.171362639946 gnorm: 0.000078198976 xtb: 6.7.1 (edcfbbe)
C          -17.39253836120336       36.14928769986830        0.96877461750241
C          -17.60110158083832       36.12843439397170       -0.54486167362311
C          -19.06235632658937       36.41442207947560       -0.89145338375981
C          -16.67689386749927       37.12335651734080       -1.24489764771064
O          -17.37986200404731       34.78429069896651       -1.06221562537787
C          -16.19379932743407       34.17054722569272       -0.94967349953537
O          -15.19172022074348       34.63358398941540       -0.43041543663195
N          -16.26122044896565       32.94950835900264       -1.51020265155717
C          -15.17053193231221       32.00516105718762       -1.50127118621817
C          -14.89938625579701       31.41954254599656       -2.89507715250824
C          -14.30923833621836       30.04436148807847       -2.60946639331396
C          -15.16821654522175       29.53543780719181       -1.44409862616414
C          -15.44989857363775       30.78738955759172       -0.59088805388359
N          -14.54371918883187       28.47618164392690       -0.69365821075364
C          -13.33803356768880       28.52448624807987       -0.05805235704606
N          -13.01178920229917       27.42791949609539        0.55635278787170
C          -14.06256444758985       26.56820034151638        0.33163610929675
C          -15.03792855676752       27.22431558552919       -0.45662881350921
C          -16.20087147508209       26.53001883980381       -0.79874039884612
C          -17.40575111389666       26.73478566136739       -1.51980826969208
C          -18.11897043452267       25.57436611227940       -1.43177727219483
N          -17.43122529818621       24.65433573254051       -0.69822533407655
C          -16.25517751955810       25.20156062192088       -0.29365678823592
N          -15.33932283029332       24.56996394716579        0.44850061717276
C          -14.25523188800258       25.24961048240996        0.75693981570555
H          -17.15278540565519       32.65988646413938       -1.88428106070036
H          -14.30256599360489       32.56219272694628       -1.13832246348344
H          -15.84269241029983       31.31588065581285       -3.43156521713640
H          -14.23413751100117       32.04839039152114       -3.48103652832804
H          -13.27099027968463       30.13726122279961       -2.29135547793218
H          -14.35052619018755       29.38000582935633       -3.47002563429268
H          -16.10308044136303       29.12893254891236       -1.83348246409920
H          -14.80128140334738       30.80393092831311        0.28362126860603
H          -16.47975856367085       30.80066005274027       -0.23820779046209
H          -12.71744006477048       29.39881972856385       -0.06677109834169
H          -17.71409019455276       27.61990597312082       -2.03850987826611
H          -19.07922033199033       25.34048473250345       -1.84633830007014
H          -13.51689328495372       24.74052132506085        1.35800908566279
H          -17.73252450405088       23.71943886120287       -0.48098089790964
H          -19.20428737220815       36.36667095814138       -1.96721685782707
H          -19.33544729374646       37.40273227808591       -0.53768346695315
H          -19.70568216575662       35.67551459328263       -0.42249245907726
H          -16.35830395685832       35.91464348187854        1.20904051290151
H          -18.03843015672767       35.41539020441239        1.44532134467760
H          -17.62921105017394       37.13543523156888        1.35494913353781
H          -15.63845300014585       36.89914713870506       -1.01334018094309
H          -16.81588492197255       37.06826765717310       -2.32208440916211
H          -16.90446420002844       38.12941888733696       -0.90758233231602
48
 energy: -73.171364588895 gnorm: 0.000078471481 xtb: 6.7.1 (edcfbbe)
C          -17.39124212307118       36.15053333870748        0.96901724158341
C          -17.60013249161561       36.12962732019325       -0.54457158289406
C          -19.06126448200744       36.41657053814271       -0.89089097457464
C          -16.67537762736955       37.12382045743680       -1.24492073789198
O          -17.37991847445022       34.78528135804686       -1.06183355448258
C          -16.19423537929883       34.17076004156846       -0.94956215822954
O          -15.19178822305498       34.63305496549359       -0.43035433217365
N          -16.26252568928572       32.94986678761327       -1.51030296694948
C          -15.17253512522023       32.00472900357197       -1.50152985458992
C          -14.90163318862939       31.41917539743793       -2.89538140440824
C          -14.31110244318144       30.04416659848742       -2.60975694646177
C          -15.16994279340557       29.53496815611547       -1.44438505948619
C          -15.45286416506792       30.78691329786939       -0.59152542284896
N          -14.54473792228998       28.47644173757470       -0.69350202524207
C          -13.33945689627568       28.52609633599830       -0.05723472456634
N          -13.01249306408102       27.43001616975091        0.55765765298354
C          -14.06231852377754       26.56922197934129        0.33261087459469
C          -15.03786005546948       27.22416043381666       -0.45641242235789
C          -16.19990585670986       26.52862340985847       -0.79904641545074
C          -17.40450259091572       26.73197660666322       -1.52098424442200
C          -18.11664262063725       25.57088739557657       -1.43305115777764
N          -17.42849916383133       24.65177759779483       -0.69871868059742
C          -16.25324788566744       25.20027841452565       -0.29356312789106
N          -15.33724938913888       24.56981098490772        0.44937663921074
C          -14.25398513214068       25.25058769154037        0.75823000501429
H          -17.15433083779649       32.66089742988861       -1.88431398355879
H          -14.30415730441472       32.56100972005210       -1.13840300843383
H          -15.84505091346063       31.31526454442858       -3.43162500554057
H          -14.23665488195160       32.04814207467959       -3.48151831034038
H          -13.27288555109749       30.13738358460017       -2.29162701071183
H          -14.35216915528400       29.37978024912078       -3.47030349685280
H          -16.10439089975573       29.12756533768761       -1.83382133301017
H          -14.80547289928329       30.80356597204893        0.28388781416972
H          -16.48321815546009       30.80003447777640       -0.24027697293906
H          -12.71971349075841       29.40103592255286       -0.06585889731079
H          -17.71334692224395       27.61661356592426       -2.04020993340608
H          -19.07638040326242       25.33592916572148       -1.84818761968228
H          -13.51551887963946       24.74238938867643        1.35989498534237
H          -17.72903171037530       23.71665753189083       -0.48137129357598
H          -19.20343788698109       36.36882781358949       -1.96662171170047
H          -19.33362808080773       37.40508940064061       -0.53714226271558
H          -19.70498851332632       35.67812588639669       -0.42174547714503
H          -16.35716856854552       35.91500472266049        1.20910942274794
H          -18.03769546107843       35.41730143041249        1.44582482206922
H          -17.62694500981594       37.13696007281809        1.35506991707917
H          -15.63705158618868       36.89900432374265       -1.01343382546531
H          -16.81452672215343       37.06856629413160       -2.32207838781067
H          -16.90227485970349       38.13010507651916       -0.90781305030341
48
 energy: -73.171366690316 gnorm: 0.000078376165 xtb: 6.7.1 (edcfbbe)
C          -17.38993777950932       36.15180355510018        0.96926909047845
C          -17.59909402568828       36.13091176414854       -0.54428257955913
C          -19.06007048729874       36.41890607462216       -0.89038689365484
C          -16.67370747632405       37.12434524630494       -1.24487694341984
O          -17.37995998365523       34.78637315017313       -1.06149960614651
C          -16.19471245035293       34.17097827430002       -0.94942606590126
O          -15.19188899196985       34.63245498327995       -0.43021538732153
N          -16.26393984797924       32.95022965043898       -1.51036862426885
C          -15.17470486272585       32.00423692574169       -1.50175416820131
C          -14.90396849811037       31.41885650584141       -2.89568031008836
C          -14.31302438931367       30.04403043194099       -2.61005733300648
C          -15.17176707214533       29.53443404473099       -1.44476214533734
C          -15.45613244687326       30.78632219772818       -0.59224764372604
N          -14.54580259466473       28.47669313111988       -0.69340129383233
C          -13.34094391046527       28.52778914630277       -0.05644999669579
N          -13.01321632116958       27.43224153232799        0.55898630947899
C          -14.06202636977449       26.57029637591717        0.33359657389002
C          -15.03777195475676       27.22397947571142       -0.45621467447905
C          -16.19887841550252       26.52712897320044       -0.79935934822333
C          -17.40319654869879       26.72898092850229       -1.52218188590713
C          -18.11420401528686       25.56719434161417       -1.43429667414119
N          -17.42561652920370       24.64906334703037       -0.69915576876715
C          -16.25118951037199       25.19891129347227       -0.29343405609070
N          -15.33502030578459       24.56964568254517        0.45031423320099
C          -14.25262291781669       25.25162049899191        0.75956871896920
H          -17.15597771694243       32.66199356221438       -1.88439129020530
H          -14.30590927023241       32.55968036301699       -1.13833316064460
H          -15.84747319227897       31.31468324286246       -3.43172029031917
H          -14.23925744736467       32.04799738172030       -3.48193499872697
H          -13.27485909923106       30.13759086603438       -2.29185002043573
H          -14.35379103247013       29.37965837710879       -3.47062767932010
H          -16.10572204197831       29.12603776302663       -1.83433387473582
H          -14.81015739433657       30.80305493502906        0.28420945474883
H          -16.48705587088579       30.79923661657616       -0.24265785694480
H          -12.72210705229752       29.40337328835218       -0.06498870187349
H          -17.71258676562148       27.61309955463073       -2.04196630384280
H          -19.07341671645961       25.33109785830883       -1.85000007069534
H          -13.51401495777684       24.74437821560144        1.36186585104536
H          -17.72533426103442       23.71371307990208       -0.48167256375484
H          -19.20249018083032       36.37097023078294       -1.96607640754331
H          -19.33158880053260       37.40773839597210       -0.53686411364717
H          -19.70428296912987       35.68109879918156       -0.42090774395309
H          -16.35601431800583       35.91547849858462        1.20921822987424
H          -18.03689216037088       35.41913865318058        1.44626432727960
H          -17.62479363550544       37.13845780050733        1.35525512949465
H          -15.63551120694804       36.89875512233418       -1.01355691650661
H          -16.81309454279458       37.06911021692454       -2.32200482422125
H          -16.89977166150706       38.13082965105390       -0.90780970132590
48
 energy: -73.171369053305 gnorm: 0.000078145415 xtb: 6.7.1 (edcfbbe)
C          -17.38856199835295       36.15314884777253        0.96953503903210
C          -17.59793063801250       36.13235868779589       -0.54398712007867
C          -19.05870776309733       36.42156217173682       -0.88992423425948
C          -16.67179821573221       37.12497784905018       -1.24475137228494
O          -17.37998869822070       34.78762894261582       -1.06120883187589
C          -16.19525800413525       34.17121925493150       -0.94926178355399
O          -15.19203516406312       34.63175653671827       -0.42998812122179
N          -16.26553962505131       32.95061917073527       -1.51039516627963
C          -15.17715646828459       32.00366508713622       -1.50194127379747
C          -14.90650358911635       31.41855087744923       -2.89596115053677
C          -14.31509166908058       30.04392042091963       -2.61039695509129
C          -15.17378200358906       29.53381146898649       -1.44525828985424
C          -15.45989667973856       30.78558442665707       -0.59309542888468
N          -14.54697025819873       28.47695385310408       -0.69335486639850
C          -13.34257883808284       28.52966133021872       -0.05565159965771
N          -13.01398145265537       27.43470217398564        0.56037047475600
C          -14.06167336965928       26.57148322140463        0.33464084064701
C          -15.03765817809140       27.22376490850100       -0.45603304753404
C          -16.19773529989806       26.52545794223874       -0.79969676578822
C          -17.40177294738197       26.72564560650245       -1.52344893431248
C          -18.11152933624602       25.56309377505050       -1.43557083401521
N          -17.42242411968638       24.64605074865770       -0.69955685167906
C          -16.24889196742878       25.19738845302102       -0.29326392781561
N          -15.33251322839212       24.56945957565737        0.45135596790638
C          -14.25107083517907       25.25276534370641        0.76102008312310
H          -17.15781157295656       32.66323477091615       -1.88451511756526
H          -14.30791482655063       32.55814408919134       -1.13809875158088
H          -15.85006645884988       31.31410233707717       -3.43184463409918
H          -14.24206230971695       32.04793067997740       -3.48226545850391
H          -13.27700727891488       30.13786943361214       -2.29203374769167
H          -14.35545672287886       29.37960898602372       -3.47103332529936
H          -16.10713245630685       29.12426607050630       -1.83506348365479
H          -14.81561141335233       30.80237519494240        0.28460308145648
H          -16.49149558835183       30.79822760289496       -0.24548308806541
H          -12.72475423253353       29.40596350608054       -0.06410479402537
H          -17.71178697086241       27.60918776858591       -2.04384255093304
H          -19.07018173914054       25.32574088745826       -1.85185062899838
H          -13.51228605346750       24.74658481024504        1.36399285572424
H          -17.72123577918626       23.71045174349195       -0.48189474314996
H          -19.20138499971878       36.37323501269388       -1.96556281612070
H          -19.32922301381732       37.41082316447836       -0.53683089677226
H          -19.70352307429693       35.68459158294574       -0.41995864392736
H          -16.35477929667779       35.91608792852058        1.20936274406320
H          -18.03598106819814       35.42096643334116        1.44664062640243
H          -17.62266714746180       37.13998565333366        1.35551052267852
H          -15.63375745924354       36.89838728420716       -1.01370777172417
H          -16.81151406878970       37.06995284102907       -2.32184710234197
H          -16.89681612132914       38.13165154788702       -0.90754812542022
48
 energy: -73.171371803904 gnorm: 0.000077779618 xtb: 6.7.1 (edcfbbe)
C          -17.38704798699483       36.15463267212742        0.96981410351495
C          -17.59657792093990       36.13405344640407       -0.54368668064927
C          -19.05710489314090       36.42469130600404       -0.88948078330179
C          -16.66952164825224       37.12576047131500       -1.24452438179534
O          -17.37999915736673       34.78912853343699       -1.06097302964978
C          -16.19590078520569       34.17149834332734       -0.94907156425679
O          -15.19223415911134       34.63092108872039       -0.42966563497422
N          -16.26741353927569       32.95105759951936       -1.51039396422760
C          -15.18003045551342       32.00297695777085       -1.50210238512965
C          -14.90937342801440       31.41826393916927       -2.89624946389869
C          -14.31742240659960       30.04385634109986       -2.61076147321131
C          -15.17611576008510       29.53305394315138       -1.44589342124072
C          -15.46436819937210       30.78465174621287       -0.59412207089576
N          -14.54831545955150       28.47723072799223       -0.69335362091444
C          -13.34445298320271       28.53180700932129       -0.05480978125025
N          -13.01484512272589       27.43754289686605        0.56190869650955
C          -14.06123059952618       26.57283766746277        0.33578563819751
C          -15.03751209833193       27.22349442989207       -0.45585990692980
C          -16.19641307253911       26.52350982390991       -0.80007290144963
C          -17.40016384020663       26.72178648970849       -1.52482684601865
C          -18.10847058836354       25.55835142775312       -1.43693042262258
N          -17.41873916142741       24.64256471116711       -0.69993828127425
C          -16.24622170953627       25.19561736802440       -0.29304273943483
N          -15.32957294167071       24.56923048644031        0.45254329341586
C          -14.24922375809192       25.25407148749049        0.76263765029941
H          -17.15993088805577       32.66469514117626       -1.88471198153524
H          -14.31029579050380       32.55630303628072       -1.13766677971116
H          -15.85296673744659       31.31351615093061       -3.43202191503628
H          -14.24520757823413       32.04795958141945       -3.48252933229897
H          -13.27944590278406       30.13824870402666       -2.29216535127474
H          -14.35727018019530       29.37966203304656       -3.47150990708577
H          -16.10871761571271       29.12214276485026       -1.83604545702405
H          -14.82215653006565       30.80147227825973        0.28509505312727
H          -16.49679038359275       30.79694340618224       -0.24893963501720
H          -12.72781267264117       29.40894709602365       -0.06316394289053
H          -17.71092282001406       27.60466817663934       -2.04589870824679
H          -19.06649608147465       25.31955175561093       -1.85382617718448
H          -13.51022054020548       24.74912345125453        1.36637552278047
H          -17.71650056840843       23.70668394992622       -0.48204633802302
H          -19.20004788220960       36.37578195261796       -1.96505728567777
H          -19.32640619754778       37.41451205741576       -0.53702605287991
H          -19.70267858227549       35.68879075306459       -0.41887866611789
H          -16.35340674543104       35.91686486448557        1.20954607477334
H          -18.03491152848126       35.42286093935921        1.44694660925209
H          -17.62047203570422       37.14160493839085        1.35585430843108
H          -15.63166860047249       36.89789225550054       -1.01388836073623
H          -16.80967664977868       37.07116841582418       -2.32158281515349
H          -16.89322581369548       38.13261538742010       -0.90698889028672
48
 energy: -73.171375066808 gnorm: 0.000077746629 xtb: 6.7.1 (edcfbbe)
C          -17.38532732266714       36.15631305690080        0.97013863133836
C          -17.59495790663053       36.13608482178792       -0.54335222145711
C          -19.05515303075777       36.42846797692462       -0.88907551200720
C          -16.66677726344567       37.12674429086156       -1.24418649024062
O          -17.37998699014402       34.79096150579281       -1.06079259012783
C          -16.19667568450359       34.17183325445081       -0.94884347969127
O          -15.19249967584231       34.62990455266270       -0.42922578531131
N          -16.26966209633784       32.95156920924566       -1.51035700829896
C          -15.18348070573929       32.00213694005322       -1.50222959828287
C          -14.91270661414874       31.41795948886700       -2.89653255943343
C          -14.32013254753764       30.04379853940846       -2.61119928823280
C          -15.17888200102817       29.53214150886689       -1.44670326053133
C          -15.46981451727894       30.78348221007390       -0.59536792596430
N          -14.54991388557677       28.47755583948052       -0.69339093625832
C          -13.34667731787206       28.53435762813886       -0.05386101589157
N          -13.01583100787153       27.44090094751589        0.56362892398070
C          -14.06067501975501       26.57443902088916        0.33708584017047
C          -15.03733198499416       27.22316883682519       -0.45567896800091
C          -16.19485022174327       26.52119304214943       -0.80049536564596
C          -17.39828800402192       26.71720103742401       -1.52638789075903
C          -18.10488837236357       25.55273560724783       -1.43840503205860
N          -17.41437056928523       24.63842488085532       -0.70031649133858
C          -16.24303079370031       25.19350201526222       -0.29277700660038
N          -15.32602290275416       24.56893698384999        0.45389681478682
C          -14.24697514677558       25.25560880388909        0.76448577683608
H          -17.16244543512246       32.66645578462502       -1.88499521193551
H          -14.31318282139538       32.55406007950038       -1.13698903581678
H          -15.85629069372503       31.31288329409240       -3.43225569156263
H          -14.24882479686681       32.04806308026762       -3.48269761472204
H          -13.28231028182490       30.13871548298627       -2.29225262744473
H          -14.35930178479673       29.37978376024151       -3.47211900677708
H          -16.11053826453904       29.11956623926095       -1.83734557634490
H          -14.83017109710468       30.80030776444651        0.28572025002765
H          -16.50324782968007       30.79533198574774       -0.25319010445274
H          -12.73145354276935       29.41249621682515       -0.06209809679668
H          -17.70995465686495       27.59930105188242       -2.04824280986811
H          -19.06219694226114       25.31223128288551       -1.85596693708008
H          -13.50767787964748       24.75211024100112        1.36907326589442
H          -17.71088952661497       23.70221779635323       -0.48212346264225
H          -19.19839259639947       36.37879560309679       -1.96458062234084
H          -19.32298056986659       37.41898508819426       -0.53745417959788
H          -19.70166638411363       35.69390458908384       -0.41767756601645
H          -16.35183482304069       35.91783144945150        1.20979554096848
H          -18.03364117358011       35.42489118340973        1.44719802415255
H          -17.61811232034785       37.14337898438540        1.35632586993627
H          -15.62916484812674       36.89724472084009       -1.01408257069061
H          -16.80747611063869       37.07284651240143       -2.32120901339002
H          -16.88883403787401       38.13377581359023       -0.90609038348407
48
 energy: -73.171378938503 gnorm: 0.000078829053 xtb: 6.7.1 (edcfbbe)
C          -17.38335311967334       36.15824814570581        0.97046718084764
C          -17.59301843970412       36.13853218194764       -0.54302070626395
C          -19.05280829661514       36.43302991660466       -0.88866946334817
C          -16.66341152083337       37.12798078107083       -1.24368150593336
O          -17.37994648198756       34.79319538795626       -1.06069522055223
C          -16.19760802334236       34.17224040297585       -0.94859089277893
O          -15.19285174588090       34.62866847233505       -0.42864636430157
N          -16.27236019385029       32.95217660980678       -1.51030083742868
C          -15.18762858955384       32.00112025182245       -1.50233078729800
C          -14.91663201087589       31.41766461025593       -2.89683369361130
C          -14.32333295549963       30.04379263717550       -2.61166026181688
C          -15.18221318222457       29.53100891032704       -1.44770371597075
C          -15.47641258215125       30.78202017258264       -0.59690100298699
N          -14.55183825401767       28.47791768980563       -0.69346173229513
C          -13.34933599907495       28.53738392614213       -0.05279163918738
N          -13.01700117309404       27.44490767679439        0.56563633683504
C          -14.05997026418426       26.57632027514991        0.33855781330011
C          -15.03710402229338       27.22274717903151       -0.45550094458287
C          -16.19298016347656       26.51840254501009       -0.80098820156809
C          -17.39609881783299       26.71173354786925       -1.52812564490669
C          -18.10063386560317       25.54602120329460       -1.44005945610476
N          -17.40914548629312       24.63346983874014       -0.70069923672937
C          -16.23919858011231       25.19095912751971       -0.29244235884207
N          -15.32172344564798       24.56855918722996        0.45546511449125
C          -14.24421092058829       25.25740183354845        0.76657934251166
H          -17.16543279634342       32.66858764611385       -1.88540730039097
H          -14.31668025169281       32.55134143645209       -1.13604781407841
H          -15.86017293851663       31.31222429178721       -3.43256257643889
H          -14.25304655772234       32.04828285128941       -3.48278522233427
H          -13.28570038528434       30.13930832681102       -2.29225938172161
H          -14.36166598161170       29.38002585407671       -3.47280465269588
H          -16.11270248686659       29.11642372845093       -1.83899094729445
H          -14.83994497505201       30.79881424089297        0.28648814145243
H          -16.51107900552188       30.79330724738904       -0.25843346992062
H          -12.73582708461795       29.41672794619587       -0.06087894461040
H          -17.70888844981694       27.59291881442505       -2.05085601011560
H          -19.05710858084432       25.30349002072295       -1.85836286417503
H          -13.50455180843703       24.75564127731511        1.37216929020513
H          -17.70417888643440       23.69688045568859       -0.48212764672665
H          -19.19632957330429       36.38244195322789       -1.96409208182732
H          -19.31885682461405       37.42439506885735       -0.53808255660492
H          -19.70050159342592       35.70009063198418       -0.41636056927402
H          -16.35002584589700       35.91900378457692        1.21007793032318
H          -18.03215680568632       35.42713153806222        1.44733601832687
H          -17.61550770367296       37.14536693086863        1.35690202904729
H          -15.62609332941822       36.89645221305843       -1.01426952062557
H          -16.80478546618869       37.07504759463522       -2.32065763139880
H          -16.88344453459475       38.13519364040893       -0.90479633960398
48
 energy: -73.171379709361 gnorm: 0.000081703694 xtb: 6.7.1 (edcfbbe)
C          -17.38294972058998       36.15906375819666        0.97037416547658
C          -17.59278251805642       36.13904920353352       -0.54308883683752
C          -19.05252462344728       36.43383313965057       -0.88868463378909
C          -16.66303834255836       37.12811997248019       -1.24410662479808
O          -17.38009254098734       34.79354809395250       -1.06049745779345
C          -16.19793260042189       34.17228403161192       -0.94824103335629
O          -15.19304233497216       34.62858012365837       -0.42844593628193
N          -16.27295122494501       32.95217702514082       -1.50981994665831
C          -15.18832505720791       32.00100124219323       -1.50196308759681
C          -14.91740384210240       31.41765474708842       -2.89652928525719
C          -14.32401680665248       30.04379326687082       -2.61151972143030
C          -15.18275793590534       29.53088502458871       -1.44751283586915
C          -15.47711331452454       30.78182210853559       -0.59664328233339
N          -14.55212119172036       28.47787276154372       -0.69337214909146
C          -13.34959433284640       28.53757537547826       -0.05278636368179
N          -13.01692367173428       27.44511547510116        0.56547855269363
C          -14.05967115225396       26.57628304893723        0.33838310307814
C          -15.03702674073039       27.22253787055898       -0.45553712515682
C          -16.19270613485487       26.51789262767042       -0.80106689676664
C          -17.39589371774249       26.71094257586207       -1.52815650855597
C          -18.10009699071288       25.54503054032626       -1.44017325058801
N          -17.40830426470856       24.63258638933328       -0.70097563580102
C          -16.23851125534577       25.19036769501674       -0.29269955292794
N          -15.32082841741229       24.56814410129988        0.45508931169232
C          -14.24351337716148       25.25726133626696        0.76625225079425
H          -17.16607201666869       32.66873093950876       -1.88491188313120
H          -14.31732875210678       32.55113067585719       -1.13566926136049
H          -15.86097115478834       31.31223406493871       -3.43221882317402
H          -14.25386504748492       32.04833741162120       -3.48246686682300
H          -13.28637160502699       30.13936368008312       -2.29218467577686
H          -14.36236190066531       29.38008699607137       -3.47271238045152
H          -16.11318535977480       29.11615160254330       -1.83877037393884
H          -14.84068594867720       30.79859202492759        0.28675058959031
H          -16.51177415660201       30.79304148180199       -0.25821956779075
H          -12.73632055523600       29.41707870324098       -0.06081217339074
H          -17.70894960326539       27.59208840238480       -2.05078775932416
H          -19.05651368977128       25.30226934725905       -1.85846641960026
H          -13.50366092503914       24.75561875275329        1.37169714419353
H          -17.70305986260809       23.69588887754405       -0.48249916296543
H          -19.19620550100449       36.38296744644605       -1.96407641103086
H          -19.31827159356236       37.42536268104256       -0.53835222604154
H          -19.70034150814916       35.70120985844958       -0.41607224643787
H          -16.34960831675697       35.91981647069932        1.20992401244066
H          -18.03174608900285       35.42807824225615        1.44746013046256
H          -17.61501135278754       37.14627710568403        1.35663549622868
H          -15.62575640599819       36.89632455079671       -1.01483893083832
H          -16.80460066081751       37.07509728005648       -2.32105623275541
H          -16.88271588458658       38.13543187313024       -0.90530919625222
48
 energy: -73.171380566985 gnorm: 0.000081719130 xtb: 6.7.1 (edcfbbe)
C          -17.38260077851176       36.15987129264551        0.97024452254482
C          -17.59251056422373       36.13963531815205       -0.54320496377049
C          -19.05218549086960       36.43476828197148       -0.88878141529805
C          -16.66253387556412       37.12833595956378       -1.24444165967047
O          -17.38019991567770       34.79399572979811       -1.06042133269662
C          -16.19822610148252       34.17240608005718       -0.94803049571677
O          -15.19323958379972       34.62848180672398       -0.42822580565367
N          -16.27359422775624       32.95217339094869       -1.50929400390456
C          -15.18909539096218       32.00085307856797       -1.50152842363495
C          -14.91819297469508       31.41770095300201       -2.89618071929203
C          -14.32474110545041       30.04383775675861       -2.61134191897656
C          -15.18338440106927       29.53072138485731       -1.44734336735225
C          -15.47799710905977       30.78155752507790       -0.59640847926134
N          -14.55246474636291       28.47781975798079       -0.69327980949758
C          -13.34990877052675       28.53781547197672       -0.05278160807651
N          -13.01682565336541       27.44536839246691        0.56527971778169
C          -14.05930032430955       26.57623174736509        0.33813309904851
C          -15.03693882085912       27.22229003424867       -0.45559883213524
C          -16.19240929434618       26.51730617594368       -0.80113671161701
C          -17.39573088809425       26.71006405639907       -1.52807745741057
C          -18.09953401659986       25.54390344334607       -1.44020861571623
N          -17.40736479025566       24.63157709169746       -0.70121929574615
C          -16.23772517377422       25.18968745124329       -0.29297108129546
N          -15.31976299985343       24.56764993124737        0.45462636226580
C          -14.24265206881631       25.25707556980978        0.76579518727722
H          -17.16675105765416       32.66891557970119       -1.88443832035877
H          -14.31804392999904       32.55083360492345       -1.13514174979626
H          -15.86176607592521       31.31231291372859       -3.43186542222495
H          -14.25468607437051       32.04848696860947       -3.48204744284475
H          -13.28708551359851       30.13943178486259       -2.29204577012619
H          -14.36308058615330       29.38022306447076       -3.47260489832527
H          -16.11372166301166       29.11578915978911       -1.83859358975552
H          -14.84175817279259       30.79827795423078        0.28711260507182
H          -16.51272410786598       30.79267073777611       -0.25821746735722
H          -12.73692234197973       29.41751727585264       -0.06072192349683
H          -17.70913109074786       27.59118756396660       -2.05053776499295
H          -19.05590915889000       25.30088657982419       -1.85844245968266
H          -13.50257879275202       24.75558134341438        1.37108989271131
H          -17.70179889362247       23.69475760113155       -0.48283539809978
H          -19.19596932576404       36.38356205062112       -1.96414401173051
H          -19.31756932184329       37.42651513257220       -0.53879461922284
H          -19.70020912280089       35.70253716560310       -0.41585164045086
H          -16.34923874467578       35.92070391991106        1.20978347984804
H          -18.03134021202278       35.42891606780240        1.44745855780698
H          -17.61470517301282       37.14712425783366        1.35638638491605
H          -15.62529503531326       36.89615160534208       -1.01538440517598
H          -16.80434277239749       37.07535745653670       -2.32136006741905
H          -16.88175376649613       38.13573253363956       -0.90560686049329
48
 energy: -73.171381559082 gnorm: 0.000076732507 xtb: 6.7.1 (edcfbbe)
C          -17.38229457342491       36.16070238653256        0.97007088035441
C          -17.59217563778850       36.14033235119436       -0.54337901661769
C          -19.05175570313196       36.43588730065488       -0.88899925267494
C          -16.66185868006582       37.12864205523208       -1.24471615533565
O          -17.38028785109302       34.79453705110249       -1.06037295035132
C          -16.19855126037429       34.17254303677516       -0.94773672245488
O          -15.19340825457608       34.62842636947319       -0.42805831441090
N          -16.27434080688303       32.95214720440782       -1.50858799110784
C          -15.18997300551338       32.00067728641192       -1.50102101721587
C          -14.91905606692026       31.41778392956885       -2.89577681711995
C          -14.32554481689751       30.04390439687764       -2.61115423490543
C          -15.18411732944248       29.53051489407514       -1.44720737862386
C          -15.47913869286503       30.78122383857794       -0.59621123159968
N          -14.55287310371371       28.47776805277740       -0.69318996135970
C          -13.35028309364272       28.53813364736216       -0.05278039694025
N          -13.01669714972315       27.44570327097125        0.56504532285765
C          -14.05883500130778       26.57618127054771        0.33780825755009
C          -15.03682066561661       27.22199659985895       -0.45570312464047
C          -16.19206357192580       26.51661950455718       -0.80120809954479
C          -17.39559183626788       26.70905892615086       -1.52789589471698
C          -18.09892102160538       25.54259738451610       -1.44015254909395
N          -17.40627023361595       24.63039382857837       -0.70145967268135
C          -16.23678486223082       25.18888579617145       -0.29328459822010
N          -15.31846282443002       24.56705606995145        0.45404869935645
C          -14.24158770559768       25.25685732018803        0.76521578184769
H          -17.16752578592100       32.66913606607881       -1.88385003291774
H          -14.31884992961155       32.55042780325053       -1.13444590791773
H          -15.86262728583767       31.31244541128966       -3.43147176185074
H          -14.25557815145794       32.04870891591007       -3.48152744685403
H          -13.28788271767482       30.13949126362474       -2.29186960225672
H          -14.36386797878033       29.38041539848895       -3.47251461644686
H          -16.11432296233906       29.11530698323271       -1.83848696491209
H          -14.84328171405931       30.79786538428533        0.28759838084288
H          -16.51402414145714       30.79220732068308       -0.25847153205575
H          -12.73766612749247       29.41809707301712       -0.06058342112825
H          -17.70943201593212       27.59017669318643       -2.05010563175724
H          -19.05527561008901       25.29928936814600       -1.85826873405137
H          -13.50123179356934       24.75553880816500        1.37031313624934
H          -17.70031765523176       23.69342690242235       -0.48317931150495
H          -19.19559841841945       36.38423742987331       -1.96433188613819
H          -19.31670963623741       37.42791593642478       -0.53947322981562
H          -19.70007050021526       35.70414661217800       -0.41570224835390
H          -16.34891709634062       35.92166671824308        1.20966734939564
H          -18.03095735950302       35.42970482377709        1.44732473413509
H          -17.61454566040103       37.14795176028784        1.35612530583322
H          -15.62468218469458       36.89591723264142       -1.01590477020425
H          -16.80394887756302       37.07583109015567       -2.32160363119890
H          -16.88049264849343       38.13612123611585       -0.90573173844656
48
 energy: -73.171382749723 gnorm: 0.000074592536 xtb: 6.7.1 (edcfbbe)
C          -17.38200133728436       36.16162921500796        0.96990014215623
C          -17.59174849282378       36.14117758265985       -0.54356757327378
C          -19.05117569228809       36.43726686489128       -0.88937831942472
C          -16.66099769178734       37.12904354832187       -1.24494980066094
O          -17.38032575754658       34.79524763754422       -1.06040105127059
C          -16.19885167246140       34.17279766975997       -0.94751852760361
O          -15.19352863712713       34.62843027452372       -0.42796420338702
N          -16.27521351468216       32.95214860920809       -1.50772129419599
C          -15.19107108685743       32.00042630059431       -1.50035729457735
C          -14.92012456502860       31.41789739415318       -2.89525313826159
C          -14.32653015298111       30.04399587434891       -2.61093356069449
C          -15.18501836535014       29.53023126344891       -1.44707498505342
C          -15.48065797757654       30.78075218569333       -0.59599805083226
N          -14.55335920666779       28.47770572571562       -0.69308984099712
C          -13.35074110390090       28.53854411883416       -0.05276900220838
N          -13.01653108671995       27.44613783535129        0.56476281035713
C          -14.05824218343374       26.57612830061266        0.33740224107648
C          -15.03664742595604       27.22163443924125       -0.45584788211117
C          -16.19162273684456       26.51578550326827       -0.80128560706572
C          -17.39542049718730       26.70784600079516       -1.52762958673867
C          -18.09819254515319       25.54103990330808       -1.43999115162973
N          -17.40491723994607       24.62896059228193       -0.70172516391502
C          -16.23559766038865       25.18790470382953       -0.29368057952335
N          -15.31682652098693       24.56632789788278        0.45331322574467
C          -14.24025288142166       25.25660040898009        0.76449199067873
H          -17.16842585917819       32.66947866453580       -1.88317127669175
H          -14.31984125689339       32.54984575988343       -1.13353475809245
H          -15.86368488858098       31.31262530371581       -3.43098026812472
H          -14.25666823439223       32.04899098772661       -3.48084848212079
H          -13.28886513076365       30.13957845417768       -2.29165588300852
H          -14.36481471062939       29.38070030149098       -3.47244587872570
H          -16.11501384188954       29.11463495776248       -1.83844885464198
H          -14.84542274647005       30.79726050802676        0.28826776180501
H          -16.51578515529041       30.79158759471964       -0.25897171835753
H          -12.73860301719093       29.41884482209077       -0.06038024097025
H          -17.70981642589708       27.58896513634935       -2.04950443053758
H          -19.05454752835869       25.29739521994876       -1.85791431142016
H          -13.49953931682505       24.75549840807611        1.36933201417559
H          -17.69848674929523       23.69181209491639       -0.48357243914660
H          -19.19503857550059       36.38505109547567       -1.96468185465082
H          -19.31562804665145       37.42964164478706       -0.54044915032786
H          -19.69986883034950       35.70614063027016       -0.41564991871225
H          -16.34861674965565       35.92273307486527        1.20960228976305
H          -18.03060808472404       35.43053867830932        1.44709000780376
H          -17.61444777926639       37.14884754345404        1.35591226465671
H          -15.62391541383972       36.89563202216960       -1.01640752330515
H          -16.80335504341189       37.07654487516295       -2.32181635488736
H          -16.87891058251942       38.13659237582166       -0.90570479007499
48
 energy: -73.171384161177 gnorm: 0.000074378201 xtb: 6.7.1 (edcfbbe)
C          -17.38170405168124       36.16268342404651        0.96964621368694
C          -17.59120665503076       36.14222891171165       -0.54385390887670
C          -19.05045292374322       36.43893894811060       -0.88989745170111
C          -16.65987517123584       37.12962664983456       -1.24512506929509
O          -17.38032417362385       34.79613322305320       -1.06047215498621
C          -16.19920010366780       34.17308789833644       -0.94718003003505
O          -15.19364011114152       34.62844199313755       -0.42783724430287
N          -16.27625662091834       32.95215439803678       -1.50664484458116
C          -15.19242723455059       32.00008555280345       -1.49954757910393
C          -14.92143441922539       31.41803816029024       -2.89462749959198
C          -14.32772359973337       30.04411625656271       -2.61067137461014
C          -15.18612942285523       29.52984828993610       -1.44695303183373
C          -15.48262004038468       30.78012618453180       -0.59579980101461
N          -14.55393233932045       28.47762921755495       -0.69298725907329
C          -13.35129283578012       28.53905316937455       -0.05276411023357
N          -13.01632255767802       27.44668315082707        0.56441696418186
C          -14.05749468866786       26.57607009644143        0.33689968694813
C          -15.03640929121142       27.22119633286018       -0.45602869986382
C          -16.19106187148996       26.51477759048372       -0.80137632686762
C          -17.39520716755114       26.70639128601002       -1.52725976164775
C          -18.09728881754305       25.53916193043175       -1.43976453402566
N          -17.40326774044149       24.62724539171654       -0.70199568559651
C          -16.23413859093814       25.18672573138527       -0.29414462869618
N          -15.31481910228984       24.56546199589809        0.45243015774674
C          -14.23860131533705       25.25629380959943        0.76359742613125
H          -17.16949781680248       32.66993951270265       -1.88236613953345
H          -14.32105490749004       32.54903636446966       -1.13235619818951
H          -15.86498407709449       31.31284797238770       -3.43039075943659
H          -14.25801560117595       32.04936796628098       -3.48001694147921
H          -13.29005894010209       30.13972386625926       -2.29139562967680
H          -14.36593673427771       29.38106274022233       -3.47237269279115
H          -16.11582560529351       29.11372232556166       -1.83846812415021
H          -14.84821923315451       30.79646718134912        0.28906139428990
H          -16.51806339676225       30.79074476939110       -0.25975136853974
H          -12.73973682701025       29.41975930708174       -0.06016469024406
H          -17.71028892789770       27.58751688580185       -2.04870920116555
H          -19.05365325928386       25.29511783171943       -1.85742902449705
H          -13.49747897044526       24.75546961718579        1.36816480022722
H          -17.69625860676629       23.68988200020965       -0.48399037323069
H          -19.19425713405775       36.38605196781033       -1.96517435292081
H          -19.31431434608498       37.43172852871884       -0.54170382798490
H          -19.69963727834810       35.70854820049541       -0.41570549192800
H          -16.34833483007219       35.92389200036399        1.20952449706739
H          -18.03030396168022       35.43149691587794        1.44670408633037
H          -17.61434871786623       37.14985491654284        1.35565863142633
H          -15.62291306425478       36.89540218756792       -1.01686497527186
H          -16.80250492845592       37.07753184105132       -2.32197081375879
H          -16.87698198955777       38.13723551196656       -0.90554225630484
48
 energy: -73.171385744926 gnorm: 0.000076271028 xtb: 6.7.1 (edcfbbe)
C          -17.38139216003630       36.16384905755972        0.96941344606101
C          -17.59056410851379       36.14344519773476       -0.54413365760104
C          -19.04956278020919       36.44090028762143       -0.89058517315900
C          -16.65858742447550       37.13033397897615       -1.24526267690264
O          -17.38027152918210       34.79720537333335       -1.06060217305166
C          -16.19955999306980       34.17345538974518       -0.94683912864477
O          -15.19374941878429       34.62843144611543       -0.42764745463756
N          -16.27745192724068       32.95219034647072       -1.50544140317837
C          -15.19403029338338       31.99966778021606       -1.49862263109364
C          -14.92297165165607       31.41817156911386       -2.89390897442137
C          -14.32908839967289       30.04423856787861       -2.61040488776183
C          -15.18740927938201       29.52938499098227       -1.44685621664319
C          -15.48497301648307       30.77936850099815       -0.59560275866738
N          -14.55456496248707       28.47754179246126       -0.69289888054073
C          -13.35189314139468       28.53965226309738       -0.05279499425745
N          -13.01604850773363       27.44733517218564        0.56401123065208
C          -14.05662048852581       26.57603313109237        0.33635859987294
C          -15.03611708137646       27.22069919256598       -0.45623230712498
C          -16.19040104246260       26.51362292003460       -0.80147296257304
C          -17.39493749576522       26.70470905751855       -1.52685209837384
C          -18.09625303514867       25.53700586946294       -1.43946562387881
N          -17.40135775979952       24.62527429393582       -0.70228785963967
C          -16.23245285317837       25.18538198490995       -0.29464653994397
N          -15.31250678401895       24.56449514174990        0.45147518561806
C          -14.23670852991813       25.25598343592087        0.76265366790387
H          -17.17073648876517       32.67053482698355       -1.88147931677443
H          -14.32246654876834       32.54802619169995       -1.13098592556474
H          -15.86651041714681       31.31305726693116       -3.42970505467055
H          -14.25962182175832       32.04979580815242       -3.47905941673574
H          -13.29143908133295       30.13988959954654       -2.29109108850347
H          -14.36718409079717       29.38146265381397       -3.47232681756326
H          -16.11673030787446       29.11259526192086       -1.83855822081579
H          -14.85159955120866       30.79551387222320        0.29000934416947
H          -16.52082255754071       30.78972325876675       -0.26077129905417
H          -12.74101548840971       29.42083564615755       -0.05995007724985
H          -17.71079312284681       27.58582592060541       -2.04785252197751
H          -19.05263039886273       25.29249819319912       -1.85683511729227
H          -13.49508533932006       24.75545759059270        1.36685756886018
H          -17.69367619179732       23.68765759900811       -0.48445956576851
H          -19.19327374243211       36.38728742210390       -1.96584269665287
H          -19.31278268146360       37.43414064076191       -0.54318503689163
H          -19.69930516608970       35.71131636261725       -0.41591747067539
H          -16.34807274159180       35.92507096328683        1.20951899073344
H          -18.03007446508261       35.43260726387322        1.44627596059622
H          -17.61417993049994       37.15098669164686        1.35541877055461
H          -15.62178043284187       36.89521651030341       -1.01721236705681
H          -16.80140772031810       37.07872366217438       -2.32210826248314
H          -16.87483804932729       38.13800005594272       -0.90529410620087
48
 energy: -73.171387437543 gnorm: 0.000074972582 xtb: 6.7.1 (edcfbbe)
C          -17.38109682308918       36.16512225887488        0.96913976595787
C          -17.58984408138215       36.14478706823689       -0.54446469754325
C          -19.04858038426880       36.44304860570417       -0.89133408457755
C          -16.65709483300655       37.13113792798563       -1.24532894460435
O          -17.38019419624314       34.79839001900206       -1.06077426708741
C          -16.19997068152989       34.17381797551251       -0.94640465538294
O          -15.19389158473013       34.62836379940653       -0.42735916295350
N          -16.27876172721125       32.95223573305083       -1.50416109725547
C          -15.19581675788456       31.99918883186955       -1.49764123708092
C          -14.92469000634430       31.41832495695822       -2.89316768027868
C          -14.33058886152909       30.04440537585750       -2.61011980329712
C          -15.18880782149136       29.52884702645023       -1.44678197579292
C          -15.48760944895748       30.77850234943896       -0.59544695487433
N          -14.55524519435884       28.47743370881209       -0.69281840315213
C          -13.35254555704590       28.54030478866549       -0.05284833894439
N          -13.01576295931710       27.44806935857829        0.56358722043192
C          -14.05566297425592       26.57600527635503        0.33578608456984
C          -15.03579795934814       27.22016034792329       -0.45642544703760
C          -16.18966304672774       26.51235628039731       -0.80156063914747
C          -17.39460152556449       26.70283912574367       -1.52642614494891
C          -18.09506756465371       25.53462173975112       -1.43915851961325
N          -17.39925842950604       24.62313101554689       -0.70254754273514
C          -16.23059822401834       25.18392364731472       -0.29515225151156
N          -15.30998054943688       24.56346892864014        0.45049636399996
C          -14.23463527197035       25.25566697197742        0.76165144150934
H          -17.17209507999728       32.67121886673743       -1.88055582409071
H          -14.32404382597858       32.54688303404194       -1.12950867733039
H          -15.86821763134837       31.31324621731115       -3.42899496829057
H          -14.26142956773922       32.05027549342717       -3.47807372452975
H          -13.29296246210246       30.14014214255334       -2.29076000913878
H          -14.36851875028838       29.38194324248038       -3.47228919264957
H          -16.11768830126730       29.11130860656295       -1.83871890878995
H          -14.85542539214094       30.79442851566304        0.29100743337194
H          -16.52389814856640       30.78855391341377       -0.26199195409945
H          -12.74238881612202       29.42198829794382       -0.05978707828004
H          -17.71129624898599       27.58392637047102       -2.04696421950580
H          -19.05144680140000       25.28960065743932       -1.85621768439261
H          -13.49251623039794       24.75550964552132        1.36554699791510
H          -17.69085227896976       23.68524874578609       -0.48489007427587
H          -19.19211419322218       36.38874837569043       -1.96657933652731
H          -19.31111891477549       37.43674691991465       -0.54473821499068
H          -19.69896973138281       35.71430866934976       -0.41625687551777
H          -16.34786725514943       35.92622483222634        1.20951803651643
H          -18.02997582337969       35.43389782519552        1.44576695879235
H          -17.61391382697197       37.15225118709975        1.35515340303906
H          -15.62046298104964       36.89512040017365       -1.01742096752224
H          -16.80002577610611       37.08001197843794       -2.32217719240202
H          -16.87250549876084       38.13886294849850       -0.90500695495548
48
 energy: -73.171389159836 gnorm: 0.000076405652 xtb: 6.7.1 (edcfbbe)
C          -17.38079069994146       36.16640407119989        0.96890217651978
C          -17.58908718023392       36.14618157959315       -0.54476577651781
C          -19.04752267546243       36.44532619928376       -0.89214375580118
C          -16.65553338040871       37.13196773918973       -1.24535394953982
O          -17.38011631848240       34.79962991592674       -1.06093313102384
C          -16.20040870613245       34.17418505620287       -0.94594856943410
O          -15.19407397514772       34.62822276029159       -0.42695171695853
N          -16.28014099189285       32.95229528257961       -1.50287967594621
C          -15.19770620183038       31.99868240830018       -1.49666440959642
C          -14.92650677264559       31.41843986989329       -2.89242135830438
C          -14.33211435269430       30.04455339919661       -2.60986995171415
C          -15.19026183088673       29.52828961531616       -1.44676282119159
C          -15.49038863586097       30.77759729279094       -0.59533348207472
N          -14.55593984856101       28.47733418111949       -0.69278875120368
C          -13.35321495372564       28.54101094097992       -0.05294450676752
N          -13.01545889792699       27.44887393075846        0.56313790776641
C          -14.05469710981039       26.57603901479035        0.33526389020446
C          -15.03546148688697       27.21962108286172       -0.45663645299563
C          -16.18888635339605       26.51104402304205       -0.80165921173543
C          -17.39422447877978       26.70086881526526       -1.52603264698025
C          -18.09380249553006       25.53210914852524       -1.43887542558955
N          -17.39706325750922       24.62090056286661       -0.70279255034307
C          -16.22868982642172       25.18244132887260       -0.29560423001958
N          -15.30739936915743       24.56247173777525        0.44961727864956
C          -14.23253784768090       25.25542746492992        0.76076473821045
H          -17.17353362399674       32.67195821598268       -1.87964070885377
H          -14.32569926582364       32.54566107073276       -1.12801028277379
H          -15.87003085427697       31.31338589945799       -3.42826036739501
H          -14.26337695315780       32.05075566292031       -3.47708151371518
H          -13.29452168446760       30.14042899539806       -2.29043782496084
H          -14.36983035932919       29.38240254595167       -3.47229030436935
H          -16.11867226630054       29.10994540906124       -1.83895020726675
H          -14.85944293182412       30.79332400019591        0.29201016969426
H          -16.52715498154403       30.78731535488601       -0.26334615658306
H          -12.74380296923824       29.42321230774861       -0.05967549052669
H          -17.71177050741193       27.58189959016625       -2.04614941163032
H          -19.05015901925290       25.28652496983917       -1.85565609229908
H          -13.48987304978665       24.75564123087684        1.36429885404598
H          -17.68790146089935       23.68274462593147       -0.48529958988426
H          -19.19085281886360       36.39042974841486       -1.96738892727766
H          -19.30938304781661       37.43945074713198       -0.54625562312901
H          -19.69856808753258       35.71738718901975       -0.41674107411414
H          -16.34769549376584       35.92724518263013        1.20960710708667
H          -18.03000005760025       35.43532334154025        1.44530204456155
H          -17.61350286500773       37.15357225584782        1.35487095357910
H          -15.61910650504766       36.89504648108704       -1.01745132812310
H          -16.79845569680376       37.08125298353839       -2.32222288738487
H          -16.87013785322003       38.13977477408206       -0.90475495529796
48
 energy: -73.171390857647 gnorm: 0.000076529301 xtb: 6.7.1 (edcfbbe)
C          -17.38052324197902       36.16770382201415        0.96870571664913
C          -17.58831743713410       36.14754967377139       -0.54503015045095
C          -19.04644374021135       36.44761286872945       -0.89291980763801
C          -16.65390398722450       37.13272798814599       -1.24533391048048
O          -17.38005528298591       34.80083812781085       -1.06106149621680
C          -16.20087879903037       34.17449777313711       -0.94545476732901
O          -15.19429020267221       34.62800238606049       -0.42648591040014
N          -16.28153228856829       32.95235114666981       -1.50167020949591
C          -15.19961364036106       31.99816785359481       -1.49576360639287
C          -14.92834991298925       31.41858200529020       -2.89176905103774
C          -14.33365721643522       30.04474762123881       -2.60965666718706
C          -15.19169751153145       29.52772519038730       -1.44678332463907
C          -15.49317466473280       30.77668549834067       -0.59527962097387
N          -14.55663086726621       28.47723668646048       -0.69277285894800
C          -13.35389121831142       28.54173625198375       -0.05304302481597
N          -13.01520916517956       27.44974360907480        0.56278568920402
C          -14.05375068568997       26.57611050484553        0.33478992080277
C          -15.03514817963611       27.21910874698520       -0.45679884806522
C          -16.18811356374324       26.50974145790557       -0.80173058322959
C          -17.39379163552436       26.69884974433867       -1.52572471849287
C          -18.09249757947650       25.52956522010463       -1.43862516051241
N          -17.39485973378868       24.61867766781802       -0.70299706191516
C          -16.22678595888339       25.18098130205733       -0.29600352184948
N          -15.30484607859914       24.56152669103315        0.44884146802993
C          -14.23046535166145       25.25524127312692        0.75995991971958
H          -17.17498495678251       32.67270327282964       -1.87879756092797
H          -14.32737776132369       32.54443879917694       -1.12659543872785
H          -15.87187373886722       31.31349201604328       -3.42760353959484
H          -14.26537091413724       32.05126438035183       -3.47621039935275
H          -13.29610927981315       30.14078522063433       -2.29013424752179
H          -14.37112395214676       29.38289832096152       -3.47231823784041
H          -16.11962779858473       29.10857899945680       -1.83924076406912
H          -14.86348257033203       30.79220474660223        0.29295373504107
H          -16.53040901256702       30.78605532813464       -0.26475629483679
H          -12.74520419213449       29.42444021692532       -0.05961481711403
H          -17.71215498260395       27.57978642634635       -2.04550067568947
H          -19.04880768126681       25.28339257526423       -1.85516431004020
H          -13.48732101979244       24.75588801068315        1.36325968135058
H          -17.68495214874890       23.68025946973763       -0.48563694032360
H          -19.18952091756497       36.39228116539441       -1.96817642301089
H          -19.30764402096017       37.44211168681911       -0.54761521169864
H          -19.69817430290890       35.72041148422083       -0.41732890901264
H          -16.34760508675324       35.92811327542509        1.20973743316223
H          -18.03018052198510       35.43687028406581        1.44487577948194
H          -17.61296462283683       37.15496114723138        1.35461693420066
H          -15.61769194289301       36.89498447955078       -1.01731703278727
H          -16.79670511847333       37.08233326385307       -2.32223235181292
H          -16.86778551288147       38.14063432335909       -0.90457882221424
48
 energy: -73.171392509125 gnorm: 0.000077266385 xtb: 6.7.1 (edcfbbe)
C          -17.38025173575087       36.16895463618457        0.96855024448785
C          -17.58756949552707       36.14887367881641       -0.54524995671116
C          -19.04538097917345       36.44987862259187       -0.89365056825967
C          -16.65226348140665       37.13340943287358       -1.24526884556271
O          -17.38004085176884       34.80198692178444       -1.06111152906492
C          -16.20137785431028       34.17477627183649       -0.94495240246265
O          -15.19455533125250       34.62771433974195       -0.42594127949184
N          -16.28292072305165       32.95241485381365       -1.50054849387041
C          -15.20150636584804       31.99767434799737       -1.49494249984922
C          -14.93019105065232       31.41866885599694       -2.89116257031961
C          -14.33512960658398       30.04491118036986       -2.60950466282523
C          -15.19310331054512       29.52717720666283       -1.44687267454991
C          -15.49590127520619       30.77580180765019       -0.59529451451053
N          -14.55730055784347       28.47715495431277       -0.69282473269622
C          -13.35457458574827       28.54249339066532       -0.05315482240381
N          -13.01497966319313       27.45065141109304        0.56243908753543
C          -14.05288439154412       26.57626613711305        0.33442738242227
C          -15.03483603161577       27.21862750610601       -0.45699070606506
C          -16.18733655084802       26.50846607484828       -0.80183717285635
C          -17.39332742104198       26.69683964891043       -1.52549938128056
C          -18.09114800648477       25.52702120821841       -1.43848232429364
N          -17.39268921592985       24.61651078258338       -0.70316652536844
C          -16.22494498696110       25.17959832063100       -0.29631421083968
N          -15.30241739367035       24.56070121545416        0.44826363762772
C          -14.22853154270677       25.25518336636195        0.75937611761124
H          -17.17643163115132       32.67344265396244       -1.87803524877590
H          -14.32903740355038       32.54325429034368       -1.12529502886030
H          -15.87371883640392       31.31353225556662       -3.42698395447770
H          -14.26738460101597       32.05171764715486       -3.47540168704244
H          -13.29762827829082       30.14116139216310       -2.28988963079295
H          -14.37232571046684       29.38335268440872       -3.47240209757954
H          -16.12056182027055       29.10723671971390       -1.83959208491605
H          -14.86741894993085       30.79115064715628        0.29379506009741
H          -16.53358629279120       30.78483270239994       -0.26618730989550
H          -12.74659904434786       29.42568873221887       -0.05958570123396
H          -17.71247508870514       27.57766029853052       -2.04499044075355
H          -19.04738001229860       25.28023711025451       -1.85483675047140
H          -13.48489694498100       24.75625467691040        1.36242231352886
H          -17.68206360641663       23.67785104140964       -0.48588974840217
H          -19.18817207031926       36.39428503561460       -1.96893179142986
H          -19.30595107121778       37.44468752109564       -0.54876646926709
H          -19.69778795626831       35.72331748664754       -0.41800930485707
H          -16.34754745584311       35.92879149605311        1.20994109562006
H          -18.03048254331541       35.43850487577186        1.44452743967558
H          -17.61227136664494       37.15635227394090        1.35435164879009
H          -15.61627922434011       36.89489740543618       -1.01702193974668
H          -16.79484648790913       37.08318242558249       -2.32220119168140
H          -16.86549119482952       38.14145245903882       -0.90450377293549
48
 energy: -73.171394117410 gnorm: 0.000077221307 xtb: 6.7.1 (edcfbbe)
C          -17.38000168549573       36.17016594201714        0.96847252802664
C          -17.58682682909450       36.15011553734327       -0.54539526125806
C          -19.04430876715679       36.45210543545480       -0.89432259617695
C          -16.65063612467569       37.13397077944310       -1.24518961897061
O          -17.38006555248307       34.80303960080852       -1.06107080795479
C          -16.20190076043078       34.17497704603819       -0.94443253058596
O          -15.19484623683678       34.62733207842115       -0.42536052795594
N          -16.28429063177175       32.95245736974889       -1.49954504228588
C          -15.20335786876344       31.99718408772284       -1.49424800756841
C          -14.93199927941426       31.41877231205491       -2.89069136901661
C          -14.33658205433608       30.04509880518468       -2.60941644894951
C          -15.19445781406954       29.52665715878395       -1.44700379447840
C          -15.49853192465369       30.77495673767124       -0.59536250222254
N          -14.55795525370502       28.47709825262598       -0.69289228847529
C          -13.35526094098293       28.54327752384170       -0.05324916951067
N          -13.01484255396718       27.45164066302785        0.56225422819055
C          -14.05207421754288       26.57648085309108        0.33414351165998
C          -15.03455870573241       27.21820353574618       -0.45713346163326
C          -16.18658346061006       26.50724415510146       -0.80192909110709
C          -17.39280774798459       26.69483476336059       -1.52540639854410
C          -18.08979726970556       25.52452004243168       -1.43839071769525
N          -17.39056563039017       24.61441164115158       -0.70331024447518
C          -16.22316806027600       25.17828948358941       -0.29655782943340
N          -15.30010072882571       24.55997248391069        0.44783280550905
C          -14.22669569154800       25.25520817593590        0.75892725825648
H          -17.17785964714422       32.67414666719942       -1.87738332868339
H          -14.33066759404398       32.54210739100206       -1.12414512657744
H          -15.87554117620298       31.31354890922368       -3.42647078286833
H          -14.26938550351948       32.05218282659347       -3.47476292866253
H          -13.29913154684145       30.14156804561871       -2.28970433648541
H          -14.37349695945961       29.38380228135462       -3.47252589358985
H          -16.12146237220577       29.10595177719397       -1.83997041455857
H          -14.87119569622113       30.79014554787080        0.29454054914889
H          -16.53664641571886       30.78363923265972       -0.26760059243025
H          -12.74796532354880       29.42694199055474       -0.05958455916877
H          -17.71266778822260       27.57549539074413       -2.04473114709532
H          -19.04592134089754       25.27710668425214       -1.85462011785580
H          -13.48266194406645       24.75676452305916        1.36188182803025
H          -17.67924811231957       23.67552729752457       -0.48608109739776
H          -19.18679792941954       36.39642669571314       -1.96964100914238
H          -19.30428565238331       37.44715712166943       -0.54968995260804
H          -19.69737934191813       35.72608716187086       -0.41876603229863
H          -16.34754679025055       35.92928738848621        1.21021719069208
H          -18.03090690562354       35.44021671417362        1.44429612802584
H          -17.61144313804780       37.15776026850530        1.35411803080313
H          -15.61489393522320       36.89475942223348       -1.01658231626826
H          -16.79289648208875       37.08378259615399       -2.32216867512439
H          -16.86328261415304       38.14217960582853       -0.90454803823405
48
 energy: -73.171395710703 gnorm: 0.000077070857 xtb: 6.7.1 (edcfbbe)
C          -17.37975182953700       36.17137397725178        0.96844514664860
C          -17.58610602639522       36.15130340563164       -0.54548416937553
C          -19.04326148473073       36.45429470000654       -0.89491071140767
C          -16.64896619900326       37.13440706427992       -1.24506875954009
O          -17.38014953642702       34.80402179275101       -1.06094240874134
C          -16.20246346258327       34.17513594235307       -0.94390446787250
O          -15.19518576452598       34.62688809309155       -0.42473971564398
N          -16.28566064097831       32.95251098424902       -1.49864952153209
C          -15.20519308371728       31.99672434151473       -1.49365248454987
C          -14.93381675268447       31.41884066646677       -2.89029463407518
C          -14.33801184931573       30.04526610915849       -2.60939889274171
C          -15.19578193329711       29.52614833825923       -1.44719059812872
C          -15.50108926231748       30.77414750995170       -0.59550780026844
N          -14.55859153863706       28.47705536799174       -0.69300452707572
C          -13.35596838611512       28.54410293724752       -0.05331862463538
N          -13.01474690679549       27.45268490295306        0.56212692741843
C          -14.05134310846271       26.57678017462565        0.33398520275466
C          -15.03428578861725       27.21781112106792       -0.45728293678382
C          -16.18581872965784       26.50604521967906       -0.80205523902720
C          -17.39222936838815       26.69282085588318       -1.52543221186156
C          -18.08838729432989       25.52201191800247       -1.43842019261143
N          -17.38846396676561       24.61236417884362       -0.70342819909846
C          -16.22143737691394       25.17704745389931       -0.29673076734674
N          -15.29789954787626       24.55935909248027        0.44759626992932
C          -14.22499667554266       25.25536168210443        0.75870879319679
H          -17.17928324666011       32.67484645144700       -1.87683323494768
H          -14.33228258269288       32.54102122612884       -1.12313852464895
H          -15.87737399813192       31.31350786878700       -3.42602842498512
H          -14.27140428963038       32.05259675592791       -3.47422069558752
H          -13.30061175390645       30.14197846068918       -2.28959703938923
H          -14.37464683907853       29.38421312116321       -3.47270678515933
H          -16.12234532234489       29.10469553829976       -1.84039110924599
H          -14.87484844354431       30.78920229594692        0.29516516181602
H          -16.53960364769309       30.78249739056547       -0.26901674090391
H          -12.74934558155974       29.42823101104178       -0.05957297264219
H          -17.71275868993349       27.57329085398198       -2.04466737403035
H          -19.04437272505133       25.27394819679532       -1.85458002521713
H          -13.48057351430356       24.75741141535672        1.36158888008601
H          -17.67648569485253       23.67327891355337       -0.48618927556274
H          -19.18541058283126       36.39870817971880       -1.97027773455151
H          -19.30265765842229       37.44953280052943       -0.55038393901244
H          -19.69701186265887       35.72874129370938       -0.41957621287746
H          -16.34758056599699       35.92963052376507        1.21054117246143
H          -18.03143546989013       35.44203677163951        1.44413921843901
H          -17.61046087934199       37.15921337267663        1.35390753725608
H          -15.61346662683661       36.89457121592865       -1.01601692752559
H          -16.79083507201122       37.08412534398851       -2.32209357207598
H          -16.86109843898523       38.14281317260834       -0.90469685832996
48
 energy: -73.171397324708 gnorm: 0.000076709143 xtb: 6.7.1 (edcfbbe)
C          -17.37947839009372       36.17255650756391        0.96848432239917
C          -17.58537189342666       36.15244827362183       -0.54550723462762
C          -19.04218042109908       36.45651231256730       -0.89544626608760
C          -16.64728525424718       37.13475996630727       -1.24493472896341
O          -17.38027830108625       34.80493285235123       -1.06070074922453
C          -16.20306106564377       34.17522825461067       -0.94334515177116
O          -15.19556018269259       34.62633994875398       -0.42405278264640
N          -16.28704521910545       32.95255027252801       -1.49784737229681
C          -15.20703819640685       31.99625546310861       -1.49316408537133
C          -14.93566521662332       31.41888263175457       -2.89000116197249
C          -14.33945746153609       30.04541893495533       -2.60945134861402
C          -15.19711592910130       29.52565741968693       -1.44742424136705
C          -15.50362583564712       30.77336432923873       -0.59570409609974
N          -14.55923697218474       28.47704669385413       -0.69314379747530
C          -13.35671668282639       28.54499961369445       -0.05335879975017
N          -13.01473990756671       27.45384997496246        0.56214329964896
C          -14.05066046065868       26.57716629596449        0.33392087864032
C          -15.03402780138358       27.21746319158909       -0.45741544422203
C          -16.18503640168790       26.50485837550166       -0.80220486812322
C          -17.39157402646982       26.69075851453290       -1.52559471712008
C          -18.08690176039529       25.51945870537882       -1.43855469683909
N          -17.38633950287640       24.61032747554554       -0.70353159361138
C          -16.21971974747292       25.17585214719605       -0.29683764526524
N          -15.29575725124007       24.55884346754149        0.44752472813855
C          -14.22336476330683       25.25562548810328        0.75865202430054
H          -17.18072359653936       32.67553302239001       -1.87637048341216
H          -14.33390614969575       32.53994390100335       -1.12227101921848
H          -15.87925197497001       31.31342957376456       -3.42566053305726
H          -14.27347159460583       32.05297489489389       -3.47381302277224
H          -13.30210045835097       30.14239017439726       -2.28958331195114
H          -14.37582324881024       29.38459332081286       -3.47294388358590
H          -16.12325250692090       29.10345609650479       -1.84082392054280
H          -14.87844001933060       30.78831077540657        0.29571149293763
H          -16.54252950679308       30.78138517677690       -0.27044717129556
H          -12.75076384415038       29.42958753553984       -0.05956261559053
H          -17.71272876040435       27.57099368076295       -2.04484152218633
H          -19.04270968490463       25.27070638421781       -1.85471025131062
H          -13.47862021813579       24.75823237263085        1.36159412788421
H          -17.67370931954974       23.67105389553970       -0.48624142675560
H          -19.18398053971488       36.40116173674173       -1.97087239134624
H          -19.30101341789366       37.45188379537159       -0.55087858795612
H          -19.69660188956773       35.73134954514367       -0.42044141549954
H          -16.34762368957323       35.92982384587286        1.21094760148128
H          -18.03204999937498       35.44396745175761        1.44410750240722
H          -17.60930594288255       37.16069700345385        1.35369665897028
H          -15.61205205217331       36.89431653922860       -1.01532788126234
H          -16.78867463541108       37.08424747648665       -2.32201357166811
H          -16.85892830544059       38.14340469438181       -0.90495884495270
48
 energy: -73.171399002491 gnorm: 0.000076498755 xtb: 6.7.1 (edcfbbe)
C          -17.37917990414722       36.17379225419381        0.96858676399939
C          -17.58461729431913       36.15358961818875       -0.54546432640683
C          -19.04106972329654       36.45877663573056       -0.89590847732293
C          -16.64550110094574       37.13500796633553       -1.24476758238137
O          -17.38045635121906       34.80582329350609       -1.06037222151245
C          -16.20370962739136       34.17528905089819       -0.94276266863894
O          -15.19598259369655       34.62571554147505       -0.42331179546876
N          -16.28847312144744       32.95261249991206       -1.49714024087194
C          -15.20893588052830       31.99579800118058       -1.49277472099460
C          -14.93760296644744       31.41890443910443       -2.88979883756073
C          -14.34099053228586       30.04555379916872       -2.60958017670223
C          -15.19848700639238       29.52515736489517       -1.44770073052554
C          -15.50620164164050       30.77259838972948       -0.59598694820530
N          -14.55990164001811       28.47705855081266       -0.69330036523651
C          -13.35752733437723       28.54598545577267       -0.05334505181015
N          -13.01479353233969       27.45513905402705        0.56227335999350
C          -14.05002319719055       26.57765355138068        0.33399259452373
C          -15.03377205326159       27.21713899506614       -0.45752637932117
C          -16.18421040332776       26.50364483413620       -0.80238057535712
C          -17.39081044112131       26.68858335887126       -1.52591385497287
C          -18.08529588360814       25.51678889814510       -1.43880487166449
N          -17.38412916669284       24.60824009375895       -0.70363713828976
C          -16.21796491613562       25.17466302461666       -0.29688707887189
N          -15.29362622136235       24.55841099156727        0.44763466859978
C          -14.22179076375749       25.25602365313688        0.75882533363968
H          -17.18221212115293       32.67625433630103       -1.87599908768197
H          -14.33556676212464       32.53887038030902       -1.12152602456147
H          -15.88122862403880       31.31330676243608       -3.42536222681342
H          -14.27564388533678       32.05332397089671       -3.47352416318892
H          -13.30367514196511       30.14278799257742       -2.28965888437884
H          -14.37710058620576       29.38492904829909       -3.47323687907347
H          -16.12419597678149       29.10219248553803       -1.84127944387292
H          -14.88206895307281       30.78745313324940        0.29616730676384
H          -16.54549067201745       30.78029034480054       -0.27195591227692
H          -12.75226893488610       29.43105058693936       -0.05950905725249
H          -17.71255800347182       27.56853057963159       -2.04528253220087
H          -19.04088453549243       25.26729517317354       -1.85502053346932
H          -13.47673088782018       24.75922599604085        1.36186840941297
H          -17.67084073787904       23.66878665521149       -0.48625441112643
H          -19.18249212721924       36.40380395442141       -1.97140327910248
H          -19.29931903049413       37.45424654100282       -0.55118865183773
H          -19.69619852354893       35.73396432104052       -0.42134020562379
H          -16.34768173941498       35.92990622492525        1.21141033319766
H          -18.03274383412945       35.44606442289170        1.44416063766955
H          -17.60796134531598       37.16228611206027        1.35352184571435
H          -15.61054008176526       36.89399915477873       -1.01452210255245
H          -16.78635300515181       37.08416247641957       -2.32190296692909
H          -16.85669119373671       38.14392003543806       -0.90531084846049
48
 energy: -73.171400783619 gnorm: 0.000075722152 xtb: 6.7.1 (edcfbbe)
C          -17.37881898563219       36.17506766473392        0.96874966454006
C          -17.58380689914994       36.15474836669772       -0.54536029762315
C          -19.03987771191693       36.46116378076994       -0.89631626816034
C          -16.64362537898531       37.13521370246421       -1.24456906051795
O          -17.38066470883238       34.80670152524603       -1.05994241100305
C          -16.20440187070648       34.17530352667578       -0.94214041584619
O          -15.19644208820000       34.62497368937097       -0.42248237060414
N          -16.28996298693065       32.95268344551062       -1.49651300845455
C          -15.21093204404276       31.99530986471505       -1.49247553484716
C          -14.93968107948959       31.41886913106670       -2.88968206240776
C          -14.34263027969377       30.04564915900643       -2.60978816971383
C          -15.19995641391477       29.52465067814019       -1.44802761671297
C          -15.50889939303853       30.77183138717859       -0.59633166857816
N          -14.56062139401289       28.47711386765437       -0.69347642420939
C          -13.35843840420780       28.54710757550279       -0.05327642577123
N          -13.01494790381624       27.45662496357375        0.56256480847177
C          -14.04941011001400       26.57826141173796        0.33417615924525
C          -15.03352009093397       27.21684470145404       -0.45762335866110
C          -16.18331753689458       26.50237768728756       -0.80259791253144
C          -17.38992706555226       26.68624649418893       -1.52638669625367
C          -18.08350107431575       25.51391679476993       -1.43922115355008
N          -17.38177500205770       24.60605448936227       -0.70373936055008
C          -16.21612708329735       25.17345872814476       -0.29687782992279
N          -15.29144297640200       24.55805821448253        0.44791767244369
C          -14.22020594519776       25.25655896619544        0.75917582791795
H          -17.18377380498819       32.67701851337997       -1.87570300403945
H          -14.33730261368874       32.53774504121570       -1.12089967185381
H          -15.88336280204470       31.31312008337014       -3.42511883336275
H          -14.27797431444487       32.05360089424894       -3.47335449551539
H          -13.30534403277324       30.14316833063469       -2.28985167328910
H          -14.37850523098242       29.38521934584249       -3.47360325500474
H          -16.12523429552407       29.10087458292274       -1.84174377836068
H          -14.88584979837164       30.78662244951798        0.29657904634871
H          -16.54858078372094       30.77920829254900       -0.27355842390790
H          -12.75391110411502       29.43267308993072       -0.05942190357921
H          -17.71226419489005       27.56585222706985       -2.04596853802188
H          -19.03881448392257       25.26360211783218       -1.85557476325358
H          -13.47488494485527       24.76045162050069        1.36246319596206
H          -17.66780542238696       23.66642551719520       -0.48621619402156
H          -19.18091225680284       36.40667458692679       -1.97188645289953
H          -19.29752622135310       37.45670254081238       -0.55134372928189
H          -19.69573481439634       35.73667306785217       -0.42226421704208
H          -16.34771496209517       35.92988711044072        1.21195021497505
H          -18.03349628057956       35.44833931678235        1.44431786694818
H          -17.60639478746856       37.16396917550109        1.35335107745027
H          -15.60896399298714       36.89362544450481       -1.01359847649001
H          -16.78386494749835       37.08391968096247       -2.32176439757627
H          -16.85434948284637       38.14443715806883       -0.90574567988834
48
 energy: -73.171402699087 gnorm: 0.000075314652 xtb: 6.7.1 (edcfbbe)
C          -17.37838153020037       36.17641653775151        0.96897839158932
C          -17.58292584069133       36.15596745058753       -0.54518942502549
C          -19.03859832146937       36.46368638579900       -0.89665662114278
C          -16.64159286661450       37.13537414210014       -1.24433484946433
O          -17.38089546753039       34.80762301331637       -1.05942949320360
C          -16.20513996942747       34.17530840081876       -0.94148723069335
O          -15.19693390055595       34.62414070234035       -0.42157851572608
N          -16.29153133678893       32.95280302275344       -1.49597973966701
C          -15.21305556647378       31.99481445925427       -1.49228371195540
C          -14.94193916394825       31.41880882140430       -2.88967172979271
C          -14.34446106631323       30.04571852330016       -2.61006937914858
C          -15.20155266580287       29.52411053187024       -1.44839048905625
C          -15.51177018905722       30.77106524215149       -0.59678752170082
N          -14.56141571568464       28.47720053411818       -0.69364390310095
C          -13.35947795548816       28.54838329554225       -0.05311567733568
N          -13.01518858156080       27.45831570098625        0.56301545062007
C          -14.04882709748272       26.57900579990240        0.33453058813419
C          -15.03327297382927       27.21656579830050       -0.45767624212751
C          -16.18234525216833       26.50102472594466       -0.80283913382587
C          -17.38888532292251       26.68367743028240       -1.52705257857031
C          -18.08149891886971       25.51078854574333       -1.43977426332851
N          -17.37920670154363       24.60369921644036       -0.70387744453923
C          -16.21416450687552       25.17219962253850       -0.29681039735535
N          -15.28916702490947       24.55776825406053        0.44839588433884
C          -14.21861210161257       25.25725675635691        0.75978930231777
H          -17.18543066195229       32.67787793855005       -1.87549561638689
H          -14.33912698307117       32.53656004308829       -1.12039212172084
H          -15.88569785539565       31.31288588529437       -3.42493843653051
H          -14.28050981474866       32.05384617120936       -3.47333046455763
H          -13.30719786729579       30.14351900866702       -2.29014293299365
H          -14.38012447047858       29.38545162385124       -3.47401631689512
H          -16.12638376588356       29.09946959432535       -1.84221572540071
H          -14.88986412601964       30.78580694217022        0.29692127643129
H          -16.55186754237699       30.77811929507885       -0.27534467543379
H          -12.75574598675615       29.43449345313640       -0.05924692963933
H          -17.71180171562465       27.56286774604167       -2.04697894959860
H          -19.03647336909470       25.25955565518370       -1.85635277290968
H          -13.47301925294339       24.76190656595222        1.36336263392955
H          -17.66450743908101       23.66388691239323       -0.48618726491209
H          -19.17923109305088       36.40977132278118       -1.97230834541135
H          -19.29559359706376       37.45928221313768       -0.55136098171827
H          -19.69523121373987       35.73951719639482       -0.42318253526406
H          -16.34771377760202       35.92978129381335        1.21255921920659
H          -18.03428219122602       35.45081000768013        1.44456826661874
H          -17.60458777883154       37.16577451675821        1.35321464413379
H          -15.60724578716044       36.89320128877520       -1.01256635540693
H          -16.78117497414924       37.08355692409384       -2.32159410303562
H          -16.85184869860442       38.14493549195212       -0.90623278174951
48
 energy: -73.171404779441 gnorm: 0.000075141329 xtb: 6.7.1 (edcfbbe)
C          -17.37784012745750       36.17786159168560        0.96927141393533
C          -17.58194507580803       36.15725046902629       -0.54495198746090
C          -19.03719275964776       36.46639730939489       -0.89692465283124
C          -16.63940030210333       37.13553295422658       -1.24403995956214
O          -17.38112684450619       34.80859212333691       -1.05885072197709
C          -16.20591151928955       34.17529629550191       -0.94081495992086
O          -15.19744277319701       34.62319385576013       -0.42060684479612
N          -16.29318904263279       32.95296302327444       -1.49554139441193
C          -15.21534885901118       31.99427226135587       -1.49218559455278
C          -14.94442503062619       31.41865379872361       -2.88974490726760
C          -14.34648400083328       30.04570907516482       -2.61044999495848
C          -15.20332846628886       29.52355198067249       -1.44880775604027
C          -15.51490236970413       30.77028948323986       -0.59732504778176
N          -14.56232253674749       28.47735151404003       -0.69380908690090
C          -13.36068918170176       28.54986951844101       -0.05285988447114
N          -13.01556926899420       27.46029889584894        0.56368831686784
C          -14.04825746497063       26.57991441425110        0.33502897289405
C          -15.03303492060460       27.21631607446706       -0.45769890775063
C          -16.18127196226345       26.49956347690614       -0.80312621522659
C          -17.38768688111309       26.68083743846910       -1.52789440235330
C          -18.07920521443398       25.50730668075468       -1.44055288093223
N          -17.37637649411708       24.60113643262700       -0.70403639723819
C          -16.21203161677551       25.17086753210588       -0.29669318652284
N          -15.28673756322380       24.55754366068280        0.44905617568545
C          -14.21694318686698       25.25812604178931        0.76060681214396
H          -17.18719887572875       32.67884432335847       -1.87537627439701
H          -14.34107377600790       32.53525950586834       -1.11999272258358
H          -15.88827909403382       31.31255078147354       -3.42480977665131
H          -14.28329006514080       32.05397257984583       -3.47342943585312
H          -13.30923521522965       30.14381533338475       -2.29056292657007
H          -14.38195329963260       29.38559530848757       -3.47452333489028
H          -16.12768913563904       29.09795792500402       -1.84270172961450
H          -14.89423600901611       30.78501583023450        0.29724422357911
H          -16.55544439903575       30.77705286062003       -0.27731773697866
H          -12.75783002918770       29.43657520396137       -0.05899453605115
H          -17.71121513596009       27.55954741414476       -2.04825355651370
H          -19.03376360477767       25.25503059231196       -1.85745438659165
H          -13.47112628687340       24.76366556619866        1.36463186460533
H          -17.66089088311009       23.66113568142822       -0.48612927344005
H          -19.17742000513010       36.41311217916588       -1.97265945754115
H          -19.29348570905389       37.46204741375588       -0.55126158420832
H          -19.69464457036805       35.74256639437055       -0.42406911115105
H          -16.34764743656306       35.92961711515618        1.21322820989275
H          -18.03507125183991       35.45348567787423        1.44489344038315
H          -17.60252072563260       37.16771862156918        1.35312565378212
H          -15.60538961010251       36.89274210595806       -1.01142667167592
H          -16.77828341960834       37.08312986190348       -2.32136265772934
H          -16.84914799938076       38.14546582617031       -0.90673512737547
48
 energy: -73.171407051163 gnorm: 0.000074818256 xtb: 6.7.1 (edcfbbe)
C          -17.37715732947303       36.17935565891597        0.96962886851766
C          -17.58084269143114       36.15864926791473       -0.54464980867333
C          -19.03564450768420       36.46931782175478       -0.89712566613041
C          -16.63701852358158       37.13572639932595       -1.24369911556537
O          -17.38134458742331       34.80966475401728       -1.05820371741243
C          -16.20671076335503       34.17530001847846       -0.94012270647508
O          -15.19795414307729       34.62215240339964       -0.41957052149012
N          -16.29494346823859       32.95320171569190       -1.49521586230383
C          -15.21783075559359       31.99370664379047       -1.49221661808577
C          -14.94716358593152       31.41846813244805       -2.88995035830928
C          -14.34877826751444       30.04567445123910       -2.61088149585243
C          -15.20532627989612       29.52293583778339       -1.44925601767097
C          -15.51833050520159       30.76950332815152       -0.59800516955604
N          -14.56337309962415       28.47754710252607       -0.69393296121120
C          -13.36211606582425       28.55158096316602       -0.05245473678612
N          -13.01607363722922       27.46256748111672        0.56456310365271
C          -14.04772138740725       26.58100173014131        0.33574388674698
C          -15.03281495454410       27.21607446383911       -0.45765571883888
C          -16.18009078014179       26.49795864405326       -0.80343761796432
C          -17.38629309154157       26.67765361187018       -1.52895277443095
C          -18.07661482807341       25.50342739549223       -1.44150476510708
N          -17.37321182045434       24.59829054584111       -0.70426415408498
C          -16.20969492187481       25.16942372076319       -0.29651739922946
N          -15.28412381699274       24.55736787863655        0.44992905403484
C          -14.21521527709007       25.25919319264183        0.76172796028709
H          -17.18909065458490       32.67996991194999       -1.87536407610028
H          -14.34315049308996       32.53384579676840       -1.11973182458747
H          -15.89114284540217       31.31216286810677       -3.42475483836421
H          -14.28634833026804       32.05405255594395       -3.47371249516747
H          -13.31153009511161       30.14407954620102       -2.29107467848010
H          -14.38408469312623       29.38567889815810       -3.47504752235121
H          -16.12918902996412       29.09630288771844       -1.84318573684385
H          -14.89903384496669       30.78422344098811        0.29751241659952
H          -16.55936219390221       30.77596801242714       -0.27958433263698
H          -12.76023717900432       29.43895528780991       -0.05859144813451
H          -17.71045420451765       27.55579677002210       -2.04987605676133
H          -19.03067071426135       25.24996636194244       -1.85883770836435
H          -13.46914914070691       24.76571988165682        1.36625157569725
H          -17.65685044349574       23.65807872087269       -0.48612505664916
H          -19.17547901000751       36.41669470823766       -1.97294463999948
H          -19.29116153547741       37.46502932482915       -0.55106507414602
H          -19.69395935068663       35.74586060773522       -0.42489653250290
H          -16.34747200655188       35.92938549968557        1.21397160380405
H          -18.03581579514922       35.45632297710306        1.44531688693331
H          -17.60017676042031       37.16974384412535        1.35307255440389
H          -15.60336764348392       36.89225750550734       -1.01020186393663
H          -16.77517713259405       37.08271206463875       -2.32108905841610
H          -16.84620781399862       38.14604936856531       -0.90721778106143
48
 energy: -73.171409552289 gnorm: 0.000075113156 xtb: 6.7.1 (edcfbbe)
C          -17.37632329654272       36.18098081164054        0.97005120378011
C          -17.57959761797660       36.16016227613191       -0.54427872919705
C          -19.03393159198364       36.47248464050607       -0.89722394834166
C          -16.63440247137471       37.13596240879137       -1.24326175822971
O          -17.38153505931623       34.81085565932469       -1.05754474306828
C          -16.20753157159843       34.17533007967457       -0.93946253898491
O          -15.19845945142715       34.62101458090098       -0.41851764016317
N          -16.29681533374251       32.95352179909654       -1.49502118525213
C          -15.22055159477638       31.99309036472234       -1.49235952202394
C          -14.95019904071119       31.41815363410571       -2.89024419476619
C          -14.35135159587688       30.04551488506643       -2.61143513409054
C          -15.20757730812026       29.52229464170952       -1.44975872454574
C          -15.52216678868297       30.76871344426740       -0.59880528519072
N          -14.56459943365945       28.47783180564126       -0.69401944193875
C          -13.36379313695934       28.55357932006227       -0.05189796474210
N          -13.01677576798395       27.46523026701101        0.56574678495755
C          -14.04719818211553       26.58230002289874        0.33664617299421
C          -15.03261875374928       27.21586684963064       -0.45755364224723
C          -16.17878298615879       26.49619420754620       -0.80378895873795
C          -17.38470322775421       26.67408217052414       -1.53021990956243
C          -18.07365099225508       25.49905291036811       -1.44270523053758
N          -17.36965846255213       24.59511798416245       -0.70455187969155
C          -16.20710133059201       25.16784694697072       -0.29630198117307
N          -15.28125527261759       24.55724005414612        0.45098971410255
C          -14.21335722643773       25.26047040240051        0.76309276630357
H          -17.19113048044903       32.68127533265736       -1.87547924899826
H          -14.34539441550412       32.53226025185935       -1.11957275923807
H          -15.89431775341177       31.31163979344872       -3.42476092456293
H          -14.28971726682805       32.05397536583433       -3.47412351807483
H          -13.31410863275305       30.14424222633871       -2.29170697606456
H          -14.38649449080444       29.38561109526256       -3.47568171419821
H          -16.13089211786541       29.09449754869109       -1.84369715587476
H          -14.90440131302203       30.78347080144578        0.29776858124116
H          -16.56374568704191       30.77492810040971       -0.28215954248927
H          -12.76301789296362       29.44170414017842       -0.05802687094941
H          -17.70955708751306       27.55157415200972       -2.05181063488250
H          -19.02710550021114       25.24423410514217       -1.86058716057578
H          -13.46707609803969       24.76815010428773        1.36829134287281
H          -17.65231764483068       23.65467258620359       -0.48614593345928
H          -19.17337693415449       36.42053813715318       -1.97312474675506
H          -19.28858206983831       37.46828254081260       -0.55077119926244
H          -19.69317486681011       35.74945985594544       -0.42562231293617
H          -16.34718032452344       35.92913177771349        1.21474637423891
H          -18.03647936635396       35.45934666281696        1.44577429705792
H          -17.59755128830503       37.17191822740508        1.35312852874015
H          -15.60112331172753       36.89175552888968       -1.00888562909728
H          -16.77184868306188       37.08235150956236       -2.32071543017040
H          -16.84296927899263       38.14668799262385       -0.90761159521927
48
 energy: -73.171412344588 gnorm: 0.000074410142 xtb: 6.7.1 (edcfbbe)
C          -17.37527362353750       36.18266158549888        0.97054581955659
C          -17.57816131376221       36.16184476455177       -0.54383558755083
C          -19.03199270495738       36.47598265523774       -0.89724268868210
C          -16.63153725408958       37.13631104162697       -1.24274702443812
O          -17.38167742479293       34.81221320741523       -1.05685307300356
C          -16.20837375952143       34.17538999755336       -0.93881212109116
O          -15.19894100236299       34.61975900069583       -0.41744205695441
N          -16.29882756794039       32.95394292287323       -1.49497529585836
C          -15.22356044366852       31.99241434141397       -1.49265549623649
C          -14.95359187624346       31.41777389980758       -2.89069599908239
C          -14.35428403972993       30.04531295318449       -2.61203088863566
C          -15.21017868532136       29.52157541945549       -1.45030386701792
C          -15.52648402203633       30.76789286803151       -0.59977755399576
N          -14.56606314989974       28.47819298871613       -0.69403397851104
C          -13.36580934462628       28.55591669865375       -0.05111617848961
N          -13.01766875308619       27.46831319372084        0.56721299574894
C          -14.04670702677623       26.58384297338745        0.33781231659045
C          -15.03245123095369       27.21566454721394       -0.45737619763392
C          -16.17731596715017       26.49420612899794       -0.80418590481669
C          -17.38287623322678       26.67002155384426       -1.53171798172309
C          -18.07023605923797       25.49406461055579       -1.44417891274456
N          -17.36561286162482       24.59151958841302       -0.70492624111595
C          -16.20418586017816       25.16608362199296       -0.29603622814914
N          -15.27806959725731       24.55714920982009        0.45228351358496
C          -14.21135707961509       25.26199774466066        0.76479578143686
H          -17.19334673588136       32.68280858944883       -1.87574524984580
H          -14.34784987360184       32.53048073142530       -1.11956080426861
H          -15.89788033567133       31.31102753902888       -3.42486959693763
H          -14.29345937408410       32.05379974039089       -3.47475058903067
H          -13.31702767690520       30.14436716255526       -2.29242697108542
H          -14.38928901617837       29.38547055224739       -3.47632502624706
H          -16.13289567157513       29.09247336554758       -1.84421758799507
H          -14.91048038342736       30.78270307382665        0.29800498056739
H          -16.56868018968114       30.77386239234133       -0.28516398801795
H          -12.76629748445654       29.44489868856169       -0.05722623610765
H          -17.70850561532028       27.54676884639470       -2.05407904200712
H          -19.02297517134253       25.23768532222450       -1.86273836840125
H          -13.46483673296691       24.77098883915957        1.37076295601310
H          -17.64715684673743       23.65080775139006       -0.48622528603867
H          -19.17109021669141       36.42470899135161       -1.97322061105249
H          -19.28567263241435       37.47189013076639       -0.55039450458261
H          -19.69221898909502       35.75346568631188       -0.42624017306532
H          -16.34669886390225       35.92883588397451        1.21559071573849
H          -18.03701064476320       35.46250838924379        1.44631262437420
H          -17.59459633826934       37.17416037103683        1.35326098369801
H          -15.59866395265738       36.89124052700202       -1.00750075873291
H          -16.76826825380489       37.08214871185224       -2.32026692601977
H          -16.83936211894586       38.14745120058718       -0.90788769114646
48
 energy: -73.171415527665 gnorm: 0.000076716898 xtb: 6.7.1 (edcfbbe)
C          -17.37396648298810       36.18446891949120        0.97110739500711
C          -17.57649676424459       36.16376177245034       -0.54332132863316
C          -19.02979688569813       36.47989701214545       -0.89713475419630
C          -16.62829444606313       37.13678835429964       -1.24210234325889
O          -17.38177184144493       34.81381676817046       -1.05617601388623
C          -16.20925401500030       34.17553090017904       -0.93822852655683
O          -15.19941303839689       34.61838691762253       -0.41635799741221
N          -16.30104731349337       32.95450926464740       -1.49510669218254
C          -15.22696532936882       31.99167676448833       -1.49310724936725
C          -14.95743323068297       31.41724935475995       -2.89127096152835
C          -14.35766841555407       30.04496479981817       -2.61274794813702
C          -15.21319376287259       29.52078499642311       -1.45090805983850
C          -15.53147439132452       30.76704959981042       -0.60096251138270
N          -14.56782044877989       28.47866823832843       -0.69395662622655
C          -13.36823447036429       28.55868456714669       -0.05007528153349
N          -13.01884058571579       27.47196857943735        0.56910992667795
C          -14.04622653852172       26.58568710642297        0.33926524180192
C          -15.03232473487027       27.21548804386610       -0.45708931140197
C          -16.17565763449676       26.49194737981139       -0.80461681163683
C          -17.38074848449749       26.66533266183746       -1.53351212752325
C          -18.06628537035602       25.48831555387102       -1.44592186691849
N          -17.36092234273069       24.58736421631351       -0.70542873149012
C          -16.20084411835780       25.16407511154490       -0.29572686051756
N          -15.27443829579682       24.55708281885153        0.45381127163533
C          -14.20912679551245       25.26381859190835        0.76685082837910
H          -17.19581364515860       32.68464775279491       -1.87619941971045
H          -14.35059355135893       32.52844297949267       -1.11967057024013
H          -15.90190834080472       31.31025822715134       -3.42506356883913
H          -14.29766794799120       32.05345419562617       -3.47554519707808
H          -13.32040842420751       30.14436903283246       -2.29325537228571
H          -14.39252056653736       29.38513925685808       -3.47706297365830
H          -16.13522312042129       29.09018471954626       -1.84477977649348
H          -14.91751838311920       30.78195750094327        0.29821979449847
H          -16.57439191184125       30.77280758946517       -0.28872013119373
H          -12.77019658798218       29.44866373956143       -0.05613262857789
H          -17.70724858076611       27.54120169373165       -2.05680468314940
H          -19.01816575392760       25.23011307484254       -1.86531662073529
H          -13.46236717277371       24.77434777262125        1.37376739001790
H          -17.64115624344803       23.64633017543765       -0.48642636254593
H          -19.16856102521033       36.42930464271657       -1.97318723940757
H          -19.28234142634616       37.47596049965458       -0.54990469461271
H          -19.69111130801300       35.75799206781300       -0.42671169976560
H          -16.34599487304842       35.92851554598064        1.21647334585166
H          -18.03736165126264       35.46585325029642        1.44688014452381
H          -17.59125237046583       37.17652877686184        1.35352918689505
H          -15.59584822583548       36.89070434752153       -1.00603058714205
H          -16.76436169514241       37.08215847046142       -2.31968505231515
H          -16.83524145717469       38.14834639813520       -0.90796594291367
48
 energy: -73.171419270722 gnorm: 0.000078043769 xtb: 6.7.1 (edcfbbe)
C          -17.37232112625709       36.18645978108691        0.97177982901454
C          -17.57449253119113       36.16597309863956       -0.54269861482460
C          -19.02719148336553       36.48443791764414       -0.89689797653548
C          -16.62456406181889       37.13744675634727       -1.24129670679849
O          -17.38178993141756       34.81572286060537       -1.05551593761283
C          -16.21019469121149       34.17572162986242       -0.93769782669762
O          -15.19986148035827       34.61681006394831       -0.41528324148094
N          -16.30355932368283       32.95522300303283       -1.49546082609084
C          -15.23091926319389       31.99081047537851       -1.49376700985697
C          -14.96190668504047       31.41658037672551       -2.89205712732741
C          -14.36167082594983       30.04450349153952       -2.61356602505893
C          -15.21681448068053       29.51987879435371       -1.45159206914502
C          -15.53739155598038       30.76613630753844       -0.60240983687461
N          -14.56999162333498       28.47928983654752       -0.69376333645570
C          -13.37123751135401       28.56204739363184       -0.04867813080406
N          -13.02034707253469       27.47637676932457        0.57149982701449
C          -14.04575765404294       26.58794306818035        0.34110859151931
C          -15.03223275710438       27.21531980925353       -0.45669658184760
C          -16.17371083531200       26.48928898011541       -0.80513120616704
C          -17.37823697372556       26.65979153271440       -1.53564311952471
C          -18.06153942410442       25.48146748576724       -1.44812011532232
N          -17.35535185663888       24.58244571443473       -0.70606605491122
C          -16.19690160601595       25.16171747103079       -0.29536277774802
N          -15.27018497186232       24.55704832493299        0.45566783164805
C          -14.20657423664352       25.26604450722046        0.76939411176631
H          -17.19862827435446       32.68686274110630       -1.87690230759175
H          -14.35376219418922       32.52602525817451       -1.11992348912692
H          -15.90659681903322       31.30930563232672       -3.42541509527912
H          -14.30252541320205       32.05292407081924       -3.47661560678877
H          -13.32440071245442       30.14428318523926       -2.29420114207564
H          -14.39636532637787       29.38465324565138       -3.47786631233355
H          -16.13803666191812       29.08750888062525       -1.84540236466977
H          -14.92590927805173       30.78118290299295        0.29845518954719
H          -16.58116800500154       30.77170915315112       -0.29302563452678
H          -12.77497040299562       29.45322083285352       -0.05463785747025
H          -17.70578858808945       27.53463409837747       -2.05999908257660
H          -19.01237327987234       25.22108539540325       -1.86854556550485
H          -13.45953502223401       24.77839876912228        1.37743566657199
H          -17.63402523418324       23.64102974412708       -0.48671121234666
H          -19.16566781140331       36.43454865354574       -1.97301981410159
H          -19.27839732100485       37.48070536626928       -0.54928070717094
H          -19.68972513430993       35.76328622659996       -0.42703496100294
H          -16.34500333901087       35.92816684488335        1.21742691385505
H          -18.03749201547904       35.46945823378778        1.44749725934411
H          -17.58738440751049       37.17908872429426        1.35399403146081
H          -15.59259547383512       36.89012570220153       -1.00443556170369
H          -16.75999062465191       37.08247558487319       -2.31894579473885
H          -16.83041469798404       38.14943530770988       -0.90779222065302
48
 energy: -73.171423856903 gnorm: 0.000084500620 xtb: 6.7.1 (edcfbbe)
C          -17.37016593651481       36.18870102391827        0.97257438082966
C          -17.57201701884997       36.16869600564794       -0.54195087573585
C          -19.02402617890296       36.48992875975578       -0.89649222090842
C          -16.62004806048390       37.13837458414061       -1.24027167715336
O          -17.38174702669969       34.81813582780282       -1.05484890820936
C          -16.21127421491055       34.17604251279896       -0.93723560145854
O          -15.20033984141793       34.61495198713415       -0.41414551235334
N          -16.30657627315010       32.95618639368714       -1.49607953114194
C          -15.23574291200223       31.98979352799034       -1.49467802924198
C          -14.96732307002861       31.41568476843923       -2.89305920919918
C          -14.36657917206066       30.04384368667385       -2.61454370008199
C          -15.22131083849024       29.51878399811447       -1.45239578404854
C          -15.54468380381530       30.76510374317003       -0.60425696593908
N          -14.57275724563448       28.48010696108580       -0.69340800302402
C          -13.37506300574061       28.56625681131963       -0.04679419561054
N          -13.02234583468782       27.48188504306164        0.57462586687448
C          -14.04526422373721       26.59076758937744        0.34346358579745
C          -15.03219582299610       27.21515987764325       -0.45612387807442
C          -16.17135088561941       26.48604578009620       -0.80572944388607
C          -17.37513527619353       26.65297141428017       -1.53829669230124
C          -18.05568848884557       25.47305025494032       -1.45084016759548
N          -17.34845856748771       24.57638104170123       -0.70692870814517
C          -16.19205602000551       25.15882863658897       -0.29493146601140
N          -15.26496714131972       24.55702113113475        0.45793776334340
C          -14.20348448963337       25.26881517345630        0.77255575071029
H          -17.20202953387115       32.68966275172374       -1.87791430347538
H          -14.35760800812488       32.52308456105312       -1.12035205991775
H          -15.91225319784740       31.30809245393428       -3.42592431080375
H          -14.30836072621014       32.05214001678301       -3.47796607267786
H          -13.32930027733522       30.14405875101507       -2.29531539081530
H          -14.40108785485299       29.38391558763559       -3.47879063063499
H          -16.14154628432317       29.08424610449755       -1.84611414621493
H          -14.93628396811143       30.78035165299083        0.29869050521997
H          -16.58951440898176       30.77050324169220       -0.29842025110160
H          -12.78099725512279       29.45890877268159       -0.05260416078122
H          -17.70397212866442       27.52654292349958       -2.06397129257930
H          -19.00520641704271       25.20997130310780       -1.87256770629399
H          -13.45614212349844       24.78344365773040        1.38204542264938
H          -17.62517774189011       23.63447515075807       -0.48719313926407
H          -19.16224001733808       36.44081626708962       -1.97268281800009
H          -19.27356198119845       37.48646968096834       -0.54845590736990
H          -19.68800566585592       35.76973090610217       -0.42719930726297
H          -16.34358165360215       35.92775628359699        1.21849594775272
H          -18.03733366465305       35.47349345640945        1.44819333841672
H          -17.58270967754987       37.18192283262711        1.35464937284335
H          -15.58863038696369       36.88946790706164       -1.00266682768368
H          -16.75487408468916       37.08320495552680       -2.31798678868356
H          -16.82448159301255       38.15082425154714       -0.90729624976139
48
 energy: -73.171429417509 gnorm: 0.000096449879 xtb: 6.7.1 (edcfbbe)
C          -17.36745084393569       36.19126423809973        0.97351123132659
C          -17.56897808182233       36.17194110886992       -0.54106406690609
C          -19.02018193821649       36.49650823484178       -0.89587904689551
C          -16.61467012583508       37.13960503405681       -1.23898894882594
O          -17.38160772076601       34.82107717425178       -1.05423809433129
C          -16.21249744120898       34.17645473259704       -0.93688290650780
O          -15.20082693076077       34.61273979806304       -0.41301513603729
N          -16.31015086415905       32.95737447460524       -1.49702298145537
C          -15.24153557996121       31.98856220174385       -1.49588709612091
C          -14.97379769878781       31.41455527962178       -2.89435727385664
C          -14.37253981223779       30.04298065832603       -2.61569122137609
C          -15.22680815278795       29.51750009126135       -1.45331002777471
C          -15.55357397191447       30.76394345331221       -0.60652192478383
N          -14.57621150748193       28.48116125668063       -0.69285114699912
C          -13.37984079322570       28.57143631758501       -0.04434281438731
N          -13.02489917637425       27.48863272733611        0.57855346686360
C          -14.04476605712179       26.59425561033633        0.34642728945067
C          -15.03220930660659       27.21500702879248       -0.45537342554769
C          -16.16850248641161       26.48213302556930       -0.80645020545940
C          -17.37137541274753       26.64472065586418       -1.54150065249002
C          -18.04853738832418       25.46283164801611       -1.45420855918507
N          -17.34005028783629       24.56901886512382       -0.70804866858010
C          -16.18617535144880       25.15533923354338       -0.29443364041844
N          -15.25866300010469       24.55701703891897        0.46069303537186
C          -14.19981711861032       25.27223292780826        0.77646881063915
H          -17.20607656859839       32.69307084014481       -1.87930430433502
H          -14.36222895405557       32.51951622400448       -1.12094755572253
H          -15.91899613731104       31.30659621495073       -3.42666900999614
H          -14.31527447508271       32.05108400555125       -3.47968185935903
H          -13.33525845724519       30.14367140140827       -2.29659140770836
H          -14.40682698900196       29.38291141649792       -3.47983797185574
H          -16.14583854476556       29.08033681910933       -1.84691847752033
H          -14.94894865978181       30.77946739171155        0.29896004044560
H          -16.59968856841483       30.76918776643001       -0.30503851840229
H          -12.78848295035615       29.46589788544895       -0.04991389702948
H          -17.70179502223200       27.51676692698234       -2.06872186975331
H          -18.99643347627242       25.19647046276946       -1.87753626643314
H          -13.45208958128026       24.78960366757723        1.38766612051659
H          -17.61437224441505       23.62650612808270       -0.48788990288727
H          -19.15817819940469       36.44825026351270       -1.97213532009952
H          -19.26767897612338       37.49340277955355       -0.54738816901281
H          -19.68585138955105       35.77749309789701       -0.42715873759458
H          -16.34168740384248       35.92731412682762        1.21964777726022
H          -18.03680725144778       35.47798252013465        1.44893574739971
H          -17.57716695688100       37.18508681916305        1.35559736172495
H          -15.58388917511553       36.88869849115038       -1.00071332905705
H          -16.74896195365626       37.08445468070325       -2.31677394315704
H          -16.81730101644409       38.15253725915476       -0.90637250214087
48
 energy: -73.171436427315 gnorm: 0.000123048420 xtb: 6.7.1 (edcfbbe)
C          -17.36390881498086       36.19425918659097        0.97465938350393
C          -17.56514455300193       36.17600562731202       -0.53996601030595
C          -19.01537405896331       36.50467870793938       -0.89501471118763
C          -16.60799293468428       37.14125330550809       -1.23735143637135
O          -17.38135896831216       34.82484501986215       -1.05365570082297
C          -16.21396402646625       34.17705190350029       -0.93663699842097
O          -15.20136509078710       34.61005368305777       -0.41183238484237
N          -16.31457345688504       32.95894321223734       -1.49837955076397
C          -15.24877645653686       31.98706457662283       -1.49749145967165
C          -14.98183925505736       31.41306992826325       -2.89601205653938
C          -14.38000980102993       30.04181198244652       -2.61707313694467
C          -15.23377975217381       29.51589990834771       -1.45441405115647
C          -15.56475753093170       30.76257183928880       -0.60943706062794
N          -14.58066988003042       28.48254234778435       -0.69201864297480
C          -13.38600534259009       28.57801688065561       -0.04108925937655
N          -13.02826792987629       27.49718716749915        0.58364927820846
C          -14.04422788306824       26.59868222960559        0.35021274072487
C          -15.03230647012128       27.21486239088857       -0.45434681955701
C          -16.16495190476153       26.47725048273934       -0.80732091632969
C          -17.36664830215829       26.63438446126101       -1.54550022031296
C          -18.03950126876626       25.45000710277072       -1.45848064071036
N          -17.32943987628896       24.55978159042953       -0.70951640644156
C          -16.17877741925733       25.15097184082616       -0.29384364410299
N          -15.25074605714345       24.55702721161111        0.46410494839766
C          -14.19525130413831       25.27655038701761        0.78137015745886
H          -17.21109107825857       32.69742072519659       -1.88119849900922
H          -14.36800479537594       32.51506939533623       -1.12177164677931
H          -15.92734534825251       31.30468638980845       -3.42768852462304
H          -14.32379222363845       32.04962348700882       -3.48184416076595
H          -13.34272403922911       30.14306263979340       -2.29811499822324
H          -14.41403567614376       29.38151580667210       -3.48105379221151
H          -16.15130161256792       29.07544991610434       -1.84786846668996
H          -14.96493329966921       30.77847374191077        0.29924040401531
H          -16.61247202390459       30.76768227287087       -0.31347472983427
H          -12.79808305316726       29.47476062220913       -0.04631999186953
H          -17.69906794768133       27.50452379859834       -2.07462474439501
H          -18.98532957475374       25.17951539724532       -1.88383702756895
H          -13.44707912742199       24.79739503191063        1.39476350957489
H          -17.60072142427429       23.61649574821540       -0.48887111767919
H          -19.15321135792446       36.45742610974576       -1.97133587986589
H          -19.26028658948697       37.50202666544990       -0.54598975332939
H          -19.68310644140038       35.78717860643206       -0.42689658540908
H          -16.33909909164945       35.92678484659196        1.22097339881091
H          -18.03579089941242       35.48315153178866        1.44977209570776
H          -17.57033045037099       37.18870911957678        1.35691084312643
H          -15.57797752489439       36.88775461254666       -0.99849064231733
H          -16.74181407539380       37.08641656957309       -2.31521269870689
H          -16.80826400708273       38.15470399533971       -0.90488239179430
48
 energy: -73.171445896438 gnorm: 0.000198255935 xtb: 6.7.1 (edcfbbe)
C          -17.35903515986538       36.19806864986687        0.97614889367605
C          -17.55995851710849       36.18141254365644       -0.53853375456649
C          -19.00891292561545       36.51556271337523       -0.89373748684729
C          -16.59911149951960       37.14358026806319       -1.23511125471828
O          -17.38093635247035       34.82992797017401       -1.05308051057945
C          -16.21584993870268       34.17788891557069       -0.93652249066217
O          -15.20200709880540       34.60649692571099       -0.41049213002341
N          -16.32043140495481       32.96107492805587       -1.50037522377282
C          -15.25845535055526       31.98505861056256       -1.49973014188796
C          -14.99254121913294       31.41101980216006       -2.89828532902325
C          -14.39005677330404       30.04015920151140       -2.61888189189502
C          -15.24320518149176       29.51379712669760       -1.45582228752857
C          -15.57984086274772       30.76082205404717       -0.61337316135057
N          -14.58678452260295       28.48447215948696       -0.69075527965102
C          -13.39445603770259       28.58693157725011       -0.03655141393413
N          -13.03295157061846       27.50874534799055        0.59061314680828
C          -14.04362110064338       26.60469658567365        0.35538629986343
C          -15.03251656466392       27.21472877727506       -0.45289214770585
C          -16.16020210962916       26.47073837603638       -0.80846206307892
C          -17.36027515398129       26.62053519033938       -1.55085904873967
C          -18.02729754091255       25.43281141902989       -1.46424316107634
N          -17.31511309682038       24.54739476604299       -0.71156541174084
C          -16.16882811246579       25.14514356881429       -0.29307724348375
N          -15.24012438614750       24.55708136980247        0.46865364111605
C          -14.18919713004879       25.28241043330927        0.78798635102774
H          -17.21774032871194       32.70327998949237       -1.88389560353573
H          -14.37573282580675       32.50909641677170       -1.12294796532961
H          -15.93843438025130       31.30210346479083       -3.42915848119697
H          -14.33505716958248       32.04753542034125       -3.48479141600884
H          -13.35277133178893       30.14210801168673       -2.30008281245252
H          -14.42374181917432       29.37951772200377       -3.48260965283503
H          -16.15869124409138       29.06893838429605       -1.84905817606253
H          -14.98652187544616       30.77725470230467        0.29959480068702
H          -16.62969295612513       30.76581801499362       -0.32488879038176
H          -12.81119116617822       29.48674845596319       -0.04126898764823
H          -17.69538942117818       27.48811486783086       -2.08250950557649
H          -18.97030837069097       25.15676163446287       -1.89234227078148
H          -13.44041835527403       24.80791072149680        1.40427837959064
H          -17.58227233485556       23.60305866178866       -0.49031936055577
H          -19.14663000875538       36.46958756616278       -1.97012831978002
H          -19.25033961552572       37.51353323943110       -0.54403596822568
H          -19.67935399739412       35.80011804305470       -0.42632170184160
H          -16.33543061948096       35.92611444861421        1.22259511375609
H          -18.03406853414261       35.48962665851915        1.45077703584107
H          -17.56128962403937       37.19322811620334        1.35879481133608
H          -15.57009554926286       36.88650090916671       -0.99571968031001
H          -16.73250813179486       37.08943837254088       -2.31306119213813
H          -16.79611072990174       38.15764690157103       -0.90253715578047
48
 energy: -73.171459950877 gnorm: 0.000428500087 xtb: 6.7.1 (edcfbbe)
C          -17.35166463717869       36.20355214594929        0.97833285939928
C          -17.55220102947271       36.18942505569326       -0.53642452479034
C          -18.99927251683645       36.53168071806559       -0.89175143052852
C          -16.58594189023179       37.14710525334893       -1.23175071942205
O          -17.38022988151191       34.83753998151698       -1.05240601751913
C          -16.21859227977125       34.17919129927940       -0.93654814295591
O          -15.20290332024558       34.60127606992111       -0.40874516492073
N          -16.32909364890652       32.96429361826362       -1.50347774990345
C          -15.27284426567804       31.98210387859996       -1.50312748691548
C          -15.00841974508446       31.40791928452337       -2.90169214502506
C          -14.40505845143416       30.03762088347743       -2.62151062963371
C          -15.25733205157896       29.51067756191873       -1.45785146278642
C          -15.60234309114780       30.75829522473873       -0.61930164421321
N          -14.59603851965926       28.48740197277988       -0.68873817265574
C          -13.40724767623947       28.60026395139490       -0.02964707612747
N          -13.04013614310002       27.52602574278444        0.60110451523368
C          -14.04283665925869       26.61370594765296        0.36313319324107
C          -15.03291467960758       27.21458216813952       -0.45065714164949
C          -16.15312806393844       26.46108727800589       -0.81013234005939
C          -17.35073046999449       26.59995878565057       -1.55879013425342
C          -18.00898254258685       25.40723449150510       -1.47286393735884
N          -17.29366504959811       24.52899330364237       -0.71466721540450
C          -16.15397395647422       25.13651422147535       -0.29196260477650
N          -15.22430242316733       24.55721113833314        0.47536921774310
C          -14.18024302572910       25.29118413097871        0.79780357434801
H          -17.22757209698693       32.71203719551733       -1.88800970681598
H          -14.38723149478140       32.50020176170120       -1.12473518063159
H          -15.95486724153938       31.29825055244916       -3.43141446105615
H          -14.35170481827958       32.04431896379698       -3.48918556998605
H          -13.36776910332613       30.14054628053763       -2.30293620122626
H          -14.43826978841589       29.37641927385926       -3.48482274972570
H          -16.16978460317114       29.05926531755668       -1.85072412578430
H          -15.01879405138406       30.77554584830408        0.30004513307647
H          -16.65534319192529       30.76317238979813       -0.34203201295210
H          -12.83096671152857       29.50465299546005       -0.03355695746630
H          -17.68987183809073       27.46373109692065       -2.09414632206776
H          -18.94773435946884       25.12289668651573       -1.90506454939762
H          -13.43059676394696       24.82362966049097        1.41841580006878
H          -17.55464650349446       23.58309336536006       -0.49256749984798
H          -19.13690373725589       36.48754823614930       -1.96823041877406
H          -19.23547989645895       37.53058353566237       -0.54107579502099
H          -19.67369182949209       35.81933039938211       -0.42527690048968
H          -16.32979630347793       35.92515220701256        1.22488440944410
H          -18.03116869482696       35.49885441272515        1.45217624012525
H          -17.54794934708569       37.19964362159325        1.36171387317340
H          -15.55839305107362       36.88461681487316       -0.99178898431132
H          -16.71888561573226       37.09426254033252       -2.30982339437129
H          -16.77798293978647       38.16200274035207       -0.89874224403281
48
 energy: -73.171480046452 gnorm: 0.001032090013 xtb: 6.7.1 (edcfbbe)
C          -17.34044224137116       36.21170381325995        0.98157376285573
C          -17.54043467231205       36.20144006423574       -0.53327939036851
C          -18.98465903920180       36.55587035305962       -0.88866544832108
C          -16.56613096755838       37.15241533243426       -1.22670778337046
O          -17.37907235273473       34.84899566083162       -1.05147128788712
C          -16.22266260698156       34.18115283922670       -0.93670690329861
O          -15.20420870202494       34.59340439121735       -0.40630074269487
N          -16.34211867685759       32.96912373376195       -1.50815048835742
C          -15.29455200579639       31.97764066473291       -1.50827149293175
C          -15.03238236628140       31.40319044579535       -2.90683374300322
C          -14.42780330709532       30.03369659594244       -2.62543951437137
C          -15.27875741336651       29.50600064644316       -1.46080844184886
C          -15.63633167480346       30.75454995058250       -0.62826858595850
N          -14.61019296779341       28.49188113388623       -0.68556407563081
C          -13.42683235104013       28.62038809110715       -0.01912206494917
N          -13.05127366517164       27.55210743057914        0.61694559819983
C          -14.04184524385771       26.62735160166324        0.37480702070241
C          -15.03361781301080       27.21444000209884       -0.44723720302415
C          -16.14240551613269       26.44662337914911       -0.81262360422618
C          -17.33614207531243       26.56901388417441       -1.57070334163966
C          -17.98108677037549       25.36880521445291       -1.48584236135069
N          -17.26108490303989       24.50137285293182       -0.71941092995591
C          -16.13148484708363       25.12362377443884       -0.29032131767603
N          -15.20044066380503       24.55752245462311        0.48540362649173
C          -14.16686077498501       25.30450057072868        0.81251921595956
H          -17.24234833119244       32.72520805071051       -1.89413253171216
H          -14.40460724526048       32.48675043042486       -1.12746014669622
H          -15.97967081338930       31.29243102829817       -3.43481058072277
H          -14.37679153414786       32.03935378600202       -3.49583816905154
H          -13.39048952580261       30.13801553516364       -2.30722881414479
H          -14.46037064750427       29.37161943374035       -3.48809819248750
H          -16.18664871256667       29.04473471750146       -1.85300561011416
H          -15.06760528919209       30.77305571449713        0.30061251353271
H          -16.69397255270353       30.75930194595062       -0.36796384845435
H          -12.86114691223651       29.53163118118254       -0.02175168278122
H          -17.68132124207461       27.42700675425689       -2.11162758278485
H          -18.91330952943934       25.07200304378486       -1.92421918243926
H          -13.41595349555846       24.84740372783672        1.43958075226256
H          -17.51268429087536       23.55311852405355       -0.49611094831201
H          -19.12221559803083       36.51441374103380       -1.96525636163184
H          -19.21297286298164       37.55618801101256       -0.53659597295380
H          -19.66502441870237       35.84824410121850       -0.42349694559735
H          -16.32118283847154       35.92377175962606        1.22822768157002
H          -18.02650636353445       35.51254263063054        1.45423698644677
H          -17.52789139825143       37.20909640742134        1.36611526349675
H          -15.54079220209273       36.88173288102041       -0.98606755166970
H          -16.69854853723956       37.10165026159824       -2.30494468349356
H          -16.75062204071614       38.16851145566673       -0.89288489461079
48
 energy: -73.171502043381 gnorm: 0.002275514592 xtb: 6.7.1 (edcfbbe)
C          -17.32495948887339       36.22297818538370        0.98596284869778
C          -17.52425980288462       36.21778252089611       -0.52899201151592
C          -18.96450765574181       36.58878865542593       -0.88443193514513
C          -16.53904226384595       37.15940903092693       -1.22001121266580
O          -17.37745146298504       34.86455937737106       -1.05000994966697
C          -16.22821210459945       34.18383077045807       -0.93692621706605
O          -15.20597109163816       34.58276184324925       -0.40331524740749
N          -16.36001903646065       32.97563531235378       -1.51415706571062
C          -15.32434855686129       31.97155651444243       -1.51518648362081
C          -15.06548118469382       31.39666813109783       -2.91374760055485
C          -14.45929915908507       30.02822227958075       -2.63072395992869
C          -15.30828075783421       29.49961566122719       -1.46458461277348
C          -15.68269630790565       30.74950681669957       -0.64047076343291
N          -14.62982845954003       28.49803724050187       -0.68105593707384
C          -13.45402681139717       28.64775306161338       -0.00474726922468
N          -13.06696467431311       27.58763825302936        0.63842353183221
C          -14.04077752982662       26.64601434174045        0.39057563420290
C          -15.03470722378290       27.21432757839865       -0.44255697952617
C          -16.12755863927466       26.42698759235676       -0.81603845321619
C          -17.31574128386937       26.52688364003953       -1.58691316879165
C          -17.94227742030463       25.31650534351727       -1.50362534794872
N          -17.21607808069154       24.46391113266684       -0.72595829781734
C          -16.10052687179556       25.10622828825198       -0.28817266894058
N          -15.16779545865588       24.55811227627898        0.49885872199949
C          -14.14876470998282       25.32279252684320        0.83232267888517
H          -17.26267014559702       32.74307421525743       -1.90183165476763
H          -14.42850358323260       32.46832126375826       -1.13120483397456
H          -16.01399328397267       31.28444099291401       -3.43919790141377
H          -14.41149282031997       32.03245940749821       -3.50492825727443
H          -13.42188714813479       30.13433138913090       -2.31317149523980
H          -14.49119462433394       29.36489975138969       -3.49244127861320
H          -16.21001326136573       29.02497590837413       -1.85553449301644
H          -15.13419923330662       30.76976074729830        0.30109970494079
H          -16.74636695227970       30.75412806312434       -0.40320848304567
H          -12.90292167619697       29.56824434402527       -0.00555551624486
H          -17.66909333636778       27.37691236689969       -2.13541292788900
H          -18.86532058797721       25.00269205279034       -1.95045559120332
H          -13.39628500429063       24.87999621068173        1.46813852102704
H          -17.45473327177889       23.51246241067641       -0.50116467245619
H          -19.10202512197941       36.55075476147721       -1.96115053057966
H          -19.18196603187198       37.59106451008716       -0.53063476751222
H          -19.65292513645674       35.88777688414677       -0.42082282093714
H          -16.30935628607482       35.92208371999001        1.23275229595119
H          -18.01989262741540       35.53152842546071        1.45716945612189
H          -17.50031741988721       37.22211417290552        1.37193244697628
H          -15.51675723443846       36.87758851341951       -0.97847081249349
H          -16.67081722743882       37.11134943949837       -2.29845115452033
H          -16.71319194839144       38.17713407883222       -0.88517346642924
48
 energy: -73.171515140879 gnorm: 0.003056498023 xtb: 6.7.1 (edcfbbe)
C          -17.31416682778375       36.23111342805976        0.98890203586485
C          -17.51302039784303       36.22896272126740       -0.52608912032453
C          -18.95042765408261       36.61131510567980       -0.88153165355166
C          -16.52037283575737       37.16386341438746       -1.21575079622810
O          -17.37638264067192       34.87508631734154       -1.04861233542218
C          -16.23212767498012       34.18555469103378       -0.93692028047107
O          -15.20723194311699       34.57543369717418       -0.40153401468534
N          -16.37261592359734       32.97988929019717       -1.51768735093763
C          -15.34512351239852       31.96731398350372       -1.51970078494571
C          -15.08883430394053       31.39209985323878       -2.91830589099268
C          -14.48154232072269       30.02433830272547       -2.63427356302204
C          -15.32884759906650       29.49523818196044       -1.46678724412349
C          -15.71434013418723       30.74605967331232       -0.64855343901856
N          -14.64360409004472       28.50227546549462       -0.67776991826730
C          -13.47313445186469       28.66632387249291        0.00508482115558
N          -13.07817588081718       27.61179259974456        0.65283191112826
C          -14.04030964469037       26.65878413041100        0.40112589922603
C          -15.03556582376167       27.21432283111418       -0.43933530556145
C          -16.11709489389845       26.41364377694595       -0.81839807323079
C          -17.30109500493752       26.49814739635216       -1.59800969165015
C          -17.91477894795320       25.28091019319578       -1.51591442662402
N          -17.18455214285365       24.43851332924379       -0.73063207349607
C          -16.07894968024253       25.09450049644518       -0.28687713171668
N          -15.14528552794089       24.55868309638706        0.50775045281088
C          -14.13648512835031       25.33539974037015        0.84547895735633
H          -17.27695921875528       32.75513129813027       -1.90628169794908
H          -14.44526073591693       32.45562368107616       -1.13382002300084
H          -16.03831517967621       31.27885813354488       -3.44176866802019
H          -14.43609813360182       32.02760248445193       -3.51117277625727
H          -13.44395914745626       30.13160468292842       -2.31746654353288
H          -14.51326649970438       29.36012527656126       -3.49530262800562
H          -16.22650176351255       29.01156327450536       -1.85637576237892
H          -15.17942118492575       30.76757204188237        0.30115112576937
H          -16.78167813270417       30.75053540833134       -0.42659687487937
H          -12.93210856966160       29.59299776283065        0.00556708579924
H          -17.65990394393731       27.34262461421551       -2.15169362123560
H          -18.83123233857009       24.95549478643436       -1.96854404939010
H          -13.38303252588638       24.90238926975292        1.48712259173006
H          -17.41422252995110       23.48492519330351       -0.50497298063556
H          -19.08793744482201       36.57527290377350       -1.95830491255757
H          -19.16036559190367       37.61499899789585       -0.52686967331021
H          -19.64432737674788       35.91508200370243       -0.41871127040363
H          -16.30121563409580       35.92129593268148        1.23580719379252
H          -18.01517965874904       35.54528739841780        1.45938297688430
H          -17.48105776108862       37.23148092549015        1.37553891078008
H          -15.50024158186583       36.87453674708500       -0.97352809940373
H          -16.65172104501189       37.11726788764371       -2.29429627277288
H          -16.68742901590029       38.18276371126804       -0.88055501329869
48
 energy: -73.171533577556 gnorm: 0.000832852625 xtb: 6.7.1 (edcfbbe)
C          -17.31370021122132       36.23086301220216        0.98867949284932
C          -17.51248312306608       36.22866634331044       -0.52631720275121
C          -18.94951637411784       36.61116496215541       -0.88173213005963
C          -16.52013399176524       37.16338309576873       -1.21618570683011
O          -17.37604351139836       34.87504574010042       -1.04901233266970
C          -16.23237323979877       34.18513129072988       -0.93665467176508
O          -15.20761470961390       34.57492661261905       -0.40166532758242
N          -16.37297275936741       32.97956194772456       -1.51698873099831
C          -15.34589410647275       31.96702353913159       -1.51886200753627
C          -15.08920912133733       31.39220992661431       -2.91762349434606
C          -14.48246114923854       30.02416661020447       -2.63387858839776
C          -15.32978635169809       29.49520612921668       -1.46637076609618
C          -15.71515270523678       30.74572526518853       -0.64844868915176
N          -14.64490186118302       28.50240931882569       -0.67753461912100
C          -13.47514088201936       28.66630212364404        0.00494273893713
N          -13.08000307276626       27.61194361185085        0.65198331341685
C          -14.04136056742245       26.65923122925355        0.40053446476600
C          -15.03625584240307       27.21471600208870       -0.43933205769639
C          -16.11681210176943       26.41411426501114       -0.81817969003686
C          -17.30006722923039       26.49833545757724       -1.59741179280331
C          -17.91283494392910       25.28137333357247       -1.51531189118390
N          -17.18266267548630       24.43920505001219       -0.73061324479571
C          -16.07801728618106       25.09517995516088       -0.28721033483149
N          -15.14461739347853       24.55945377783796        0.50671075844543
C          -14.13689833996000       25.33615433929648        0.84446204064173
H          -17.27701187358725       32.75500682128194       -1.90571654450222
H          -14.44656508200748       32.45522692170849       -1.13261359653769
H          -16.03848484428547       31.27943138089654       -3.44157711073674
H          -14.43592680052005       32.02752260816013       -3.51011571904951
H          -13.44488049610727       30.13124128109590       -2.31709239112456
H          -14.51426422487876       29.36021207580496       -3.49510480614505
H          -16.22706378954562       29.01170170935816       -1.85588187442523
H          -15.18105833669345       30.76698441534610        0.30047942318841
H          -16.78150791236329       30.75029048069517       -0.42707391445953
H          -12.93454592042925       29.59260096634189        0.00537112352799
H          -17.65901865656402       27.34252069618018       -2.15080320017966
H          -18.82855611055703       24.95589293934654       -1.96759606253973
H          -13.38344537752847       24.90313273068044        1.48527667317982
H          -17.41185304122389       23.48581886801911       -0.50511027934403
H          -19.08722946994492       36.57508884556432       -1.95847612620426
H          -19.15915845610710       37.61463268378373       -0.52711369956474
H          -19.64332307257817       35.91536304090320       -0.41868489669370
H          -16.30077276045691       35.92158494642646        1.23538366559200
H          -18.01424945826599       35.54477325533022        1.45915859795189
H          -17.48095582418970       37.23090390894920        1.37561235246992
H          -15.50028196802116       36.87378364194034       -0.97442206762035
H          -16.65160829280765       37.11753466948327       -2.29474459925028
H          -16.68682468112431       38.18185817759234       -0.88033447694016
48
 energy: -73.171536461982 gnorm: 0.000558505176 xtb: 6.7.1 (edcfbbe)
C          -17.31257897824568       36.23044493220598        0.98805521633808
C          -17.51175918975804       36.22850995521699       -0.52690854847773
C          -18.94859810125250       36.61126886483051       -0.88190329459039
C          -16.51925935291446       37.16299709668814       -1.21662622385711
O          -17.37569051157347       34.87515758038550       -1.04976174322785
C          -16.23264228851410       34.18477416923443       -0.93659406633895
O          -15.20790826162995       34.57436334829816       -0.40161665542507
N          -16.37373451005096       32.97896400364032       -1.51594496181373
C          -15.34698509272386       31.96650494461175       -1.51762439370788
C          -15.08978289063096       31.39243697045292       -2.91667038720332
C          -14.48392386343950       30.02394362615709       -2.63335542134182
C          -15.33151025404249       29.49521300048097       -1.46590999944309
C          -15.71706519856916       30.74525752950602       -0.64784985457301
N          -14.64642006230824       28.50303723447956       -0.67705872830197
C          -13.47715273589246       28.66741664511086        0.00506353197947
N          -13.08130981511382       27.61323462170939        0.65169720809069
C          -14.04159182135090       26.66025562995656        0.40010290444423
C          -15.03673727411427       27.21532949186717       -0.43924973596422
C          -16.11655360048414       26.41442349839848       -0.81812100469281
C          -17.29957283567835       26.49823385082739       -1.59692222313416
C          -17.91123753982886       25.28094253742185       -1.51522122771065
N          -17.18056081818070       24.43912407133234       -0.73113313845830
C          -16.07680133590260       25.09543653652580       -0.28781976987189
N          -15.14301027485202       24.55996345700612        0.50534882057222
C          -14.13605573661733       25.33698485637272        0.84327318338603
H          -17.27757641174667       32.75465029928515       -1.90492130660249
H          -14.44800692192304       32.45453073637749       -1.13088138526397
H          -16.03882776506761       31.28067540091200       -3.44127579459469
H          -14.43567341979101       32.02764461803422       -3.50836707835987
H          -13.44629460758237       30.13040392156078       -2.31654221203305
H          -14.51607291307602       29.36028778896601       -3.49478681856131
H          -16.22842858338005       29.01166017141491       -1.85555918793963
H          -15.18353705122939       30.76613776269448        0.30073010241442
H          -16.78305390197214       30.74998071067604       -0.42751334307000
H          -12.93742344976346       29.59391028649151        0.00560202721402
H          -17.65899519430325       27.34238738473774       -2.14976781092192
H          -18.82647282333978       24.95509279179820       -1.96735151125159
H          -13.38234878683931       24.90413173937095        1.48350472111237
H          -17.40886564474162       23.48568324622061       -0.50582408818653
H          -19.08649540808500       36.57496465482522       -1.95862427061919
H          -19.15778586342078       37.61477532102456       -0.52753100842065
H          -19.64244997392286       35.91586107092598       -0.41858634404265
H          -16.29942386217374       35.92201839408353        1.23445887760309
H          -18.01245635901497       35.54363875541925        1.45835969576430
H          -17.48070148763242       37.23012254495450        1.37537752411104
H          -15.49952109757137       36.87252224834942       -0.97600159048504
H          -16.65157341596128       37.11813150661798       -2.29512950372969
H          -16.68507271374150       38.18117019652853       -0.87981917981783
48
 energy: -73.171538315277 gnorm: 0.000368631296 xtb: 6.7.1 (edcfbbe)
C          -17.31185689164715       36.23032452081627        0.98775661918406
C          -17.51125589238221       36.22881389490536       -0.52720905927358
C          -18.94807468609605       36.61182055891535       -0.88199800326069
C          -16.51862971215448       37.16315054133102       -1.21699834087791
O          -17.37555640042181       34.87562019516729       -1.05028989007086
C          -16.23284047873507       34.18486191500369       -0.93666703648688
O          -15.20792347936170       34.57424416482283       -0.40177155378862
N          -16.37443132300670       32.97883991306215       -1.51537707901877
C          -15.34777016125789       31.96637269714975       -1.51700321367806
C          -15.09013480231820       31.39265729849787       -2.91611737416931
C          -14.48498051446621       30.02381484234239       -2.63309287757055
C          -15.33264003724674       29.49502079217180       -1.46570638815072
C          -15.71852421141735       30.74500236171425       -0.64770955811043
N          -14.64716335196339       28.50334802577343       -0.67665790724432
C          -13.47799656885500       28.66842145060740        0.00546566559076
N          -13.08144921417697       27.61426342469881        0.65191031730221
C          -14.04120405403633       26.66079123969181        0.40013473132748
C          -15.03677637884713       27.21543470918803       -0.43910013655746
C          -16.11637328952059       26.41417721727593       -0.81812548809497
C          -17.29960219274386       26.49769933743315       -1.59674650017748
C          -17.91071105122697       25.27999519911364       -1.51538692144322
N          -17.17939326124078       24.43829021354757       -0.73172545550043
C          -16.07589771581999       25.09500315689822       -0.28826269937380
N          -15.14158446670660       24.55976914932315        0.50460358863351
C          -14.13494413566306       25.33721297902323        0.84280061496597
H          -17.27826617082377       32.75470879647602       -1.90453023359295
H          -14.44883631035475       32.45411873610782       -1.12972449338894
H          -16.03898369075084       31.28159343368072       -3.44121313579492
H          -14.43546402256204       32.02788356366302       -3.50716046836471
H          -13.44728453419663       30.12968705559188       -2.31630525187548
H          -14.51750431281366       29.36030687624725       -3.49461275046475
H          -16.22941043662905       29.01118659101012       -1.85541475852379
H          -15.18548356394769       30.76561213948101        0.30124687773086
H          -16.78474019408748       30.74987783200514       -0.42807638645340
H          -12.93891731877269       29.59536490028557        0.00621786361396
H          -17.65951562530033       27.34197012658964       -2.14916556195220
H          -18.82591948639430       24.95384059510274       -1.96751817878378
H          -13.38084251008018       24.90449605818123        1.48272263685533
H          -17.40709848000157       23.48463621818688       -0.50656771251676
H          -19.08617411353575       36.57522407269492       -1.95869779486058
H          -19.15704184399803       37.61547395269936       -0.52785884830246
H          -19.64195346135300       35.91658262147248       -0.41841616674133
H          -16.29843187081415       35.92251383059557        1.23386520139759
H          -18.01115587668978       35.54277723083693        1.45788985649779
H          -17.48067314213840       37.22974914743737        1.37545053124701
H          -15.49893640607010       36.87177374790816       -0.97717204901223
H          -16.65162937420891       37.11904111494365       -2.29546818226056
H          -16.68352298311309       38.18123156431415       -0.87941704761373
48
 energy: -73.171542852538 gnorm: 0.000383709811 xtb: 6.7.1 (edcfbbe)
C          -17.30951507244015       36.23007741858029        0.98659327549036
C          -17.50960802851297       36.23027247795996       -0.52832274922596
C          -18.94644429400940       36.61423080359379       -0.88222890265748
C          -16.51648402122413       37.16443289815683       -1.21777847147082
O          -17.37488983047064       34.87766391635266       -1.05260290303604
C          -16.23321963327113       34.18555452546644       -0.93757362913219
O          -15.20772530312539       34.57410145923215       -0.40297402430261
N          -16.37662364064132       32.97866835353395       -1.51387735367345
C          -15.35050911229440       31.96578530255882       -1.51502250383116
C          -15.09102762419582       31.39338876445384       -2.91435231811799
C          -14.48846011392761       30.02327397753493       -2.63232214890099
C          -15.33644805270404       29.49438983645775       -1.46504937544242
C          -15.72406358117115       30.74410435586323       -0.64746314494297
N          -14.64980087465597       28.50423125050105       -0.67521297623330
C          -13.48096231375028       28.67152612258895        0.00708832906290
N          -13.08222516936859       27.61755682163202        0.65289612387010
C          -14.03996080685293       26.66217435688212        0.40013833201843
C          -15.03690103120510       27.21543975396668       -0.43860781491926
C          -16.11555613285365       26.41287737679250       -0.81806905658132
C          -17.29960969208579       26.49534614800569       -1.59583225149623
C          -17.90864616970900       25.27635670858148       -1.51562907904275
N          -17.17511236084487       24.43491706503646       -0.73359076014475
C          -16.07239657079885       25.09308369396554       -0.28981164998944
N          -15.13640012892212       24.55869366278047        0.50194159493773
C          -14.13105954624504       25.33765105696337        0.84097566579791
H          -17.28037984500243       32.75530165988955       -1.90376960526709
H          -14.45184630439320       32.45250940173514       -1.12561366812763
H          -16.03902900643734       31.28478006466523       -3.44146680955894
H          -14.43416198282254       32.02849982905448       -3.50308948731309
H          -13.45047492108960       30.12688481066015       -2.31571391924656
H          -14.52238229735230       29.36052581839392       -3.49437114646078
H          -16.23254721914891       29.00921109783310       -1.85479156679546
H          -15.19369958382999       30.76381986622715        0.30328529008948
H          -16.79111390989495       30.74945923789146       -0.43075427680966
H          -12.94404471551718       29.59987399245696        0.00872008212495
H          -17.66152688614803       27.33993028439551       -2.14661164748901
H          -18.82377760916344       24.94923526813726       -1.96758591133516
H          -13.37581920502900       24.90555168798083        1.48013451892042
H          -17.40084151605164       23.48055214971914       -0.50900572203455
H          -19.08526459794783       36.57668791108541       -1.95882053291293
H          -19.15456767442884       37.61836991591411       -0.52887531023327
H          -19.64046797989885       35.91971329571528       -0.41764645870925
H          -16.29508121058867       35.92473437528567        1.23178670160220
H          -18.00653259311682       35.53946395482145        1.45572656846678
H          -17.48126154071968       37.22830910595991        1.37609356183761
H          -15.49689348393631       36.86985105910878       -0.98109507739117
H          -16.65212600619562       37.12350940303502       -2.29605158355740
H          -16.67801080595461       38.18202770657958       -0.87699620683992
48
 energy: -73.171546687629 gnorm: 0.000578308205 xtb: 6.7.1 (edcfbbe)
C          -17.30694376519894       36.23019663181609        0.98531873663157
C          -17.50758052292139       36.23261615243029       -0.52954483850624
C          -18.94435914096283       36.61771809116492       -0.88249565564518
C          -16.51411725264176       37.16676327161314       -1.21858276038331
O          -17.37399924759506       34.88057910521346       -1.05527076370391
C          -16.23360283790383       34.18670984637816       -0.93855465436953
O          -15.20734707558269       34.57444614240087       -0.40474122754594
N          -16.37908943705431       32.97890150302546       -1.51229538159332
C          -15.35388866097471       31.96513031328962       -1.51281095422847
C          -15.09231116897969       31.39407092817342       -2.91227635157254
C          -14.49259184803225       30.02249703735331       -2.63130607171216
C          -15.34101497500929       29.49341983186507       -1.46432989738353
C          -15.73085310818684       30.74296095929015       -0.64762856477336
N          -14.65303221620018       28.50493920115274       -0.67353743947944
C          -13.48466098101751       28.67459265615500        0.00908552683289
N          -13.08326971937363       27.62086445270397        0.65378068637836
C          -14.03872535474810       26.66337276436792        0.40008311915454
C          -15.03703856384127       27.21504321157488       -0.43815074163352
C          -16.11429719937755       26.41074377561188       -0.81803648152615
C          -17.29925840060567       26.49182003737142       -1.59467816394031
C          -17.90568880660062       25.27139249168907       -1.51564690709606
N          -17.16954991778367       24.43031721268190       -0.73559764981663
C          -16.06790650757958       25.09032071599407       -0.29159318208492
N          -15.13018121216136       24.55703174932125        0.49895963060806
C          -14.12662975343256       25.33794117693089        0.83901799241341
H          -17.28273443075778       32.75657249626893       -1.90306877504408
H          -14.45549071266129       32.45043178481463       -1.12092882399421
H          -16.03930421391014       31.28816049527658       -3.44174240333528
H          -14.43294795866416       32.02899706808815       -3.49844184032247
H          -13.45427400329255       30.12356336959576       -2.31494088602916
H          -14.52809819863026       29.36060815083108       -3.49395150394718
H          -16.23611995277129       29.00648956933796       -1.85422511706105
H          -15.20413722188464       30.76185694668500        0.30528639656555
H          -16.79882302826339       30.74867677157384       -0.43496047237779
H          -12.95020431136135       29.60441381905941        0.01180621517444
H          -17.66364809321469       27.33656654800691       -2.14364698542200
H          -18.82062352698002       24.94304848641269       -1.96726105500380
H          -13.37000588097512       24.90660765841536        1.47714160371709
H          -17.39298847512382       23.47519888074869       -0.51178856848838
H          -19.08420705144827       36.57910050218918       -1.95893240425103
H          -19.15115945313856       37.62245139222467       -0.53003667806645
H          -19.63862195620026       35.92432276523314       -0.41654195625568
H          -16.29132508453421       35.92798045447395        1.22957108477241
H          -18.00126835529871       35.53600992024657        1.45330015279055
H          -17.48227485810488       37.22700222193773        1.37685079245233
H          -15.49469888299224       36.86854474160135       -0.98557460284477
H          -16.65271593968157       37.13004439959054       -2.29665405944454
H          -16.67189073629327       38.18356230180495       -0.87362811761298
48
 energy: -73.171550324064 gnorm: 0.000512440014 xtb: 6.7.1 (edcfbbe)
C          -17.30461067536710       36.23101469486537        0.98410751314536
C          -17.50570185090266       36.23521471793774       -0.53067438033850
C          -18.94241135631724       36.62156502305627       -0.88261963648058
C          -16.51192390720917       37.16969149581290       -1.21878680488817
O          -17.37292056375952       34.88361791219297       -1.05792188327349
C          -16.23358621331915       34.18815244186874       -0.93999946406388
O          -15.20680416695352       34.57507701878345       -0.40661764768224
N          -16.38108961807743       32.97939227592987       -1.51124338717907
C          -15.35720197724347       31.96420783613721       -1.51091632891283
C          -15.09377552441798       31.39444506049659       -2.91056937990929
C          -14.49635489164774       30.02170554010411       -2.63038772271630
C          -15.34526837279645       29.49253055152249       -1.46367920188624
C          -15.73772413239893       30.74177795985408       -0.64777659251526
N          -14.65619084569757       28.50542970769297       -0.67196435824582
C          -13.48821261891825       28.67702144850910        0.01092791639872
N          -13.08456938560437       27.62366725543552        0.65475169288844
C          -14.03765698911354       26.66409928579085        0.39978416468172
C          -15.03727352445256       27.21440966206243       -0.43778462049198
C          -16.11294908083719       26.40816755651045       -0.81804301847252
C          -17.29870305040712       26.48765926382490       -1.59365071500064
C          -17.90250338403771       25.26588250640564       -1.51556507614192
N          -17.16395923464481       24.42536950560789       -0.73718044493166
C          -16.06338873436917       25.08723266919617       -0.29318407979940
N          -15.12416054818906       24.55509555070618        0.49632670989453
C          -14.12234416174260       25.33793819243315        0.83709050585509
H          -17.28467003816613       32.75823444324076       -1.90282345484837
H          -14.45892073301346       32.44795060117998       -1.11685458774698
H          -16.03987523439469       31.29062957180793       -3.44201439977388
H          -14.43232914270946       32.02911369808108       -3.49469420455446
H          -13.45781818678514       30.12079180703010       -2.31412693963510
H          -14.53294223492595       29.36066141132319       -3.49365117813684
H          -16.23927358097880       29.00379782511873       -1.85379646140805
H          -15.21487557009411       30.75998068550318        0.30728817851147
H          -16.80656760377595       30.74775417503750       -0.43945541300049
H          -12.95589710509573       29.60806702747908        0.01465365834900
H          -17.66548986676358       27.33231689468197       -2.14114622958955
H          -18.81717101281993       24.93621233251961       -1.96676224084618
H          -13.36474428418453       24.90765327796872        1.47477104791028
H          -17.38529855117821       23.46958639926884       -0.51414196074725
H          -19.08323253367607       36.58201244369991       -1.95888554128651
H          -19.14771101193640       37.62693153353631       -0.53105824193845
H          -19.63709128667008       35.92948705063495       -0.41533499779162
H          -16.28800753878135       35.93163243458367        1.22774277537684
H          -17.99658775272175       35.53367729309701        1.45088487071823
H          -17.48326994840773       37.22649806611142        1.37750889201001
H          -15.49257095732727       36.86852810952861       -0.98928257126055
H          -16.65322391152656       37.13711980911237       -2.29661213383431
H          -16.66664710559020       38.18559798070401       -0.86983262541554
48
 energy: -73.171554164191 gnorm: 0.000287098351 xtb: 6.7.1 (edcfbbe)
C          -17.30257194738035       36.23239235382425        0.98318645440248
C          -17.50376471081011       36.23834122321428       -0.53155270138548
C          -18.94035336450317       36.62578890154750       -0.88276718475537
C          -16.50982610572946       37.17328516567596       -1.21872056338137
O          -17.37171274073518       34.88699493509587       -1.06006165707471
C          -16.23346844930876       34.18980071149085       -0.94093487622186
O          -15.20609469823775       34.57613711211059       -0.40837958112251
N          -16.38280294019222       32.98039990780833       -1.51038713766473
C          -15.36052300919442       31.96342936758516       -1.50949915084295
C          -15.09573426755957       31.39445811457688       -2.90919388136305
C          -14.49977061207890       30.02094742067776       -2.62945596000061
C          -15.34932754735889       29.49142390577586       -1.46329458505329
C          -15.74454774593186       30.74061529557199       -0.64855797210649
N          -14.65933900067100       28.50554122417077       -0.67063057189082
C          -13.49180211555272       28.67890564824162        0.01259882708228
N          -13.08588487256670       27.62590426056604        0.65533838356870
C          -14.03694596450662       26.66452677606815        0.39957113785465
C          -15.03759595458830       27.21341454724267       -0.43760379678382
C          -16.11147640842604       26.40500769429210       -0.81815102494048
C          -17.29787099746624       26.48264018635515       -1.59287350727332
C          -17.89897680231503       25.25958458662091       -1.51545897445098
N          -17.15818740844603       24.41991240547659       -0.73834949032714
C          -16.05883711192368       25.08377618707352       -0.29442111202024
N          -15.11839492975831       24.55299674121149        0.49440597855726
C          -14.11847884548224       25.33791480934342        0.83580323794604
H          -17.28639045002595       32.76059831832975       -1.90267705975301
H          -14.46209873105614       32.44524571866360       -1.11347499631099
H          -16.04115217855161       31.29196312953538       -3.44207572271556
H          -14.43285325387985       32.02896026646548       -3.49186598758888
H          -13.46117873290869       30.11879834898079       -2.31298930302897
H          -14.53675627921485       29.36051799299817       -3.49317912288330
H          -16.24213388854379       29.00090217459192       -1.85382980338109
H          -15.22585596474511       30.75834889927449        0.30866743113454
H          -16.81418207358945       30.74668127435481       -0.44482604562715
H          -12.96147498776912       29.61103051563851        0.01730035521431
H          -17.66693439341938       27.32692958372646       -2.13932844618323
H          -18.81324225914649       24.92839817981931       -1.96622333074622
H          -13.35975607919829       24.90874116267658        1.47283841680465
H          -17.37754999766392       23.46352752320285       -0.51607359775115
H          -19.08214186727730       36.58532921712863       -1.95886321054909
H          -19.14404879005884       37.63179359207804       -0.53212096808129
H          -19.63554417069784       35.93519680722790       -0.41410747217805
H          -16.28521812168129       35.93538998447262        1.22648134579661
H          -17.99270548374367       35.53260433053389        1.44898640821302
H          -17.48396044800744       37.22679571020603        1.37799679683140
H          -15.49056389476003       36.86981635878497       -0.99210084784864
H          -16.65322961813143       37.14467376001470       -2.29634426861906
H          -16.66223978515294       38.18821767366342       -0.86600086050526
48
 energy: -73.171557578125 gnorm: 0.000185486903 xtb: 6.7.1 (edcfbbe)
C          -17.30075637825194       36.23424734556627        0.98265642377821
C          -17.50185996406345       36.24126457956971       -0.53206753983746
C          -18.93824341420500       36.62978750896004       -0.88290625042052
C          -16.50773149033148       37.17669008883308       -1.21822461511311
O          -17.37032609904748       34.89012463744764       -1.06172532785321
C          -16.23296360219949       34.19143195527147       -0.94196741944933
O          -15.20526161772609       34.57694794731838       -0.40954613190509
N          -16.38411686803659       32.98150426088297       -1.50990711536727
C          -15.36375378884094       31.96248834531579       -1.50854149846823
C          -15.09826494927559       31.39421323578990       -2.90837774072582
C          -14.50280485852532       30.02045828544975       -2.62867583797033
C          -15.35304691400848       29.49046177324554       -1.46314624794924
C          -15.75105828079260       30.73948117466796       -0.64934467824700
N          -14.66239867674941       28.50563054681635       -0.66956067534200
C          -13.49527712573116       28.68066868575663        0.01393059320055
N          -13.08749403937556       27.62820271482047        0.65615258720559
C          -14.03643632311351       26.66502093936054        0.39936389486913
C          -15.03810962778787       27.21251743202845       -0.43743256377822
C          -16.11012844923965       26.40183640404608       -0.81828253133253
C          -17.29684643583956       26.47732721448519       -1.59262017644405
C          -17.89537613049022       25.25305619415178       -1.51557310494692
N          -17.15268042813248       24.41454512428035       -0.73908415464303
C          -16.05461753852634       25.08045785499112       -0.29524222089203
N          -15.11312843822145       24.55115462612492        0.49318541135796
C          -14.11493773373071       25.33806461407312        0.83486405386388
H          -17.28783344680197       32.76320029707388       -1.90270950511169
H          -14.46488794346155       32.44227688589772       -1.11114048020371
H          -16.04337404813913       31.29208234284632       -3.44185973960767
H          -14.43481064259060       32.02867220551371       -3.49046195109010
H          -13.46437646020078       30.11803247257132       -2.31158517888102
H          -14.53928776456491       29.36042793849879       -3.49273484681881
H          -16.24467033786797       28.99836962482791       -1.85432080707608
H          -15.23627804299183       30.75685271598919        0.30988709238678
H          -16.82144201053432       30.74556592285170       -0.45008701821755
H          -12.96672158789266       29.61373603920894        0.01935810652628
H          -17.66782561091700       27.32102915850442       -2.13861433214310
H          -18.80907488169669       24.92016789632507       -1.96608420056769
H          -13.35547397950619       24.91032970884689        1.47191238152982
H          -17.37019211243717       23.45762174474284       -0.51743422361525
H          -19.08067628599053       36.58844436908821       -1.95887269363379
H          -19.14055548819656       37.63640643769701       -0.53321382754040
H          -19.63399559762997       35.94058551775660       -0.41311302562388
H          -16.28301524200891       35.93858386224366        1.22584520449743
H          -17.98991101536378       35.53301644738430        1.44767330283060
H          -17.48377876453974       37.22798404093322        1.37839355072121
H          -15.48853305166343       36.87167149439988       -0.99359032469147
H          -16.65248207696866       37.15111208071036       -2.29570477090219
H          -16.65868443573989       38.19084731082052       -0.86266984536193
48
 energy: -73.171560502678 gnorm: 0.000269901006 xtb: 6.7.1 (edcfbbe)
C          -17.29926571392069       36.23605462629634        0.98246784146417
C          -17.50015707966658       36.24370316319857       -0.53226404771372
C          -18.93635707423842       36.63297203822263       -0.88305672192171
C          -16.50555243636203       37.17919984948970       -1.21760283128848
O          -17.36919759200537       34.89257817548163       -1.06233480928629
C          -16.23267313409387       34.19249856964192       -0.94194173771581
O          -15.20456310152133       34.57732535544860       -0.40988079430842
N          -16.38528557407068       32.98251071592381       -1.50939387128838
C          -15.36660404303148       31.96177170745506       -1.50818146274868
C          -15.10110780816331       31.39374205521533       -2.90809488963427
C          -14.50520400829310       30.02020493460919       -2.62825097099550
C          -15.35606804318165       29.48967611029358       -1.46335839064412
C          -15.75647042880443       30.73859506010306       -0.65039106532342
N          -14.66493390799074       28.50571936864024       -0.66899941021788
C          -13.49829214050049       28.68237382581349        0.01487746452155
N          -13.08890560937530       27.63041195109965        0.65678753969159
C          -14.03625709458156       26.66581400737886        0.39957398510864
C          -15.03855821465731       27.21184306776906       -0.43740350752416
C          -16.10895094612547       26.39915894519317       -0.81852447002392
C          -17.29572056428081       26.47259155586529       -1.59292289670888
C          -17.89204713505944       25.24727758374675       -1.51607781143106
N          -17.14801812109938       24.41005096300885       -0.73950844256349
C          -16.05120735291866       25.07784844238582       -0.29556047239844
N          -15.10903475769442       24.55003967110778        0.49296336179148
C          -14.11239738895816       25.33872837667339        0.83493210937167
H          -17.28921089554931       32.76563060213208       -1.90250107887789
H          -14.46711705514493       32.43965307430740       -1.10991024362545
H          -16.04626797479661       31.29120553224414       -3.44141405008066
H          -14.43792458917788       32.02835832621572       -3.49030482649556
H          -13.46707565728207       30.11835894179901       -2.31033053595473
H          -14.54058037898632       29.36028208006895       -3.49244369871832
H          -16.24670732395096       28.99636328746364       -1.85519909621590
H          -15.24484068109804       30.75576261226192        0.31044045262055
H          -16.82744001500264       30.74464724235975       -0.45468059746457
H          -12.97127263213433       29.61627254473406        0.02081874859830
H          -17.66810508621966       27.31564974109442       -2.13890823741544
H          -18.80509886330233       24.91276191792149       -1.96660474087665
H          -13.35216571217101       24.91225591905129        1.47186812312965
H          -17.36398327510573       23.45271331437911       -0.51819798317464
H          -19.07902143840722       36.59085444637660       -1.95895135170171
H          -19.13769229338781       37.64007826185208       -0.53422564797512
H          -19.63265504987184       35.94485592900988       -0.41251377540433
H          -16.28155057559001       35.94047380108839        1.22580258398350
H          -17.98841764208121       35.53461363123870        1.44711293745961
H          -17.48254134514090       37.22960536540046        1.37852568491896
H          -15.48644831345618       36.87333993314409       -0.99377211868401
H          -16.65078206948656       37.15520871027978       -2.29501388923807
H          -16.65577186200809       38.19296466950117       -0.86065035602433
48
 energy: -73.171563675545 gnorm: 0.000311492634 xtb: 6.7.1 (edcfbbe)
C          -17.29795341422085       36.23783661809046        0.98282021084670
C          -17.49841677796594       36.24567214475749       -0.53196919917709
C          -18.93427783263145       36.63575925506064       -0.88322820709180
C          -16.50325923606434       37.18083414236462       -1.21694566528054
O          -17.36816474078671       34.89457446463845       -1.06229995946154
C          -16.23234403341759       34.19330434857270       -0.94181815618490
O          -15.20399049714579       34.57701898934477       -0.40947222032285
N          -16.38646747707615       32.98344253400628       -1.50913696180532
C          -15.36947675006144       31.96105879685786       -1.50825642155090
C          -15.10451166798643       31.39321341609318       -2.90830228483550
C          -14.50748083478401       30.02025910318494       -2.62806534078858
C          -15.35881371533747       29.48892648082951       -1.46385127358902
C          -15.76133997882994       30.73771968545717       -0.65160580565857
N          -14.66722712922647       28.50589336414529       -0.66872757550125
C          -13.50117870671916       28.68431551046337        0.01567737861872
N          -13.09051357754853       27.63304718349962        0.65785549380305
C          -14.03620886998868       26.66699666154632        0.40013248545238
C          -15.03900087348443       27.21143286225563       -0.43729668297959
C          -16.10782444826453       26.39685314160314       -0.81878067207393
C          -17.29428875196149       26.46812125703601       -1.59382395106662
C          -17.88866788954356       25.24188447966070       -1.51694807240561
N          -17.14367101373035       24.40608038733390       -0.73978162873352
C          -16.04816854593504       25.07573893517170       -0.29552813014427
N          -15.10552525123385       24.54952205480456        0.49345781598035
C          -14.11031061988385       25.33986888149222        0.83564056155502
H          -17.29068087741080       32.76805548475892       -1.90242003535908
H          -14.46919935062040       32.43712167242642       -1.10959376140824
H          -16.05000170972507       31.28964736621786       -3.44085889856463
H          -14.44224009920280       32.02817523801534       -3.49117413654297
H          -13.46974005631172       30.11959070554524       -2.30919686731183
H          -14.54132102735822       29.36024629292949       -3.49223822009068
H          -16.24855607992315       28.99455675479680       -1.85640624821948
H          -15.25241511754007       30.75478812721499        0.31061502224389
H          -16.83282079132246       30.74361948656949       -0.45896351934267
H          -12.97560545986394       29.61900762834289        0.02186730531793
H          -17.66768446926554       27.31042973919194       -2.14025160327143
H          -18.80092960515179       24.90570746349317       -1.96779286120028
H          -13.34966422547194       24.91482743481346        1.47300646828361
H          -17.35819907396610       23.44840107038697       -0.51857018999964
H          -19.07686928788173       36.59297690596713       -1.95911225988053
H          -19.13495517045763       37.64323997631607       -0.53512526525878
H          -19.63109227642774       35.94847157234267       -0.41227569587638
H          -16.28060783039232       35.94118682977646        1.22637189013133
H          -17.98798207308347       35.53722690092291        1.44740751873492
H          -17.48019258957377       37.23163817129834        1.37872696277372
H          -15.48438458636062       36.87449718180875       -0.99281391398716
H          -16.64809716762915       37.15726347723316       -2.29441395488826
H          -16.65317844117752       38.19454982534689       -0.85973347289250
48
 energy: -73.171568174482 gnorm: 0.000306590378 xtb: 6.7.1 (edcfbbe)
C          -17.29622263302725       36.24014368827824        0.98345872539867
C          -17.49616579572712       36.24781603833122       -0.53139193716411
C          -18.93154191414392       36.63914151153558       -0.88331686401933
C          -16.49968301730798       37.18190643437190       -1.21592506551949
O          -17.36722467783220       34.89654315362900       -1.06143518456469
C          -16.23242723942442       34.19361854929662       -0.94077624750410
O          -15.20360102936331       34.57578223186412       -0.40823873909478
N          -16.38840769304230       32.98429196372590       -1.50872855032318
C          -15.37341212247270       31.96004742438139       -1.50878085419997
C          -15.10943109206543       31.39236097627749       -2.90902591996356
C          -14.51046920189577       30.02037212590383       -2.62836998266181
C          -15.36218576111070       29.48811110461290       -1.46480822033556
C          -15.76752832063782       30.73661249817376       -0.65332492535243
N          -14.66990832070720       28.50638728623090       -0.66871158020706
C          -13.50483146256490       28.68733561647727        0.01667136473935
N          -13.09268905640994       27.63710133831017        0.65961226891532
C          -14.03629119517200       26.66917139161989        0.40142653127458
C          -15.03939332745192       27.21127290879312       -0.43718711876105
C          -16.10620733139782       26.39429329794424       -0.81926670488450
C          -17.29201254271893       26.46267014570942       -1.59559419655788
C          -17.88396569409252       25.23525138434953       -1.51865534615894
N          -17.13811022321838       24.40146157841326       -0.74014073125417
C          -16.04441674175956       25.07357966340470       -0.29520605151420
N          -15.10145323348331       24.54961040919083        0.49489828574036
C          -14.10811421587033       25.34210605640347        0.83752808234296
H          -17.29301440152245       32.77089836298715       -1.90222314531725
H          -14.47206486428587       32.43389419403912       -1.10984933855817
H          -16.05552017730630       31.28713524962595       -3.44022834885655
H          -14.44875222455186       32.02790687864815       -3.49306331836263
H          -13.47326557500011       30.12163245654121       -2.30831094755406
H          -14.54216365316043       29.36014427643555       -3.49245760405687
H          -16.25078863786960       28.99233098056748       -1.85818873836274
H          -15.26169095220998       30.75367527669597        0.31051491051434
H          -16.83964388611968       30.74223789880899       -0.46421835555360
H          -12.98115461097980       29.62308739022104        0.02303515208232
H          -17.66645863930270       27.30393554862028       -2.14291326609619
H          -18.79505589081684       24.89688326764083       -1.97023402224611
H          -13.34706572659866       24.91894548798995        1.47566445976086
H          -17.35086367084059       23.44342437543540       -0.51873024766084
H          -19.07367257628708       36.59575096106099       -1.95923541376389
H          -19.13143854292359       37.64703027227202       -0.53596973628465
H          -19.62919820845454       35.95277675289351       -0.41224726814648
H          -16.27973635119649       35.94087816293586        1.22746578153341
H          -17.98827981100630       35.54163803816108        1.44819348672403
H          -17.47587625973724       37.23465026982866        1.37881997223444
H          -15.48117650041330       36.87518113230416       -0.99055163428856
H          -16.64347492607462       37.15758040549849       -2.29351049839059
H          -16.64945007038983       38.19599358754527       -0.85967291672500
48
 energy: -73.171574635667 gnorm: 0.000248982564 xtb: 6.7.1 (edcfbbe)
C          -17.29377515697814       36.24308179869927        0.98476810666426
C          -17.49296102562870       36.25045652378991       -0.53019103956018
C          -18.92742021273101       36.64408618921372       -0.88332365791113
C          -16.49430001649677       37.18230367061224       -1.21465522995056
O          -17.36641582967660       34.89892973455790       -1.05981402088282
C          -16.23303212215801       34.19372113671732       -0.93943753751552
O          -15.20365116575703       34.57316852836332       -0.40603347363493
N          -16.39170346867436       32.98525391241616       -1.50845320109469
C          -15.37931104262616       31.95862581000944       -1.50975644238867
C          -15.11671892518853       31.39126110572388       -2.91029387289223
C          -14.51511116776133       30.02056888386305       -2.62914148372994
C          -15.36697078229526       29.48679597079705       -1.46631885340437
C          -15.77611030221973       30.73491881731112       -0.65601043028264
N          -14.67338015919455       28.50723568465043       -0.66881716465961
C          -13.50990700574701       28.69203339469598        0.01825778506093
N          -13.09586099832097       27.64343231962815        0.66271358745247
C          -14.03640018865691       26.67273797140798        0.40382959250248
C          -15.03968782853266       27.21132200926305       -0.43687699216128
C          -16.10364526897742       26.39107434059246       -0.82001230418534
C          -17.28823092713487       26.45537508914337       -1.59858834195496
C          -17.87692397601307       25.22637127354704       -1.52152424836409
N          -17.13015202528125       24.39544972885826       -0.74079766390934
C          -16.03910302367769       25.07102034574805       -0.29459604617204
N          -15.09595595519198       24.55034825536247        0.49751291026189
C          -14.10530215030515       25.34584082188752        0.84098291864966
H          -17.29681282051644       32.77462495126134       -1.90232036668737
H          -14.47654884567311       32.42961009928790       -1.11054063303903
H          -16.06359361510938       31.28388441790622       -3.43971898513783
H          -14.45817519374934       32.02768437027454       -3.49577735430994
H          -13.47849837380447       30.12432106680344       -2.30788020097328
H          -14.54429344822916       29.36005632582513       -3.49307261207360
H          -16.25401571209814       28.98886242522071       -1.86055473078299
H          -15.27439014801218       30.75204467944398        0.30999769108301
H          -16.84905630452985       30.73998991449826       -0.47154457700304
H          -12.98896005554497       29.62932681575242        0.02472284275678
H          -17.66392729842181       27.29511522399165       -2.14741207534614
H          -18.78624133279531       24.88497544751926       -1.97444295359826
H          -13.34400035616857       24.92538904797059        1.48062153372313
H          -17.34049667542580       23.43699039820159       -0.51883154996661
H          -19.06880606223002       36.60032899468231       -1.95933728476633
H          -19.12608481452319       37.65241199788821       -0.53658886884796
H          -19.62643015961057       35.95892529891638       -0.41248848772275
H          -16.27873766531713       35.93933169695661        1.22938060084727
H          -17.98924866320455       35.54823423065416        1.44992886676963
H          -17.46885925108640       37.23881440408136        1.37914174464970
H          -15.47651874365583       36.87489250724575       -0.98685850248645
H          -16.63609894747201       37.15615881099435       -2.29249260216768
H          -16.64367478754161       38.19721356175044       -0.86055438986200
48
 energy: -73.171583494111 gnorm: 0.000277591285 xtb: 6.7.1 (edcfbbe)
C          -17.29033807075313       36.24686144123592        0.98656764374095
C          -17.48853411820903       36.25378027768831       -0.52852242744112
C          -18.92155117279802       36.65142489184321       -0.88306012761503
C          -16.48639017990576       37.18195419566336       -1.21295799022597
O          -17.36603800285424       34.90169599095215       -1.05729157055719
C          -16.23479816122340       34.19308886865264       -0.93719823161040
O          -15.20447511291763       34.56871866819714       -0.40286740911495
N          -16.39701635208547       32.98601893082697       -1.50816515423899
C          -15.38782810667401       31.95648082739302       -1.51124506978759
C          -15.12666107917769       31.38980831576937       -2.91221022868814
C          -14.52208937406272       30.02052473823749       -2.63077860280938
C          -15.37369008865531       29.48501826257100       -1.46845984086612
C          -15.78818772502888       30.73250815366896       -0.65970749816748
N          -14.67791458234615       28.50874136371561       -0.66897408749618
C          -13.51684771004312       28.69901796134884        0.02068818362429
N          -13.10033831640775       27.65281405115881        0.66757755649170
C          -14.03646994396862       26.67815972392204        0.40758417604018
C          -15.03983143434800       27.21176494630418       -0.43628122282760
C          -16.09975957278580       26.38702127208964       -0.82109940646203
C          -17.28244358608393       26.44567280102897       -1.60308696117656
C          -17.86670720790031       25.21451306072371       -1.52586225879329
N          -17.11887473736842       24.38756685264165       -0.74189291538648
C          -16.03157726749532       25.06791870321609       -0.29370757344655
N          -15.08839419243966       24.55190223242677        0.50148463728692
C          -14.10150595392364       25.35152706032946        0.84629569929714
H          -17.30268301289181       32.77905750760947       -1.90274371202812
H          -14.48342531704380       32.42387549746589       -1.11140442791645
H          -16.07436805809695       31.28012715950471       -3.43970732705594
H          -14.47047522080254       32.02732974022508       -3.49913877914217
H          -13.48606536279134       30.12700961914899       -2.30845073057521
H          -14.54872306201568       29.35977199868654       -3.49458849529425
H          -16.25855240411248       28.98375575982704       -1.86343274903879
H          -15.29202262226583       30.74981838184553        0.30922982227287
H          -16.86226721951233       30.73675503111613       -0.48152016407930
H          -12.99969363360131       29.63844290735511        0.02719877451171
H          -17.65973707224319       27.28324138802727       -2.15417040481127
H          -18.77347154089358       24.86898667086644       -1.98086194133579
H          -13.34019621659686       24.93486483392203        1.48844554402501
H          -17.32597113521843       23.42859368748074       -0.51896038020846
H          -19.06187843924488       36.60784517395929       -1.95922756565466
H          -19.11807893395519       37.66025500773486       -0.53659138308465
H          -19.62275147236162       35.96795855297116       -0.41296733569748
H          -16.27745655198860       35.93646830667718        1.23196768313430
H          -17.99076663592282       35.55734297296062        1.45230316348115
H          -17.45867390434784       37.24432410775298        1.37962238544481
H          -15.46977145268578       36.87319038502766       -0.98164947195638
H          -16.62542988119370       37.15286202787120       -2.29112036229741
H          -16.63477880070159       38.19821969434440       -0.86226146146807
48
 energy: -73.171595053727 gnorm: 0.000417027861 xtb: 6.7.1 (edcfbbe)
C          -17.28569357142432       36.25135763199138        0.98889995514378
C          -17.48289618515158       36.25800625127261       -0.52631967218376
C          -18.91384530866681       36.66169814300114       -0.88248741451536
C          -16.47568543317070       37.18071247791890       -1.21082375880639
O          -17.36625643146249       34.90521449268543       -1.05422174349809
C          -16.23781963654464       34.19214921104085       -0.93487124192910
O          -15.20643273297960       34.56245212493204       -0.39879352761262
N          -16.40459451138842       32.98682048585109       -1.50819941014908
C          -15.39928840323917       31.95371826104378       -1.51305224715212
C          -15.13934396424456       31.38812635973836       -2.91452507551051
C          -14.53192070979010       30.02011841853899       -2.63316024125802
C          -15.38280407725033       29.48250753180315       -1.47114339751303
C          -15.80421171909267       30.72924760543227       -0.66464426263260
N          -14.68367636181082       28.51084834856949       -0.66908899706195
C          -13.52590407710537       28.70842317237210        0.02409909974886
N          -13.10611489605661       27.66538416936339        0.67414623824739
C          -14.03652372142758       26.68555719482146        0.41292045977778
C          -15.03972509677799       27.21248273558434       -0.43540081702091
C          -16.09426902501659       26.38189202418995       -0.82259191097848
C          -17.27436776150107       26.43323356694004       -1.60909699657185
C          -17.85278684806329       25.19924712897166       -1.53182928361081
N          -17.10376009300264       24.37750914027853       -0.74347542737144
C          -16.02146032079160       25.06409971310271       -0.29252086318197
N          -15.07843281230912       24.55426336725729        0.50695537882161
C          -14.09663720563554       25.35934822829168        0.85380209664076
H          -17.31079927643245       32.78438414411059       -1.90394072077188
H          -14.49309240965006       32.41678272949851       -1.11207072001602
H          -16.08770873846715       31.27649775308618       -3.44045703242059
H          -14.48522593203996       32.02685932414857       -3.50241943524851
H          -13.49630035712908       30.12904511270108       -2.31027321474713
H          -14.55653880102277       29.35930082171057       -3.49694736002145
H          -16.26483779051059       28.97655643906932       -1.86651906690834
H          -15.31532029826384       30.74676891979442        0.30807025588318
H          -16.87971341109639       30.73236643195046       -0.49461776587843
H          -13.01379033513389       29.65067082960177        0.03070604923297
H          -17.65371817614555       27.26793525557913       -2.16317468165857
H          -18.75612402122520       24.84838731126824       -1.98969907450458
H          -13.33534011697260       24.94752465800272        1.49914955925083
H          -17.30672457673883       23.41793172778808       -0.51917225334906
H          -19.05288868762027       36.61922814395380       -1.95887422958738
H          -19.10695172772313       37.67105687742485       -0.53565033357310
H          -19.61828072468822       35.98055268545277       -0.41378421320792
H          -16.27564832895158       35.93239834417150        1.23527263717359
H          -17.99244200154597       35.56866800877695        1.45523146187877
H          -17.44534727493988       37.25087777440769        1.38046446335494
H          -15.46068120310694       36.86965685046872       -0.97528111591956
H          -16.61145026667916       37.14797365663586       -2.28934489753326
H          -16.62212463995597       38.19875841939105       -0.86444525025506
48
 energy: -73.171609858635 gnorm: 0.000651074325 xtb: 6.7.1 (edcfbbe)
C          -17.27980563735461       36.25662123531043        0.99170312755275
C          -17.47557811145116       36.26327979700046       -0.52370673394521
C          -18.90363336696928       36.67570083784153       -0.88156754816150
C          -16.46187756288538       37.17883040088422       -1.20836550663922
O          -17.36716731705276       34.90946052574628       -1.05051580898187
C          -16.24261024718268       34.19033198979790       -0.93167925040658
O          -15.20968116317168       34.55399877892369       -0.39391741227242
N          -16.41491882415776       32.98735863417348       -1.50830144793525
C          -15.41416485178272       31.95005773128062       -1.51519677284287
C          -15.15478644881163       31.38630321009123       -2.91734840772356
C          -14.54528438068337       30.01911930525562       -2.63654150242050
C          -15.39490372422509       29.47926369178297       -1.47442169959733
C          -15.82512494164524       30.72502140392250       -0.67087984230050
N          -14.69116285314709       28.51379998322513       -0.66898854803367
C          -13.53769158096067       28.72076073915107        0.02868530362603
N          -13.11377979362481       27.68190551279815        0.68294842985130
C          -14.03643097667682       26.69520475931984        0.41970504650689
C          -15.03954656046579       27.21364075718188       -0.43400974323484
C          -16.08697095303554       26.37547879515570       -0.82439369318570
C          -17.26356131193047       26.41739912400063       -1.61683219137569
C          -17.83451921087502       25.17987992811477       -1.53938348191837
N          -17.08396709162653       24.36477736791373       -0.74553716543086
C          -16.00811202521667       25.05932576878210       -0.29107070052617
N          -15.06527265346180       24.55741748627264        0.51378775192504
C          -14.09004208441526       25.36948227868390        0.86314718023580
H          -17.32158866752768       32.79041772455896       -1.90579331188710
H          -14.50619504736839       32.40791322311226       -1.11207881074499
H          -16.10350715999209       31.27353962898276       -3.44237697751621
H          -14.50202605801423       32.02629377267296       -3.50537227362205
H          -13.50982473658367       30.12971825257594       -2.31366342600607
H          -14.56875840082619       29.35852356915820       -3.50050234009315
H          -16.27331026356264       28.96698641127927       -1.86975262154294
H          -15.34571896443125       30.74272485747282        0.30667397814124
H          -16.90238221715643       30.72681417583460       -0.51144677716797
H          -13.03203353720417       29.66656543156916        0.03533785202004
H          -17.64549272054089       27.24832718029510       -2.17486644666631
H          -18.73338524879016       24.82221805845132       -2.00095512822694
H          -13.32915164127384       24.96403609479531        1.51309711569554
H          -17.28176497014636       23.40448551684134       -0.51948270050790
H          -19.04125396235857       36.63543534357865       -1.95823354792092
H          -19.09179806729995       37.68560408885696       -0.53354115996391
H          -19.61247306781302       35.99764132323118       -0.41495444949007
H          -16.27328088728443       35.92736693120301        1.23912797484890
H          -17.99403002472972       35.58207076576139        1.45859764608525
H          -17.42899029594933       37.25840928689898        1.38172211495410
H          -15.44915701074765       36.86394702504749       -0.96797336227648
H          -16.59395388906733       37.14210702673823       -2.28727706037148
H          -16.60482948846382       38.19903427245887       -0.86680566951080
48
 energy: -73.171629345762 gnorm: 0.000964237430 xtb: 6.7.1 (edcfbbe)
C          -17.27178510058172       36.26307630630743        0.99501040998792
C          -17.46613068872242       36.27031790355602       -0.52057336180091
C          -18.89023381763696       36.69480058416567       -0.88029837626892
C          -16.44345864080716       37.17612506592403       -1.20503476450013
O          -17.36872032890236       34.91541368156013       -1.04664632182293
C          -16.24925543358971       34.18837795643162       -0.92868502372075
O          -15.21469239686710       34.54303245607418       -0.38785094603456
N          -16.42881194996090       32.98812061986757       -1.50876820393552
C          -15.43393428678762       31.94531918487270       -1.51735012990547
C          -15.17426314249030       31.38427169996432       -2.92033564081573
C          -14.56367480487515       30.01726605142874       -2.64095285558314
C          -15.41153527548289       29.47482205592551       -1.47845560983772
C          -15.85322788225925       30.71934064883468       -0.67899759492056
N          -14.70135151556210       28.51774526607174       -0.66867169231401
C          -13.55364377381684       28.73713413912422        0.03481384043629
N          -13.12384615170614       27.70366337716732        0.69399357500077
C          -14.03639204128854       26.70804447169288        0.42864516148809
C          -15.03922573689785       27.21512543165593       -0.43228083138706
C          -16.07705671656444       26.36692778844720       -0.82680319876735
C          -17.24915227246231       26.39653479247308       -1.62658900147985
C          -17.80989367659754       25.15423101525640       -1.54921725136292
N          -17.05725703252952       24.34789092881840       -0.74830868577471
C          -15.99012041437389       25.05301335688385       -0.28918729492708
N          -15.04755086278418       24.56163621821808        0.52266536893947
C          -14.08127641148656       25.38304442987863        0.87548361581263
H          -17.33585520472464       32.79807957455830       -1.90881367608584
H          -14.52406894799167       32.39653094388081       -1.11079561820877
H          -16.12284668105793       31.27164025680036       -3.44560664104316
H          -14.52171856433631       32.02553257473144       -3.50719780716150
H          -13.52803285981652       30.12843977961279       -2.31878318126772
H          -14.58713693740550       29.35738346636101       -3.50544128035431
H          -16.28508147724199       28.95388721642079       -1.87328126992280
H          -15.38661072577865       30.73705047366968        0.30489963678959
H          -16.93267852924853       30.71958231320903       -0.53380725125068
H          -13.05675004328570       29.68769359145906        0.04179174543533
H          -17.63471958261984       27.22254305805418       -2.18953058711805
H          -18.70278243678116       24.78757718408706       -2.01554666419340
H          -13.32043224006591       24.98574326789537        1.53060503670813
H          -17.24825576340538       23.38666858566386       -0.52010306949618
H          -19.02609627306328       36.65825285999107       -1.95733021299381
H          -19.07121058617338       37.70529514300121       -0.53007801003849
H          -19.60520655074171       36.02100486621113       -0.41674381688187
H          -16.26962896755285       35.92152386727169        1.24375030440988
H          -17.99485640383300       35.59806413738530        1.46201968598178
H          -17.40867229526058       37.26718230204767        1.38367802671094
H          -15.43370885208979       36.85534269055728       -0.95968795494984
H          -16.57187053858426       37.13551406081367       -2.28427951582755
H          -16.58078918384770       38.19879235970186       -0.86852306475219
48
 energy: -73.171656737587 gnorm: 0.001521475073 xtb: 6.7.1 (edcfbbe)
C          -17.26040085615730       36.27164046543827        0.99927426873515
C          -17.45221911913681       36.28054130529745       -0.51663792547914
C          -18.87040179492812       36.72283905336690       -0.87868513514113
C          -16.41712408341582       37.17278627415280       -1.20054080380857
O          -17.37090417498193       34.92416569449095       -1.04186649710219
C          -16.25921175099572       34.18532633782348       -0.92408461461678
O          -15.22212603840486       34.52756825897137       -0.37983172611578
N          -16.44890833269639       32.98896519474572       -1.50902882718794
C          -15.46223844088530       31.93848525581495       -1.51985831879425
C          -15.20098976434763       31.38196935505224       -2.92412229561755
C          -14.59094556082328       30.01417889124884       -2.64715836526093
C          -15.43635495081361       29.46843817933465       -1.48392443412842
C          -15.89424612472956       30.71119009936796       -0.69057665405601
N          -14.71691270916333       28.52360212278640       -0.66774940244267
C          -13.57742202474655       28.76077132618736        0.04356323715062
N          -13.13906837000037       27.73522171143594        0.70980271420476
C          -14.03627945381995       26.72642577636643        0.44069554775946
C          -15.03926821703029       27.21740022368667       -0.42949142895135
C          -16.06294418222636       26.35458316191397       -0.82980938419043
C          -17.22851038303235       26.36629407814007       -1.63988400378256
C          -17.77415789753451       25.11709812222575       -1.56258318926275
N          -17.01802327272117       24.32328928066306       -0.75228627164507
C          -15.96368093216008       25.04373278802182       -0.28671172344646
N          -15.02116825169444       24.56747012059649        0.53446231880386
C          -14.06788786910519       25.40232988955256        0.89180388019284
H          -17.35625380116862       32.80861243232598       -1.91297717575322
H          -14.55022371308917       32.38016554269670       -1.10732492516527
H          -16.14884022945769       31.27123965926688       -3.45106292209200
H          -14.54713448143912       32.02466751949987       -3.50797394948893
H          -13.55468498118549       30.12436289890341       -2.32652175832938
H          -14.61582673213973       29.35574225859053       -3.51268687517923
H          -16.30296507002319       28.93507912492920       -1.87753170072358
H          -15.44645463792214       30.72837235627271        0.30235401879187
H          -16.97661995660109       30.70958557948729       -0.56625423582015
H          -13.09329180000288       29.71807970349047        0.05096297329478
H          -17.61958161097948       27.18516890853407       -2.20959883087723
H          -18.65833323508272       24.73740811320932       -2.03546982533052
H          -13.30745578641852       25.01717338173441        1.55487131538955
H          -17.19888192498817       23.36058595495532       -0.52153914933648
H          -19.00394560377810       36.69202151080945       -1.95620426375336
H          -19.04076989111761       37.73402772296090       -0.52491213119668
H          -19.59421882457690       36.05533272498230       -0.41959668772784
H          -16.26407451487417       35.91446834912826        1.24973991431662
H          -17.99461847982295       35.61863029423409        1.46597108664161
H          -17.38172078113963       37.27827926812706        1.38668177617891
H          -15.41184150630260       36.84224839707644       -0.94950956562216
H          -16.54136774740736       37.12861283784194       -2.28018246443315
H          -16.54500013486868       38.19842249824582       -0.86920558860559
48
 energy: -73.171693962590 gnorm: 0.003018518363 xtb: 6.7.1 (edcfbbe)
C          -17.24230144789588       36.28453227148248        1.00526741271296
C          -17.43018256828322       36.29663699547441       -0.51113065869563
C          -18.83875609711585       36.76686050897561       -0.87677342600566
C          -16.37575088091037       37.16791337582288       -1.19326462345808
O          -17.37367319573717       34.93860707404389       -1.03602830663246
C          -16.27436061387341       34.18139487889250       -0.91812607425582
O          -15.23386838290975       34.50404821339072       -0.36773140681854
N          -16.48025591102920       32.99052625739506       -1.50897445925620
C          -15.50677546816715       31.92779198315482       -1.52242588570200
C          -15.24193612371196       31.37882641247855       -2.92867254309520
C          -14.63489270075400       30.00864948284388       -2.65646675723743
C          -15.47675788335840       29.45844817356130       -1.49195706039076
C          -15.95947829769480       30.69837753654421       -0.70828499140374
N          -14.74290196164894       28.53292984796969       -0.66590839672438
C          -13.61639515182444       28.79796098430067        0.05696765682909
N          -13.16355450933323       27.78460643621830        0.73284936926453
C          -14.03667621307507       26.75550811376598        0.45897386520368
C          -15.03998758492089       27.22098991168677       -0.42528957796062
C          -16.04086237414618       26.33504554522741       -0.83429891832813
C          -17.19631101028881       26.31859887323592       -1.65948832189378
C          -17.71722100213397       25.05837374472082       -1.58279502083034
N          -16.95501879053210       24.28430412991606       -0.75865408778813
C          -15.92135545603069       25.02900191408575       -0.28320716213014
N          -14.97875007341852       24.57666482064561        0.55197604026174
C          -14.04661468376620       25.43291181737078        0.91647069855879
H          -17.38778852898190       32.82536619032238       -1.91932247909862
H          -14.59180094486765       32.35423674826053       -1.09972970653942
H          -16.18807013438900       31.27304964189137       -3.45964177843709
H          -14.58432671168384       32.02331044137391       -3.50639476210321
H          -13.59740435042101       30.11546585058558       -2.33847224555659
H          -14.66325913523333       29.35300568614707       -3.52402002186978
H          -16.33242988108685       28.90585260495604       -1.88338283987773
H          -15.54156241446634       30.71410797409799        0.29835265354613
H          -17.04589209888757       30.69467164789549       -0.61703982067802
H          -13.15291419623613       29.76590050998567        0.06520705894883
H          -17.59664652240285       27.12633888096611       -2.23898262700093
H          -18.58750859634343       24.65812098553084       -2.06543558954141
H          -13.28587817872401       25.06657798886915        1.59024320662888
H          -17.11921992149747       23.31910773811475       -0.52464906282666
H          -18.96848892918772       36.74517992697599       -1.95503398608338
H          -18.99230637155841       37.77897921139274       -0.51737081892562
H          -19.57648124958963       36.10947930507839       -0.42477174091237
H          -16.25460598902426       35.90530462483027        1.25836922771405
H          -17.99214302753219       35.64809740501016        1.47039186902617
H          -17.34205694552266       37.29404119092815        1.39179090031126
H          -15.37752766149412       36.82088397632560       -0.93542161220502
H          -16.49506570561037       37.12062393715631       -2.27337343889853
H          -16.48748412263167       38.19738823408529       -0.86753974884961
48
 energy: -73.171723257588 gnorm: 0.003498042274 xtb: 6.7.1 (edcfbbe)
C          -17.23060761513957       36.29217813947206        1.00844903949317
C          -17.41562436057881       36.30678121176312       -0.50830114510025
C          -18.81754379196538       36.79500918216056       -0.87625964802093
C          -16.34891865630778       37.16439944310189       -1.18892548075133
O          -17.37520495723612       34.94803118032549       -1.03305161187563
C          -16.28442268964897       34.17878917080149       -0.91404305715008
O          -15.24188344387265       34.48919611329082       -0.36026636629066
N          -16.50078009352963       32.99122271493064       -1.50775719552486
C          -15.53566262344681       31.92097222352845       -1.52296143787695
C          -15.26788927699195       31.37735699370390       -2.93056352489410
C          -14.66468743919650       30.00468161977945       -2.66197826340986
C          -15.50413041626494       29.45197888237058       -1.49633833167420
C          -16.00166837871534       30.69016408124037       -0.71920087782929
N          -14.76103876310687       28.53909177821482       -0.66417747473768
C          -13.64291020140812       28.82181788336769        0.06512945771272
N          -13.18035798520679       27.81638527270943        0.74664579074176
C          -14.03723669525116       26.77431355903635        0.46965182643786
C          -15.04113134581146       27.22360069061188       -0.42238858679533
C          -16.02666500887587       26.32286353329037       -0.83675997903815
C          -17.17528412820916       26.28837150615467       -1.67108435232966
C          -17.67954875867926       25.02113172232074       -1.59509014420354
N          -16.91308871065960       24.25970469139392       -0.76299060858174
C          -15.89339785720980       25.01991110522061       -0.28129906485632
N          -14.95064502161375       24.58289730643153        0.56209047446069
C          -14.03242379861296       25.45267412063148        0.93057359012472
H          -17.40814465219702       32.83567648919683       -1.92226508871110
H          -14.61928702960967       32.33759599633448       -1.09322193181182
H          -16.21255064472753       31.27644736424219       -3.46508563910716
H          -14.60654024979734       32.02262812488343       -3.50320099579578
H          -13.62604194464823       30.10769108031026       -2.34632932390870
H          -14.69676113142975       29.35120732711442       -3.53102892679254
H          -16.35299574980418       28.88752324997042       -1.88559649346536
H          -15.60247537115116       30.70430493725814        0.29515139759999
H          -17.08978495401611       30.68568403746894       -0.64852156356800
H          -13.19319329058488       29.79644469733494        0.07389793581501
H          -17.58178147554050       27.08895187905983       -2.25632097338888
H          -18.54050924798003       24.60770240168109       -2.08371188434280
H          -13.27151730472025       25.09860172226523        1.61088143815120
H          -17.06577101112897       23.29276859134026       -0.52779710286100
H          -18.94455664809910       36.77930863631835       -1.95496666533004
H          -18.96021452347712       37.80747462177936       -0.51313203901227
H          -19.56421323216392       36.14441893081602       -0.42897224351012
H          -16.24821958312178       35.90076129033171        1.26327846656994
H          -17.98898435838391       35.66498504793190        1.47209639623774
H          -17.31853104104242       37.30269619025788        1.39491945493982
H          -15.35549395664857       36.80581834635951       -0.92794297175808
H          -16.46604461200732       37.11664223406143       -2.26926028117476
H          -16.44913597011069       38.19574268181444       -0.86517399181072
48
 energy: -73.171776878289 gnorm: 0.002499350380 xtb: 6.7.1 (edcfbbe)
C          -17.21805572973656       36.29948840654669        1.01062752532094
C          -17.39941924761693       36.31746728785559       -0.50656067319868
C          -18.79336045390903       36.82526677220893       -0.87697415965136
C          -16.32005916812958       37.16049028682198       -1.18473846706096
O          -17.37622870894295       34.95862408981188       -1.03170650565362
C          -16.29539231767674       34.17627717184389       -0.91004278556772
O          -15.25107007937826       34.47405309904147       -0.35313263036696
N          -16.52320036623727       32.99149155725053       -1.50453666093135
C          -15.56693571074276       31.91356283492246       -1.52120146861952
C          -15.29463819002631       31.37661068436432       -2.93039496692863
C          -14.69922790212683       29.99934010293206       -2.66715873530457
C          -15.53590170403454       29.44513088037566       -1.49956924679708
C          -16.04755095093182       30.68139906717388       -0.72953798366411
N          -14.78303146577878       28.54592264021358       -0.66140231758701
C          -13.67391410011329       28.84708449177432        0.07318710759645
N          -13.19979173194317       27.85003825458101        0.75891333629068
C          -14.03844887114929       26.79452291012453        0.47918017809931
C          -15.04350160349932       27.22672669995616       -0.41923398057610
C          -16.01143441172410       26.31017442671991       -0.83878850529607
C          -17.15245963389262       26.25643815986355       -1.68149661807125
C          -17.63731087270214       24.98173121584902       -1.60694252063421
N          -16.86555805372021       24.23381250461712       -0.76798262968722
C          -15.86193521986553       25.01054082893096       -0.28005163220515
N          -14.91881577505302       24.58989304687215        0.57067647407145
C          -14.01636484544879       25.47402699921166        0.94273950355127
H          -17.42987750154283       32.84593667901755       -1.92363291593635
H          -14.65001854359399       32.31972988880293       -1.08299644271341
H          -16.23691625207868       31.28426744858879       -3.47072742893553
H          -14.62659396049911       32.02184269820984       -3.49541716755979
H          -13.65863288515331       30.09499308147036       -2.35531899404422
H          -14.73822278887795       29.34906757397806       -3.53836277853253
H          -16.37772442683957       28.86858730669710       -1.88527057715448
H          -15.66821123937964       30.69287823842609        0.29171389322106
H          -17.13621900719140       30.67720522646797       -0.68046984324235
H          -13.23972740161215       29.82852207263928        0.08258814141553
H          -17.56628575165091       27.04937964952081       -2.27163880669983
H          -18.48766995001359       24.55425242285892       -2.10122750460818
H          -13.25472291776154       25.13305049510924        1.62847707911556
H          -17.00444458964250       23.26478372044310       -0.53317757454507
H          -18.91711524155398       36.81618385881207       -1.95609196046733
H          -18.92406612182598       37.83772016531504       -0.50967804405001
H          -19.54970122678198       36.18259671920520       -0.43491740454277
H          -16.24065915652188       35.89871588791527        1.26730150631015
H          -17.98291733701649       35.67922303028271        1.47152282784839
H          -17.29734811424482       37.30966869626990        1.39812851710672
H          -15.33221883966042       36.78764999351106       -0.92310486943371
H          -16.43686019257657       37.11564603415808       -2.26515835007725
H          -16.40573943952753       38.19258469642028       -0.85961293860837
48
 energy: -73.171832458669 gnorm: 0.002016328684 xtb: 6.7.1 (edcfbbe)
C          -17.20455081008392       36.30832969998077        1.01274673167209
C          -17.38109081778832       36.33031232577316       -0.50500889066259
C          -18.76628465165651       36.85878863970984       -0.87845805294138
C          -16.28828791198671       37.15837563729583       -1.17946364809098
O          -17.37542019406994       34.97160454498673       -1.03105863692215
C          -16.30558844466485       34.17476356543809       -0.90591157639981
O          -15.25943259736589       34.45884518534923       -0.34555266574592
N          -16.54657027219187       32.99248597469268       -1.50017244966551
C          -15.60084547228858       31.90511353135037       -1.51843058567107
C          -15.32413518240765       31.37554000158487       -2.92947478266520
C          -14.73763087088036       29.99305786799214       -2.67255861102508
C          -15.57192396512209       29.43758464841731       -1.50309678774428
C          -16.09928836114802       30.67178088441282       -0.74066857674221
N          -14.80904190689132       28.55285298459523       -0.65841452391316
C          -13.70987558120139       28.87433929167575        0.08203473518637
N          -13.22228046872873       27.88694140461435        0.77187630913224
C          -14.04013048348624       26.81633092261967        0.48856723608444
C          -15.04695081304405       27.22939275483253       -0.41641778797978
C          -15.99482975116344       26.29483666118551       -0.84101926510372
C          -17.12806919874063       26.21940378873732       -1.69188380397931
C          -17.58999685484819       24.93634639770696       -1.61915021518072
N          -16.81164038498247       24.20382261390740       -0.77300760220313
C          -15.82580599999799       24.99895593058292       -0.27922617377361
N          -14.88154978244668       24.59665784549740        0.57875649844962
C          -13.99757201109951       25.49740149842374        0.95479966923855
H          -17.45251399601129       32.85853319102759       -1.92450427644853
H          -14.68314457207899       32.29900743779356       -1.07086784867374
H          -16.26387537408401       31.29290395210160       -3.47579773057889
H          -14.64875807794629       32.02011069476225       -3.48655519737925
H          -13.69491868398935       30.08025074941890       -2.36502756321715
H          -14.78441523317387       29.34676223595415       -3.54638668902119
H          -16.40581174859449       28.84771151026970       -1.88529331809210
H          -15.74433370647484       30.68026730015424        0.28949471677571
H          -17.18892151765521       30.66834927472784       -0.71811909002445
H          -13.29328289319819       29.86311970384588        0.09225520630148
H          -17.55143053642511       27.00378566668509       -2.28650777821266
H          -18.42848892010959       24.49290065275596       -2.11899770950968
H          -13.23444647901490       25.17137644420684        1.64593823088842
H          -16.93451294343211       23.23250942903245       -0.53957519018848
H          -18.88635734235259       36.85589784632313       -1.95794861694422
H          -18.88382386627657       37.87144405321505       -0.50760839074917
H          -19.53335030479168       36.22557497053744       -0.44148167854080
H          -16.23202635735158       35.89724080784545        1.27190413650332
H          -17.97739913923298       35.69500326104263        1.46988990861142
H          -17.27513281137194       37.31875292327842        1.40141513640000
H          -15.30663513424890       36.76963107387029       -0.91837311780218
H          -16.40504015127113       37.11921278940156       -2.26007925967850
H          -16.35808742255217       38.19038943436989       -0.85078042277849
48
 energy: -73.171900134065 gnorm: 0.001212043173 xtb: 6.7.1 (edcfbbe)
C          -17.19050754720639       36.31869360669920        1.01397339933540
C          -17.36041020468462       36.34533460032287       -0.50449313998421
C          -18.73594887960161       36.89459887280979       -0.88195540384675
C          -16.25393096472422       37.15930107507418       -1.17275589654991
O          -17.37130695090016       34.98737891485696       -1.03239625745744
C          -16.31384081372269       34.17493803404533       -0.90176899157482
O          -15.26599882287521       34.44491315586487       -0.33807840838157
N          -16.56999848621980       32.99451654553687       -1.49339051679112
C          -15.63693330243148       31.89586426557762       -1.51366800143267
C          -15.35575046856679       31.37456281079639       -2.92675370904458
C          -14.78130919729605       29.98531788278251       -2.67758253202002
C          -15.61352841953233       29.42905625391155       -1.50616675371924
C          -16.15650195006167       30.66163700681157       -0.75270487399821
N          -14.84086843025915       28.55947983293014       -0.65451426544052
C          -13.75258421568002       28.90295257352042        0.09157101788372
N          -13.24891967534566       27.92641533833568        0.78445262470251
C          -14.04284222210228       26.83933825534194        0.49682057502109
C          -15.05256150477267       27.23143723261149       -0.41372801284072
C          -15.97735802986271       26.27677900168708       -0.84292006184530
C          -17.10278794890266       26.17715016334080       -1.70087245469843
C          -17.53745466369366       24.88497750142571       -1.63040181624199
N          -16.75002233131545       24.16954338162706       -0.77847527561965
C          -15.78429966428075       24.98505537046689       -0.27946335500388
N          -14.83749937364434       24.60293677582285        0.58435564506527
C          -13.97527534981066       25.52236838159383        0.96449802534118
H          -17.47491128114989       32.87387196130260       -1.92364071233601
H          -14.71830931319149       32.27487355701793       -1.05552507970380
H          -16.29266732394959       31.30411028325549       -3.47943987408208
H          -14.67150451662641       32.01744263713896       -3.47488347957051
H          -13.73620673584697       30.06148320075312       -2.37509413177718
H          -14.83769778404977       29.34411274386660       -3.55459663780836
H          -16.43916378492365       28.82569470330125       -1.88429357001488
H          -15.82945603337694       30.66577936899251        0.28613983371300
H          -17.24578226151624       30.66080059854822       -0.75978157129944
H          -13.35645031240445       29.89973966643441        0.10324410104726
H          -17.53866166127809       26.95208097323890       -2.29858034975171
H          -18.36262554093970       24.42350178198655       -2.13512282678496
H          -13.20964377561890       25.21315515951758        1.66021386807069
H          -16.85366649072423       23.19551881121667       -0.54838551073390
H          -18.85178900903062       36.89636100300412       -1.96176479044406
H          -18.83938715437582       37.90782316999526       -0.50904778756955
H          -19.51429101311077       36.27269151123673       -0.44928465362548
H          -16.22243822006740       35.89953015622030        1.27675989566025
H          -17.97025978403745       35.71027039507423        1.46600721482895
H          -17.25539288791454       37.32866860492673        1.40493537568869
H          -15.27917884008779       36.75211877348234       -0.91500038189039
H          -16.37166371063023       37.13082901924688       -2.25364036870761
H          -16.30591314757525       38.18959509043105       -0.83600012277281
48
 energy: -73.171917686025 gnorm: 0.007070570069 xtb: 6.7.1 (edcfbbe)
C          -17.16119230098858       36.34094888564449        1.01846711799800
C          -17.31778923236923       36.37637470325827       -0.50137927087145
C          -18.67477551108624       36.96761775664702       -0.88791500520585
C          -16.18250569071070       37.16176910483609       -1.15799501115609
O          -17.36262919355187       35.01908088838851       -1.03265306492571
C          -16.32980394513509       34.17466898697311       -0.89258540305122
O          -15.27775229246121       34.41472152285033       -0.32153843059960
N          -16.61748180597966       32.99931817117211       -1.48176127989792
C          -15.71143429715414       31.87671030879986       -1.50719154062544
C          -15.42312736608253       31.37111629081789       -2.92442651577401
C          -14.86837931093086       29.97080161334080       -2.68881032587434
C          -15.69705735656885       29.41147441112520       -1.51457818353751
C          -16.27482314663157       30.64082116605283       -0.77966624688306
N          -14.90412738143660       28.57346003516459       -0.64712883986698
C          -13.83851066076492       28.96365023613181        0.11265221396447
N          -13.30253629947032       28.00941537953147        0.81367271638003
C          -14.04801426462557       26.88772747017164        0.51708131354761
C          -15.06303740055744       27.23575360648555       -0.40780270569032
C          -15.94135667577522       26.23921333852643       -0.84759418331240
C          -17.05124235657085       26.08915694812462       -1.72180922392364
C          -17.43119032433118       24.77770729375326       -1.65558064811277
N          -16.62503520411086       24.09769320415010       -0.79031434440267
C          -15.70014405028850       24.95610468296945       -0.27915087756955
N          -14.74814577696872       24.61607285872294        0.59866531182626
C          -13.93013312245812       25.57444436989036        0.98860998422437
H          -17.52093029275338       32.90702785717657       -1.92400518025140
H          -14.78945828937281       32.22415621704369       -1.02835015866413
H          -16.35564171689177       31.32082637537354       -3.48703979898770
H          -14.72463776161244       32.01185329224656       -3.45744301980819
H          -13.81963136028901       30.02905338999707       -2.39404585404426
H          -14.93978307422946       29.33868381573376       -3.57150327767668
H          -16.50533081986914       28.77957492439691       -1.88642442647199
H          -16.00623203792955       30.63686949153013        0.27903413323019
H          -17.36523139301342       30.64416677378359       -0.84973821743452
H          -13.48409959741237       29.97772090842723        0.12719071432880
H          -17.51231724055561       26.84452093417967       -2.32710645616942
H          -18.22959144059492       24.27854250074319       -2.17133746136348
H          -13.15979101581279       25.29995494806985        1.69536846986914
H          -16.69027436690773       23.11828237039285       -0.56441745110343
H          -18.78263484330578       36.97738965995630       -1.96856652914916
H          -18.74998009353642       37.98301006143380       -0.51212877863543
H          -19.47577742465271       36.36803379522907       -0.46319209689903
H          -16.20345878119321       35.90089742689429        1.28867745135237
H          -17.95793961199829       35.74660931058435        1.46169312106699
H          -17.20920972349085       37.35146391124124        1.41249243160297
H          -15.22142637677506       36.71940229251449       -0.90284645084973
H          -16.29868628242973       37.15061768909139       -2.23956718554955
H          -16.20121148827596       38.19011882441259       -0.80921153405879
48
 energy: -73.172026802901 gnorm: 0.002082360937 xtb: 6.7.1 (edcfbbe)
C          -17.16193764861732       36.34348438103810        1.01629545780941
C          -17.31354777940457       36.37984037527782       -0.50385361394493
C          -18.67005874853075       36.96628413922316       -0.89382430810572
C          -16.18023764001940       37.17098554108089       -1.15467557330878
O          -17.35179985069200       35.02404540855220       -1.03758941763625
C          -16.32102751147313       34.17916682732651       -0.89251375914383
O          -15.26945986020229       34.42066978234472       -0.32292482023991
N          -16.61263762019509       33.00181989663209       -1.47498132625525
C          -15.71168399204975       31.87554399358717       -1.50219424075357
C          -15.42478012708272       31.37078416147290       -2.91986001243509
C          -14.87617773253859       29.96790361003369       -2.68666278594896
C          -15.70709892042895       29.41041461499703       -1.51295883247958
C          -16.28186458212561       30.64138177881684       -0.78004110017370
N          -14.91711189149787       28.57173705213347       -0.64478389072588
C          -13.85246899118892       28.96314138038294        0.11297668827914
N          -13.31103762545668       28.01051482045613        0.80975040909945
C          -14.05130267019251       26.88809422966515        0.51248062636457
C          -15.06903682042643       27.23396212136937       -0.40879358448291
C          -15.94174764823787       26.23457155024808       -0.84675841178045
C          -17.05313885464691       26.08115508790878       -1.71598577626798
C          -17.42442756034778       24.76921754179527       -1.65104182760922
N          -16.61179057858324       24.09168607573956       -0.79132324313022
C          -15.69088960306226       24.95250441596014       -0.28273175174734
N          -14.73514594811840       24.61482095598907        0.59004279954297
C          -13.92366873519240       25.57586753140264        0.97984968433469
H          -17.51535614632353       32.91283015180524       -1.91798483520047
H          -14.78942834536610       32.21718558501123       -1.02205287496691
H          -16.35752973345469       31.32467809652599       -3.48128209281102
H          -14.72446269658529       32.00876408011580       -3.45267889571689
H          -13.82757541741374       30.02149810096468       -2.39206115449609
H          -14.94999636846228       29.33806487917363       -3.57030356626826
H          -16.51600708856923       28.78079475905387       -1.88480975360883
H          -16.02011810958946       30.63413485913097        0.27719169970323
H          -17.36899255323296       30.64977371103971       -0.85680145259851
H          -13.50320871458612       29.97741158183494        0.12868214232152
H          -17.52122701268710       26.83532545826252       -2.31607797184719
H          -18.22077177289123       24.26698116757597       -2.16351445156812
H          -13.15069693353332       25.30399603259711        1.68308536418671
H          -16.67059862460902       23.11209301630930       -0.56940548684940
H          -18.77758868866870       36.96797782267898       -1.97436315042653
H          -18.74573218581921       37.98353753359574       -0.52524734826695
H          -19.46995488194968       36.37033324468924       -0.46454414344540
H          -16.20210040155052       35.91082698106978        1.28914704722112
H          -17.95519140932502       35.74305642270921        1.45662370049720
H          -17.21917998485340       37.35287386516005        1.41180301876290
H          -15.22008897060561       36.72581512042818       -0.90624577305631
H          -16.29752916127502       37.17277320150850       -2.23631748575080
H          -16.19808585824810       38.19427705930651       -0.79393992408199
48
 energy: -73.172056178422 gnorm: 0.001697777894 xtb: 6.7.1 (edcfbbe)
C          -17.15375100374558       36.34962808468178        1.01660914831678
C          -17.29968219459791       36.38878461906339       -0.50397762564074
C          -18.65123937049254       36.98398524977058       -0.89854638974753
C          -16.15874224153118       37.17428033218354       -1.14899037447401
O          -17.34477652388370       35.03368999131658       -1.03945060011368
C          -16.32188229482370       34.17996897383929       -0.88959040252508
O          -15.26922284879078       34.41383850866898       -0.31878961210834
N          -16.62400640929533       33.00359213249025       -1.46861880014420
C          -15.73282772998173       31.86987511580944       -1.49826490437127
C          -15.44467523920800       31.36944924713887       -2.91727210527503
C          -14.90401297263230       29.96256039024635       -2.68840453281817
C          -15.73493943570585       29.40517471225709       -1.51406231961849
C          -16.31717674718548       30.63626942154226       -0.78746981307028
N          -14.94031968877474       28.57544610600537       -0.64104154649369
C          -13.88233476212569       28.98024097020661        0.11894394100047
N          -13.32982279799624       28.03435914785825        0.81628656085981
C          -14.05422400704981       26.90240365843341        0.51605108668347
C          -15.07469070075976       27.23539605326748       -0.40700147417963
C          -15.93218427943480       26.22399996839693       -0.84767215985942
C          -17.03981511854156       26.05557505600092       -1.71892483145866
C          -17.39237806777852       24.73824906728627       -1.65627984938257
N          -16.57117051956070       24.07133593579273       -0.79631423659158
C          -15.66402010886713       24.94492389894165       -0.28499895697899
N          -14.70559122937830       24.61964858361247        0.58922144023348
C          -13.90880456938329       25.59151164593645        0.98191927647103
H          -17.52584393828540       32.92377995840350       -1.91507259986846
H          -14.80960506614506       32.20021119468716       -1.01220606406675
H          -16.37655968809127       31.33070285513870       -3.48111160140191
H          -14.73955562827038       32.00600303123986       -3.44579298119525
H          -13.85445635743642       30.00945306111495       -2.39553850541498
H          -14.98275943252043       29.33565056076931       -3.57375231926957
H          -16.53973910271081       28.76902960697443       -1.88389521809643
H          -16.07285142087302       30.62579863431855        0.27317374841259
H          -17.40214710549555       30.64826567301485       -0.88228221833969
H          -13.54693781094392       29.99919900188502        0.13595671299735
H          -17.51753535708774       26.80389749121263       -2.31861276377362
H          -18.18060475828326       24.22493638461885       -2.17022840135149
H          -13.13381540245927       25.32980578458653        1.68667919591155
H          -16.61572049563717       23.09041612149219       -0.57592976753094
H          -18.75651642892756       36.98269451035904       -1.97938797982875
H          -18.71994510362851       38.00323543264795       -0.53384856609545
H          -19.45658852577531       36.39548552599462       -0.46895250799138
H          -16.19615021776078       35.91400557484938        1.29244537448915
H          -17.95018099771447       35.75074615628368        1.45303229012601
H          -17.20992870728392       37.35853296575161        1.41329088118261
H          -15.20266995144242       36.71863199851781       -0.90320831876269
H          -16.27553173433482       37.18472421498000       -2.23046675793489
H          -16.16756590727629       38.19520739439302       -0.78085254991718
48
 energy: -73.172100777426 gnorm: 0.001858467469 xtb: 6.7.1 (edcfbbe)
C          -17.13727937112445       36.35892901900991        1.01820724000697
C          -17.27287024184773       36.40255894331322       -0.50307461958939
C          -18.61581328185504       37.01271434512473       -0.90711415500254
C          -16.11754346276737       37.17618047722133       -1.13870949538437
O          -17.33186782134342       35.04848902311620       -1.04099489066943
C          -16.32398535905397       34.17852084979123       -0.88351011674613
O          -15.26889757778950       34.39734977500866       -0.31057429725277
N          -16.64627192640951       33.00522033801055       -1.45743199691088
C          -15.77348096984982       31.85880525714601       -1.49201279689937
C          -15.48343158377809       31.36563024921181       -2.91349601025088
C          -14.95552110701516       29.95280651883209       -2.69134476232760
C          -15.78616436399215       29.39600195015671       -1.51543273439949
C          -16.38321712496623       30.62716414138552       -0.80085342446060
N          -14.98251411311115       28.58392283751622       -0.63318758131260
C          -13.93730083444788       29.01366192521937        0.13072873425121
N          -13.36473211150894       28.08010718432162        0.82930272220992
C          -14.05977452922828       26.93153282036186        0.52393201373752
C          -15.08465796821670       27.24048364645145       -0.40287676793258
C          -15.91415124443954       26.20848967669928       -0.85020642238738
C          -17.01424905543491       26.01300609301530       -1.72542423361147
C          -17.33284806897033       24.68654419397687       -1.66778103235625
N          -16.49559318698250       24.03916645278827       -0.80812026532857
C          -15.61487337281396       24.93552054948711       -0.29060510467741
N          -14.65255457449801       24.63303947761042        0.58712022006197
C          -13.88270948659350       25.62331434460244        0.98673970568138
H          -17.54649519641174       32.94266185467632       -1.90972607447425
H          -14.84849602688147       32.16835904534180       -0.99610796063889
H          -16.41413606083317       31.33863663296354       -3.48097908014097
H          -14.77107197064394       32.00018269675282       -3.43538184474326
H          -13.90457135307386       29.98955338706419       -2.40107671292775
H          -15.04186916700984       29.33001165376663       -3.57900698215804
H          -16.58347991906471       28.74768372098502       -1.88146752328643
H          -16.17143348543999       30.61196170876974        0.26685997568269
H          -17.46467225661065       30.64529544121053       -0.93005552369037
H          -13.62726907634701       30.04057809879995        0.15007235684306
H          -17.50908332698102       26.75047386955458       -2.32441061853202
H          -18.10643157089460       24.15437262927456       -2.18478873668057
H          -13.10448883210031       25.37935681460628        1.69426095962656
H          -16.51325400491277       23.05746333221886       -0.58637678861712
H          -18.71750727862501       37.00219038121734       -1.98859856920915
H          -18.67314182772389       38.03661687223394       -0.55264342175075
H          -19.42994896514088       36.43739517000663       -0.47540941885113
H          -16.18508885994347       35.91440540473146        1.29898608119644
H          -17.94140531947397       35.76572631567943        1.44796317102069
H          -17.18754154723151       37.36751715269171        1.41602492369080
H          -15.16901708622803       36.70457625328766       -0.89313411652256
H          -16.23007082843890       37.19661959293254       -2.21953216003760
H          -16.11272330185521       38.19380188583625       -0.76195186325549
48
 energy: -73.172117296104 gnorm: 0.002725020567 xtb: 6.7.1 (edcfbbe)
C          -17.13196044901565       36.35875290376578        1.01960359456471
C          -17.26528744631221       36.40232773716280       -0.50167771255182
C          -18.60640936895035       37.01405537888246       -0.90914014278503
C          -16.10636330528767       37.17104386149450       -1.13623072822309
O          -17.32852332613410       35.04850993276532       -1.03898531666996
C          -16.32481860631988       34.17502513534884       -0.88132198929862
O          -15.26893190852401       34.38907790302445       -0.30819860393657
N          -16.65297860234614       33.00403706838500       -1.45549936781345
C          -15.78511226822974       31.85531367918604       -1.49224792762761
C          -15.49584451425894       31.36258544515858       -2.91408222687175
C          -14.96865163453346       29.94998318073949       -2.69201451980010
C          -15.79851399824850       29.39419381849784       -1.51489142908169
C          -16.39848077177288       30.62532539742328       -0.80395445825278
N          -14.99242330311003       28.58806727400651       -0.63014629669208
C          -13.95133827286743       29.02389893987286        0.13508740590880
N          -13.37486227891537       28.09360009199274        0.83449993764070
C          -14.06184132052639       26.94181732852557        0.52727651699409
C          -15.08693584833482       27.24504507967848       -0.40065664004615
C          -15.90977896852889       26.21036848974569       -0.85113646518583
C          -17.00728654102194       26.00973018702176       -1.72746281146604
C          -17.31746677774668       24.68182176226242       -1.67291227733584
N          -16.47669296666219       24.03878253300524       -0.81428241977447
C          -15.60360156710430       24.93922355032158       -0.29331818580938
N          -14.64108091994000       24.64131291614270        0.58535280934833
C          -13.87813239652426       25.63453455649389        0.98870952056918
H          -17.55295177595554       32.94618203846512       -1.90827552156663
H          -14.85924665740664       32.15981957245859       -0.99597209185100
H          -16.42676268331530       31.33620812914506       -3.48093913910285
H          -14.78372179952212       31.99705360514209       -3.43609633412868
H          -13.91765476454160       29.98673994528843       -2.40221653626329
H          -15.05543199044076       29.32652184810645       -3.57902392219559
H          -16.59417033430777       28.74276673690076       -1.87876682448709
H          -16.19149557186073       30.61074381724335        0.26303500954155
H          -17.47754315754730       30.64406116403660       -0.93779040876309
H          -13.64737080493786       30.05189663821461        0.15555265356232
H          -17.50574340310580       26.74450280166822       -2.32629628451095
H          -18.08708946753220       24.14675012995398       -2.19240309475590
H          -13.10011158908809       25.39406982416406        1.69751349653993
H          -16.48738800239316       23.05869866567297       -0.58889232814410
H          -18.70770219615058       36.99677936018876       -1.99070713323076
H          -18.66254316377207       38.03996773430384       -0.56081641237637
H          -19.42125217759941       36.44178483830493       -0.47488996388356
H          -16.18293756733795       35.90786477061984        1.30130691122277
H          -17.94038984910595       35.77086515485812        1.44864537082791
H          -17.17573867487793       37.36789190064788        1.41680549484843
H          -15.15991127596281       36.69878889794386       -0.88414036295986
H          -16.21364584929441       37.18628686786940       -2.21729248110940
H          -16.10137988263136       38.18992141187904       -0.76391036202427
48
 energy: -73.172140573885 gnorm: 0.001894853707 xtb: 6.7.1 (edcfbbe)
C          -17.12117012201148       36.36282949988024        1.02148783677290
C          -17.24997374947573       36.40819029263771       -0.50011545163680
C          -18.58492388394942       37.03030918043383       -0.91161920749869
C          -16.08290741790508       37.16621951969380       -1.13164216260253
O          -17.32385834512055       35.05539238386071       -1.03780181578798
C          -16.32901420304860       34.17223803204659       -0.87815841428157
O          -15.27190710780476       34.37579657380266       -0.30346140196374
N          -16.66871053099215       33.00404997396048       -1.45175273815163
C          -15.81024637512165       31.84812823207643       -1.49110509986138
C          -15.51992825969856       31.35927117212717       -2.91398245154118
C          -14.99834103535839       29.94402698464810       -2.69499902348001
C          -15.82632629414880       29.38912068140579       -1.51567313117306
C          -16.43634244673806       30.61917762186226       -0.81202669788813
N          -15.01435150224854       28.59507153982880       -0.62550724215477
C          -13.98192913765736       29.04533936887409        0.14394382295770
N          -13.39517315350412       28.12231362740597        0.84485364104378
C          -14.06497129411536       26.96067916178196        0.53436313712141
C          -15.09108949995099       27.25035995406881       -0.39721631923575
C          -15.89846823871160       26.20488362623627       -0.85233211084345
C          -16.99027861889918       25.99000275810512       -1.73288816181511
C          -17.28131362692712       24.65684837630151       -1.68220418587841
N          -16.43427086918794       24.02425293878411       -0.82197293483915
C          -15.57607015438655       24.93658606274061       -0.29538496032365
N          -14.61205586080601       24.65060295248462        0.58630071253556
C          -13.86476068376245       25.65480145811803        0.99496668644087
H          -17.56818780360557       32.95605005059908       -1.90740342284628
H          -14.88307580313827       32.14214429962820       -0.98989264010303
H          -16.44973726140481       31.33822026812166       -3.48254835370601
H          -14.80457542669337       31.99267738618839       -3.43258531843976
H          -13.94627643705112       29.97616527380747       -2.40826591256334
H          -15.08983805082977       29.32207508319519       -3.58259750211325
H          -16.61638979409024       28.72878288480976       -1.87584099300933
H          -16.24686701114392       30.60294925128725        0.25950626678477
H          -17.51439931723732       30.63899942349041       -0.96483205515776
H          -13.69184695210407       30.07775666254950        0.16626163696089
H          -17.49752243691824       26.71873455531326       -2.33256182362422
H          -18.04159536399038       24.11186503763017       -2.20635251229997
H          -13.08579259648013       25.42426157870711        1.70648908415344
H          -16.43120267148372       23.04405965215061       -0.59616573861217
H          -18.68414852908697       37.00979436325734       -1.99318740192655
H          -18.63369521206518       38.05769060224255       -0.56695107449647
H          -19.40498800284588       36.46586847389297       -0.47682571448366
H          -16.17712819829610       35.90301884021426        1.30539677436507
H          -17.93602956358028       35.78223566178922        1.44847562412697
H          -17.15632439709482       37.37202672957996        1.41952441479309
H          -15.14137241018433       36.68621929174012       -0.87422454279509
H          -16.18559811145007       37.18050308522488       -2.21376947151432
H          -16.07052623759573       38.18600957539439       -0.76092164841538
48
 energy: -73.172159385691 gnorm: 0.002265371506 xtb: 6.7.1 (edcfbbe)
C          -17.11329908704373       36.36387171148782        1.02385903706780
C          -17.24107927116401       36.40916948003575       -0.49791184738605
C          -18.57075387309114       37.04185616956875       -0.91076943138201
C          -16.06749141166234       37.15644619205623       -1.12936140233458
O          -17.32512976300653       35.05709665011457       -1.03472022705579
C          -16.33602918698682       34.16744880085182       -0.87600594684933
O          -15.27831024793538       34.36239205052495       -0.29945577865028
N          -16.68221637818127       33.00253779235039       -1.45257679727699
C          -15.82802426388381       31.84325157842202       -1.49359572761433
C          -15.53743366915380       31.35597751581093       -2.91663428287460
C          -15.01758314864787       29.93966288141013       -2.69801014085940
C          -15.84203124633138       29.38565036756345       -1.51552461577877
C          -16.45943449387693       30.61504928453279       -0.81793886834442
N          -15.02544290872664       28.60137603266967       -0.62131496391436
C          -13.99954258693214       29.05977233389427        0.15190931208559
N          -13.40765967682700       28.14132186807537        0.85461921520270
C          -14.06670503617466       26.97391062923236        0.54179290929360
C          -15.09169726153121       27.25603805725951       -0.39322401068539
C          -15.88965336529129       26.20491514759715       -0.85255166316933
C          -16.97566615277069       25.98222636333358       -1.73887235358469
C          -17.25608444845613       24.64674678079417       -1.69062364174278
N          -16.40807752742543       24.01968312595012       -0.82752968542262
C          -15.55950811478946       24.93847328506692       -0.29509538282663
N          -14.59634609342671       24.65927619570016        0.59021827179833
C          -13.85814664615476       25.66892969342186        1.00175961390719
H          -17.58143992492670       32.96019701237490       -1.90933089043841
H          -14.90041141362385       32.13315352911052       -0.99038881971400
H          -16.46671528990088       31.33680212656411       -3.48599906120670
H          -14.82053152902877       31.98899951602753       -3.43357809761746
H          -13.96437488418765       29.96987105465753       -2.41490874162680
H          -15.11310407414824       29.31749393847651       -3.58508392582458
H          -16.62738515407696       28.71791580532321       -1.87195410136567
H          -16.27954427919692       30.59961685551087        0.25666104775971
H          -17.53744087062622       30.63381092702764       -0.98109529976327
H          -13.71745154991904       30.09458986753527        0.17548009776177
H          -17.48679192191776       26.70750917677496       -2.33957275035725
H          -18.00982880955769       24.09735766047074       -2.21919181862859
H          -13.07995279721067       25.44346873102956        1.71550792208974
H          -16.39742830686112       23.03865655680460       -0.60367588382955
H          -18.66881324670366       37.02232748835858       -1.99225461730286
H          -18.61190331196540       38.06958522700041       -0.56569068257157
H          -19.39600493726204       36.48360223764610       -0.47698009413904
H          -16.17460281916881       35.89377210046851        1.30859748817933
H          -17.93479655071416       35.79289575852157        1.45136716332757
H          -17.13715205747591       37.37369216654514        1.42141676977289
H          -15.12931275774100       36.67440502422939       -0.86410533380530
H          -16.16540487728553       37.16184693541894       -2.21272131687237
H          -16.05176277692907       38.17995032037789       -0.76814064443761
48
 energy: -73.172175548278 gnorm: 0.001822625556 xtb: 6.7.1 (edcfbbe)
C          -17.11008405302934       36.36365781618190        1.02585024409504
C          -17.23861018216430       36.40792468665791       -0.49598795144824
C          -18.56502429736165       37.04765917053214       -0.90821938405794
C          -16.06190136173244       37.14838167912197       -1.12927649750044
O          -17.32930173892846       35.05602072088123       -1.03159583597966
C          -16.34216577150187       34.16383485275197       -0.87526418082302
O          -15.28447906219709       34.35443688662670       -0.29742829395275
N          -16.68967628699963       33.00117862198582       -1.45572284609649
C          -15.83579688511555       31.84137466999520       -1.49720364026432
C          -15.54545987005954       31.35340376773452       -2.91978466452031
C          -15.02481398079635       29.93718994576376       -2.70036913273132
C          -15.84633242287578       29.38432074096371       -1.51514461935533
C          -16.46603782912009       30.61359456396836       -0.82038672384259
N          -15.02732062194803       28.60476145463293       -0.61937343027807
C          -14.00468420233816       29.06549255331126        0.15652350539217
N          -13.41241149494321       28.14890110449671        0.86118378337559
C          -14.06764075948258       26.97960206720224        0.54684651961423
C          -15.09040135671353       27.25929153130612       -0.39118096664601
C          -15.88516281461190       26.20673232731275       -0.85246053196592
C          -16.96764918775287       25.98252077052395       -1.74263563410359
C          -17.24494584266912       24.64643019230652       -1.69600375103556
N          -16.39943470682376       24.02081592146596       -0.82940352499018
C          -15.55393287240439       24.94078918444088       -0.29442671201610
N          -14.59254576561495       24.66361562270958        0.59360393670065
C          -13.85782713208906       25.67511889402657        1.00718024894949
H          -17.58886428507245       32.96032839201104       -1.91239448314722
H          -14.90805605893053       32.13185378537950       -0.99462306741580
H          -16.47463098289705       31.33353052979258       -3.48923983830685
H          -14.82846596330071       31.98605532138549       -3.43704604758915
H          -13.97080729747249       29.96763366259339       -2.42029622946685
H          -15.12286868330877       29.31415080866415       -3.58657647056600
H          -16.62952555896313       28.71289870102920       -1.86848735498963
H          -16.28610866230718       30.60030367037815        0.25351678783230
H          -17.54339020917984       30.63064165561750       -0.98301496131190
H          -13.72485651506209       30.10089495068232        0.18061080372014
H          -17.47859313319848       26.70682991881812       -2.34444631872927
H          -17.99531086584747       24.09578270957072       -2.22813858989304
H          -13.08113031154635       25.45114821671812        1.72308968259997
H          -16.38754106229290       23.03909851410902       -0.60849503978109
H          -18.66263697847423       37.03183908901761       -1.98974468268264
H          -18.60136830740299       38.07442225499562       -0.55995529398148
H          -19.39309742540371       36.49235068418444       -0.47633690933592
H          -16.17508792107368       35.88625545138726        1.31050645221203
H          -17.93597023821598       35.80015567487262        1.45490044718644
H          -17.12529385244136       37.37421438790303        1.42203983740531
H          -15.12516228973801       36.66773978990057       -0.85729678540096
H          -16.15660527646988       37.14409919809503       -2.21326007777840
H          -16.04648762202571       38.17532288997289       -0.77783177610649
48
 energy: -73.172192321727 gnorm: 0.001505184258 xtb: 6.7.1 (edcfbbe)
C          -17.10101621959413       36.36515221426803        1.02948401775779
C          -17.22895633572404       36.40848121393619       -0.49249877453527
C          -18.54732422060967       37.06383858317138       -0.90491018118390
C          -16.04422189035877       37.13487174890574       -1.12733994237362
O          -17.33439248179927       35.05711157789244       -1.02673215410920
C          -16.35348460462975       34.15779126836409       -0.87341263775893
O          -15.29578314284301       34.33872164578322       -0.29307747480672
N          -16.70643536114290       32.99965131263647       -1.45978254955421
C          -15.85706025685057       31.83632857350632       -1.50218249838042
C          -15.56719696740221       31.34733298709820       -2.92429451632275
C          -15.04816204471598       29.93020813291609       -2.70457365405699
C          -15.86456312458532       29.38047915187109       -1.51384015802565
C          -16.49113230699125       30.61009036233115       -0.82685957034684
N          -15.03991924908797       28.61188127833521       -0.61390869209122
C          -14.02592002930223       29.08145474733815        0.16747068282428
N          -13.42862232664710       28.17028428329601        0.87469081896000
C          -14.07097561760738       26.99490594718643        0.55637278852391
C          -15.09050726964384       27.26560957682285       -0.38729438657926
C          -15.87305867303187       26.20638169028123       -0.85298827024704
C          -16.94757457016834       25.97403877625004       -1.75025885849633
C          -17.21241960921890       24.63562938644532       -1.70708768616036
N          -16.36747691471362       24.01632214154059       -0.83517786433936
C          -15.53319568169356       24.94297445569737       -0.29498528639412
N          -14.57460921104356       24.67430197082777        0.59842956979611
C          -13.85199081499176       25.69225464373867        1.01678364247959
H          -17.60494108297636       32.96470240925932       -1.91788323707686
H          -14.92866926803516       32.12349619692474       -0.99888259315398
H          -16.49609225133952       31.32825001239438       -3.49419345328700
H          -14.84903681763414       31.97815603167428       -3.44197905863722
H          -13.99257544182370       29.95880753461836       -2.43084338268292
H          -15.15292057814554       29.30623740080118       -3.58927865271990
H          -16.64315488842011       28.70103877367706       -1.86063679194509
H          -16.31998527633614       30.59982237773991        0.24839560167602
H          -17.56708920174975       30.62549048732084       -0.99852460436193
H          -13.75562774059151       30.11927030413769        0.19326680050890
H          -17.46167842387590       26.69435983633081       -2.35385474496040
H          -17.95374672703230       24.07869436545646       -2.24486005465993
H          -13.07767567926065       25.47465026996455        1.73739706578839
H          -16.34804972779965       23.03357296659567       -0.62035877064311
H          -18.64342084236898       37.05310396381771       -1.98677525507851
H          -18.57217619208665       38.08959324246967       -0.55295084839788
H          -19.38216346842148       36.51716587825400       -0.47595801570634
H          -16.17386794990937       35.87350110695805        1.31502680343709
H          -17.93569025823282       35.81605895404665        1.45971714134731
H          -17.09992353582530       37.37666773444595        1.42320416596950
H          -15.11157969904888       36.65330468043992       -0.84335340679273
H          -16.13259930482679       37.11608462232154       -2.21170979406987
H          -16.02683671975906       38.16647318388992       -0.79019127814028
48
 energy: -73.172197802357 gnorm: 0.002346747478 xtb: 6.7.1 (edcfbbe)
C          -17.08871444788760       36.36947057344249        1.03243868096843
C          -17.21292261548982       36.41405312768552       -0.48976388695659
C          -18.52227950911194       37.08625570995427       -0.90518475120054
C          -16.01755893430029       37.12613756385900       -1.12252399152086
O          -17.33390054535948       35.06340428942663       -1.02396967740639
C          -16.36247316066128       34.15341030299815       -0.87037150585427
O          -15.30398416363434       34.32257126089092       -0.28714654627789
N          -16.72570049515992       32.99962694883964       -1.45965897326918
C          -15.88620699347355       31.82922925781516       -1.50381279402617
C          -15.59632730977651       31.34150068170618       -2.92639438893157
C          -15.08322373575989       29.92182093382477       -2.70822711437256
C          -15.89606745596012       29.37502559417358       -1.51311724934065
C          -16.53100748426791       30.60523701030325       -0.83547004732893
N          -15.06449083357194       28.61937947509451       -0.60759296854472
C          -14.06106841245679       29.10416633981147        0.17904466005675
N          -13.45329754397101       28.20137409594267        0.88870430747752
C          -14.07610452783523       27.01604890026038        0.56576609894560
C          -15.09505891289602       27.27161245277858       -0.38321015561719
C          -15.85818572874222       26.19982864860012       -0.85482116819919
C          -16.92411018650881       25.95111103053814       -1.75898582950539
C          -17.16790149159828       24.60790975699996       -1.71958769026665
N          -16.31733991029195       24.00075049388765       -0.84369013871715
C          -15.50095100322192       24.94081398222719       -0.29705787214905
N          -14.54327759960803       24.68681189016663        0.60203700744616
C          -13.83918027208824       25.71609301283442        1.02629846665536
H          -17.62307992450414       32.97470817946753       -1.92114436506020
H          -14.95655847231450       32.10678631471713       -0.99718476217496
H          -16.52476150119272       31.32712602605669       -3.49736677851910
H          -14.87502974239805       31.97022704686161       -3.44244176057614
H          -14.02617194277024       29.94526048059648       -2.43952691882745
H          -15.19505142858443       29.29832736720612       -3.59236047296977
H          -16.66988248251677       28.68652113230775       -1.85343269981168
H          -16.37593115019999       30.59571247387141        0.24163149761384
H          -17.60362491245107       30.62159124662551       -1.02352870616192
H          -13.80640446277170       30.14618056903223        0.20665269193948
H          -17.44631287872753       26.66430381424709       -2.36462303160598
H          -17.89750803920698       24.03904283230369       -2.26195547560006
H          -13.06547751325663       25.50967159648386        1.75119847040679
H          -16.28318849842092       23.01748329175050       -0.63187714459973
H          -18.61600388098174       37.07695027660705       -1.98734753025797
H          -18.53469253486687       38.11256735079885       -0.55356898015226
H          -19.36557126070392       36.55048947247743       -0.47825514101160
H          -16.16922939630686       35.86397375468970        1.32038354776319
H          -17.93286550766826       35.83301034390563        1.46099712002804
H          -17.07319280607418       37.38155382450788        1.42514592234093
H          -15.09053437599490       36.63778932705817       -0.83108950558290
H          -16.10047968895097       37.10250328925858       -2.20676294844891
H          -15.99261432539747       38.15917665908614       -0.79044549980391
48
 energy: -73.172210887443 gnorm: 0.001269183941 xtb: 6.7.1 (edcfbbe)
C          -17.08620744940355       36.36957037753857        1.03252841613183
C          -17.21032028513352       36.41483960441263       -0.48955391226516
C          -18.51748015916961       37.09038835671959       -0.90469182964088
C          -16.01374166148997       37.12493183408341       -1.12179749096298
O          -17.33401697402389       35.06464861159521       -1.02438527290443
C          -16.36393790118735       34.15335492570137       -0.87097391648578
O          -15.30577317583858       34.32146167708682       -0.28703289462937
N          -16.72754920188986       33.00043439335408       -1.46125717748659
C          -15.89020200956490       31.82881216940193       -1.50426187303026
C          -15.60104204940838       31.33976183894420       -2.92675993593469
C          -15.09011728062901       29.91950328662128       -2.70771482997592
C          -15.90267550991511       29.37468939108929       -1.51158917881713
C          -16.53760655031180       30.60600329594413       -0.83601429797541
N          -15.07061958135063       28.62001928848846       -0.60569381465977
C          -14.06924577332154       29.10700330796093        0.18142550370891
N          -13.45928805765209       28.20546600880373        0.89047464217917
C          -14.07825435760157       27.01926114180521        0.56654157089128
C          -15.09709616449691       27.27232464424228       -0.38270494674402
C          -15.85513661148198       26.19808630119665       -0.85565310569824
C          -16.91915217059696       25.94607011490918       -1.76058490934025
C          -17.15877304178837       24.60271390519258       -1.72133198588123
N          -16.30635018880384       23.99801494612479       -0.84549966766025
C          -15.49405097190608       24.94052467767070       -0.29808468934601
N          -14.53715089097263       24.68956239672712        0.60198622912199
C          -13.83722478691322       25.72032293547258        1.02713681595031
H          -17.62429178534307       32.97685255365823       -1.92381867826969
H          -14.96031032795207       32.10474688539845       -0.99751724543773
H          -16.52983004385065       31.32639117415620       -3.49740880903005
H          -14.87915512458260       31.96741848378095       -3.44351274444129
H          -14.03291725653602       29.94120009936525       -2.43974846426970
H          -15.20368405628056       29.29547676417334       -3.59112247732800
H          -16.67704012180230       28.68620444110492       -1.85035174990563
H          -16.38672465851301       30.59690369973737        0.24178768175584
H          -17.60951061325645       30.62297114265012       -1.02873641227512
H          -13.81788887200149       30.14936042954827        0.20965789505696
H          -17.44272987786346       26.65776377372928       -2.36662559803393
H          -17.88608449454896       24.03132874073026       -2.26284971954682
H          -13.06392907370653       25.51600975041029        1.75244564232975
H          -16.26916415663811       23.01493097704697       -0.63474994149642
H          -18.61111440353813       37.08218593276876       -1.98683166391434
H          -18.52685453996068       38.11634779304556       -0.55263091452808
H          -19.36245188549290       36.55730214075452       -0.47836164138548
H          -16.16835793943332       35.86271267370553        1.32064798883578
H          -17.93087782763191       35.83511797163423        1.46058815951377
H          -17.06862741604295       37.38088077594335        1.42543993873794
H          -15.08764752064725       36.63518423252309       -0.83053480834894
H          -16.09683002017301       37.10234186664025       -2.20539787207511
H          -15.98646517924664       38.15719827038631       -0.78807601349630
48
 energy: -73.172216495866 gnorm: 0.000471871911 xtb: 6.7.1 (edcfbbe)
C          -17.08620151463477       36.36919839463964        1.03276884283525
C          -17.21012311007179       36.41497542499344       -0.48936541335339
C          -18.51731370812914       37.09031771726286       -0.90424250890598
C          -16.01390995441515       37.12495893593285       -1.12168744882329
O          -17.33368829176345       35.06510546460790       -1.02459800497191
C          -16.36349159136451       34.15392533388212       -0.87166310657754
O          -15.30547719037925       34.32196390880502       -0.28769333049117
N          -16.72680533316417       33.00119112537707       -1.46234637870831
C          -15.88973401241095       31.82934114375363       -1.50483541808049
C          -15.60089576862999       31.33931745648026       -2.92697759019357
C          -15.09042282644480       29.91899028839354       -2.70774266212923
C          -15.90366822965737       29.37466969282904       -1.51189372891612
C          -16.53701329466141       30.60680466300980       -0.83592752498698
N          -15.07228118424214       28.61932845857764       -0.60603574440284
C          -14.07117749289438       29.10653884629267        0.18109800561093
N          -13.46142801513642       28.20556563022765        0.89066233639709
C          -14.07946994941310       27.01928926264298        0.56640287514805
C          -15.09847035466113       27.27190625235629       -0.38270240743954
C          -15.85543043385274       26.19779213763046       -0.85580534052232
C          -16.91910513003362       25.94535227460133       -1.76025597497861
C          -17.15711648183640       24.60206873565404       -1.72152439960172
N          -16.30525878698207       23.99842063190225       -0.84513805466643
C          -15.49381325910458       24.94074826488923       -0.29783530340205
N          -14.53686625118991       24.68984840046466        0.60199549260956
C          -13.83778760284068       25.72086832870965        1.02708419613891
H          -17.62361744790791       32.97733604717530       -1.92456851864792
H          -14.95972635780927       32.10551915974097       -0.99849432414742
H          -16.52949577339953       31.32619682914775       -3.49765995249995
H          -14.87877387865834       31.96651044181705       -3.44373994327342
H          -14.03332643694769       29.94089658653459       -2.43920473444819
H          -15.20330425546746       29.29483730745829       -3.59127452536231
H          -16.67895009240190       28.68702012224495       -1.85090359886022
H          -16.38454963677972       30.59824011308827        0.24164359243317
H          -17.60919120938903       30.62443489313104       -1.02707846436732
H          -13.82011551048440       30.14880790936121        0.20936157217252
H          -17.44253478619466       26.65650416449140       -2.36668355212842
H          -17.88344604512150       24.03025631485426       -2.26374295124159
H          -13.06498573642965       25.51761541026020        1.75311340681190
H          -16.26766806460979       23.01578304141992       -0.63320505904121
H          -18.61092880226313       37.08270151169761       -1.98632643028957
H          -18.52716019491100       38.11584008672819       -0.55113252909294
H          -19.36169562469826       36.55637094826356       -0.47813024784160
H          -16.16850743536525       35.86144363380954        1.32016821979360
H          -17.93125377364379       35.83495463270085        1.46094296035486
H          -17.06788031240698       37.38042348470787        1.42633054830629
H          -15.08832992069640       36.63326541622950       -0.83213138928945
H          -16.09776154235749       37.10447227809960       -2.20586729056776
H          -15.98534739403631       38.15668289710023       -0.78635819536875
48
 energy: -73.172220076006 gnorm: 0.000553261149 xtb: 6.7.1 (edcfbbe)
C          -17.08567803261416       36.36844033309295        1.03277973732566
C          -17.20999894458642       36.41495554737769       -0.48933881342804
C          -18.51751800467973       37.09015594851888       -0.90341930701229
C          -16.01387277801868       37.12521119677626       -1.12114834555474
O          -17.33337609438327       35.06529858711736       -1.02494556860610
C          -16.36297569499607       34.15425846567196       -0.87259593079715
O          -15.30495423163656       34.32221797773647       -0.28860663283927
N          -16.72576365510547       33.00191365445397       -1.46431009469184
C          -15.88893343718848       31.82988097953339       -1.50612304665876
C          -15.60062959381538       31.33897869771145       -2.92806225713215
C          -15.09088931375335       29.91862555526733       -2.70761386951329
C          -15.90491604383831       29.37532312457611       -1.51191652954137
C          -16.53635808129403       30.60825737832239       -0.83550383928395
N          -15.07439964915725       28.61913758388394       -0.60606568571099
C          -14.07371750441506       29.10689027943752        0.18125449937791
N          -13.46365485449972       28.20636733540308        0.89099394631704
C          -14.08133131936609       27.01991712508919        0.56715440454952
C          -15.10016948798144       27.27184376043544       -0.38240971090598
C          -15.85581946464752       26.19724326736027       -0.85603617602430
C          -16.91868729862372       25.94377861451753       -1.76092264349260
C          -17.15573029011106       24.60029580916323       -1.72186491139520
N          -16.30361928304914       23.99770348297494       -0.84536228058530
C          -15.49352321263571       24.94051604886979       -0.29759600634769
N          -14.53680389391697       24.69013976918519        0.60262838772145
C          -13.83894622869095       25.72183633902325        1.02810965399083
H          -17.62278912435464       32.97771066012802       -1.92605073678530
H          -14.95876461698763       32.10643705456411       -1.00027897186466
H          -16.52929236028508       31.32598898626694       -3.49855782136750
H          -14.87813347201642       31.96534802251928       -3.44529569261973
H          -14.03397422797557       29.94036759353058       -2.43823264840831
H          -15.20317111192981       29.29397814876097       -3.59090392005745
H          -16.68138828328581       28.68897666403274       -1.85112359298409
H          -16.38176381431419       30.60001768641056        0.24177488214857
H          -17.60888983171218       30.62667008922614       -1.02452877456267
H          -13.82295795206425       30.14919700178054        0.20934788360328
H          -17.44201596072794       26.65441933038911       -2.36796406255560
H          -17.88122301332064       24.02790531038092       -2.26458413289846
H          -13.06577977187929       25.51966550250332        1.75406274602927
H          -16.26539045371765       23.01544907067600       -0.63184213976957
H          -18.61105411916826       37.08380928352712       -1.98547111596109
H          -18.52793375722700       38.11517693141838       -0.54894259184209
H          -19.36154519112125       36.55515168573589       -0.47797135235458
H          -16.16842227690584       35.85963863261980        1.31980087192654
H          -17.93119374557542       35.83477303860182        1.46088716550765
H          -17.06640214707657       37.37939833087628        1.42704050365471
H          -15.08848580107381       36.63139797522292       -0.83464794521456
H          -16.09935168974315       37.10789344747452       -2.20545999446033
H          -15.98331088442649       38.15604269583256       -0.78333753793278
48
 energy: -73.172224265426 gnorm: 0.000653718432 xtb: 6.7.1 (edcfbbe)
C          -17.08479800225578       36.36683983441389        1.03327887094070
C          -17.20962613609966       36.41509638826366       -0.48880166540161
C          -18.51767127620333       37.09010199255934       -0.90158948354207
C          -16.01404554366086       37.12630884014847       -1.12041121481490
O          -17.33270018485427       35.06605022103038       -1.02580692922968
C          -16.36185073255545       34.15528191218286       -0.87498867603400
O          -15.30397308918589       34.32260691148660       -0.29043224510936
N          -16.72378381341110       33.00388479097819       -1.46890025366627
C          -15.88754991378702       31.83138147011412       -1.50904476549444
C          -15.60045406178904       31.33764284409225       -2.93018966713947
C          -15.09181433385029       29.91729168421188       -2.70748093117409
C          -15.90723976802253       29.37639926544402       -1.51177717822581
C          -16.53486071115948       30.61134517339548       -0.83527036414975
N          -15.07811217109504       28.61899546267386       -0.60580044168058
C          -14.07824036644120       29.10791675213556        0.18196290673956
N          -13.46823266496993       28.20825112804189        0.89284238595405
C          -14.08448410669918       27.02116219555680        0.56873742304310
C          -15.10299291054397       27.27179195223016       -0.38171875553273
C          -15.85638550368326       26.19590335046280       -0.85629662368149
C          -16.91790045870888       25.94043196303863       -1.76225616763179
C          -17.15289499872996       24.59638609583196       -1.72323921338518
N          -16.30066347102378       23.99547215785917       -0.84584992364575
C          -15.49287122090817       24.93967770499774       -0.29706811746744
N          -14.53664023456532       24.69060023049069        0.60410871768485
C          -13.84060331073811       25.72346957388419        1.02998651685704
H          -17.62129413831427       32.97914897531448       -1.92966732343695
H          -14.95688738305860       32.10857305453349       -1.00442015637092
H          -16.52932469110878       31.32465286422687       -3.50033280144579
H          -14.87747388957708       31.96242948466873       -3.44866640886349
H          -14.03521025399716       29.93901135602673       -2.43678028561405
H          -15.20328826340077       29.29132999497015       -3.58993258315333
H          -16.68577839514112       28.69229605565252       -1.85094536545213
H          -16.37639727098881       30.60430237982780        0.24146567678036
H          -17.60804271978415       30.63127391854523       -1.02022222977802
H          -13.82807900279244       30.15040243705300        0.20962011105899
H          -17.44143092727015       26.65031894848035       -2.37008318632826
H          -17.87689732352105       24.02292281531400       -2.26685610938627
H          -13.06776072333543       25.52314599230449        1.75683652416733
H          -16.26139683777978       23.01376774478344       -0.62964151604531
H          -18.61104530176245       37.08652140010516       -1.98367561212490
H          -18.52923135398188       38.11417079635526       -0.54439079841026
H          -19.36121762377849       36.55301816598065       -0.47773094180453
H          -16.16826387904557       35.85626555571923        1.31933242525484
H          -17.93100955462669       35.83417544161782        1.46123321356308
H          -17.06359179148917       37.37731058685753        1.42857944713978
H          -15.08895102528100       36.62869939928649       -0.83954543895579
H          -16.10271343382580       37.11548188179875       -2.20459400256149
H          -15.97982523109130       38.15509085903126       -0.77677684145309
48
 energy: -73.172226478298 gnorm: 0.000421434623 xtb: 6.7.1 (edcfbbe)
C          -17.08394275860205       36.36562484777572        1.03355112494521
C          -17.20938033818068       36.41512724724789       -0.48843272457155
C          -18.51775081784556       37.09027123629011       -0.90000276607292
C          -16.01414872912624       37.12750894888642       -1.11961331371191
O          -17.33219574803911       35.06646221970478       -1.02669462473354
C          -16.36123621590368       34.15566964608376       -0.87678078390272
O          -15.30342843931672       34.32243950246822       -0.29188436661132
N          -16.72246265959730       33.00509426258411       -1.47277922759774
C          -15.88676458395836       31.83215525499593       -1.51174607404540
C          -15.60066933989488       31.33636426299558       -2.93238748149341
C          -15.09269336916445       29.91613734319575       -2.70756124214211
C          -15.90858663418043       29.37709526731600       -1.51127750782496
C          -16.53410743910866       30.61344156263855       -0.83534799776299
N          -15.08016454328125       28.61915999808064       -0.60503682607838
C          -14.08104291509693       29.10868223217764        0.18337603824810
N          -13.47079254767794       28.20933785370911        0.89448045993823
C          -14.08655729382126       27.02197035540057        0.57035735138542
C          -15.10439579526566       27.27186900600002       -0.38103617528647
C          -15.85652189507588       26.19510646618355       -0.85607648529768
C          -16.91694719958722       25.93849501675067       -1.76312188217455
C          -17.15078668965967       24.59424270504419       -1.72433340647680
N          -16.29862929541856       23.99398051548910       -0.84627008469854
C          -15.49233684722953       24.93922069630498       -0.29654777289366
N          -14.53674892358978       24.69104065925353        0.60553333097070
C          -13.84203842650121       25.72450267596894        1.03202758689269
H          -17.62028394869704       32.98025028805543       -1.93295056373796
H          -14.95569231600784       32.10985194706294       -1.00813198052358
H          -16.52986547852100       31.32289882491681       -3.50202840536721
H          -14.87764721211314       31.95997518260478       -3.45228034526707
H          -14.03618610313736       29.93793238912136       -2.43651796761702
H          -15.20409264003738       29.28904751770963       -3.58917813516157
H          -16.68823777456039       28.69402119723265       -1.84988417774037
H          -16.37381483182389       30.60761317319838        0.24114931081391
H          -17.60759967647544       30.63407975388496       -1.01832598567520
H          -13.83133275451084       30.15129096934143        0.21087622437411
H          -17.44058906185693       26.64794965775717       -2.37140546507984
H          -17.87369026436508       24.02006745711601       -2.26866734599089
H          -13.06933359019467       25.52478123185903        1.75917501509114
H          -16.25876383102448       23.01244459749355       -0.62932580881213
H          -18.61100413956812       37.08877611361252       -1.98212391958517
H          -18.52989187536109       38.11367902104472       -0.54087825148922
H          -19.36113805362338       36.55195662405189       -0.47734411262885
H          -16.16769833170930       35.85414130660073        1.31886788669638
H          -17.93040042750762       35.83334311272094        1.46133863494513
H          -17.06173647983008       37.37577696712504        1.42956599261891
H          -15.08903749243814       36.62790299667826       -0.84227744520710
H          -16.10505008808544       37.12097989442081       -2.20345076909426
H          -15.97808418332184       38.15483999782315       -0.77179753357304
48
 energy: -73.172228820969 gnorm: 0.000321458614 xtb: 6.7.1 (edcfbbe)
C          -17.08295217631599       36.36397066245957        1.03396582839564
C          -17.20908183077679       36.41516109961112       -0.48789094820498
C          -18.51775382780484       37.09050017529290       -0.89818459436273
C          -16.01421841453683       37.12888365339973       -1.11857359223317
O          -17.33159428531723       35.06703752680498       -1.02792394551719
C          -16.36059578478442       34.15611156899079       -0.87906249579550
O          -15.30311174332791       34.32202681106435       -0.29329261512597
N          -16.72114728748655       33.00645276560282       -1.47739342820499
C          -15.88626595851019       31.83282127517709       -1.51498321814103
C          -15.60153397056918       31.33430450575133       -2.93493110180874
C          -15.09375307579397       29.91433728370780       -2.70785705029043
C          -15.90970052602454       29.37759498716713       -1.51051622958677
C          -16.53366760349440       30.61547837528869       -0.83597991746215
N          -15.08171123752859       28.61969870054878       -0.60370456293913
C          -14.08335193317419       29.10961316923969        0.18548081374929
N          -13.47332566311635       28.21053022918044        0.89714049423242
C          -14.08818218163146       27.02284366311806        0.57224725807297
C          -15.10532554960622       27.27223834119983       -0.38000574618052
C          -15.85640512125290       26.19474562992341       -0.85550492838263
C          -16.91555487801338       25.93734872733834       -1.76399858610572
C          -17.14850444260390       24.59295070690345       -1.72557773260032
N          -16.29672033024461       23.99300836913297       -0.84669522292811
C          -15.49176325310439       24.93908629568396       -0.29592600660564
N          -14.53696462457448       24.69162510137935        0.60717614308814
C          -13.84325949184943       25.72549897419604        1.03428894393981
H          -17.61921440518350       32.98178106085686       -1.93711129169935
H          -14.95461456871161       32.11082647068239       -1.01258836501521
H          -16.53119959007132       31.32007636613922       -3.50384872680205
H          -14.87872522115596       31.95669191983354       -3.45659852488894
H          -14.03723826271580       29.93632051106486       -2.43688719100169
H          -15.20547742421402       29.28575982890676       -3.58834801613051
H          -16.69018256237993       28.69497657936034       -1.84803788278943
H          -16.37236126017261       30.61136073402356        0.24037230964264
H          -17.60733062529961       30.63649990063162       -1.01788997129012
H          -13.83412826463771       30.15235481500400        0.21299600824202
H          -17.43919223330139       26.64651204448359       -2.37268118857897
H          -17.87026378207966       24.01807364445679       -2.27072373284695
H          -13.07136299438261       25.52604591475554        1.76236506110912
H          -16.25635545649363       23.01139944018646       -0.63018607964004
H          -18.61102393448695       37.09120764212126       -1.98032543745178
H          -18.53020164878493       38.11321702427001       -0.53707613135967
H          -19.36105289436858       36.55114942455424       -0.47664298476881
H          -16.16673969563773       35.85200708316574        1.31846207349299
H          -17.92937768870492       35.83167656158486        1.46165089699372
H          -17.06018665157963       37.37375275195027        1.43081813574761
H          -15.08899414746857       36.62780781209391       -0.84432009789823
H          -16.10690907597901       37.12641055178995       -2.20205931701635
H          -15.97692242064108       38.15482332389944       -0.76683710405966
48
 energy: -73.172231828270 gnorm: 0.000521780253 xtb: 6.7.1 (edcfbbe)
C          -17.08167561528941       36.36123591718518        1.03457600269408
C          -17.20844169856393       36.41486522904339       -0.48712432575430
C          -18.51744243273561       37.09065784894283       -0.89555742992372
C          -16.01420925058933       37.13054097425050       -1.11701055160769
O          -17.33061963748749       35.06759492155408       -1.02980468121425
C          -16.35976787252921       34.15631634077779       -0.88216415422294
O          -15.30272967338550       34.32101655300147       -0.29522271563770
N          -16.71940931814686       33.00804481980023       -1.48387587147794
C          -15.88587196977748       31.83332839223903       -1.51971098926682
C          -15.60312294265229       31.33104661921900       -2.93869234497749
C          -15.09551904682061       29.91151770387689       -2.70832397812395
C          -15.91108365893938       29.37798506955747       -1.50922265342075
C          -16.53358184194834       30.61797818160035       -0.83722566534639
N          -15.08331926915697       28.62085656610809       -0.60140687741720
C          -14.08604964710724       29.11117469868389        0.18893339695176
N          -13.47616675092764       28.21229488023064        0.90099512269945
C          -14.09004584001370       27.02428269455739        0.57521959224749
C          -15.10603933437582       27.27316537384345       -0.37835205337392
C          -15.85586927388436       26.19503439123049       -0.85468550350401
C          -16.91341116721273       25.93706388934606       -1.76504329355539
C          -17.14514640789364       24.59246243274066       -1.72760500796465
N          -16.29445350244554       23.99282330661091       -0.84721749245989
C          -15.49103690030953       24.93956435564900       -0.29500297519230
N          -14.53749290704288       24.69278755877822        0.60962469320714
C          -13.84499335573163       25.72706899423092        1.03773528922953
H          -17.61768890031238       32.98390489185441       -1.94322173819821
H          -14.95336417454426       32.11146304165946       -1.01897358872088
H          -16.53353003027033       31.31540010733757       -3.50638073309647
H          -14.88083317683678       31.95178347941662       -3.46305910693539
H          -14.03886599149801       29.93400566905506       -2.43797529298543
H          -15.20791080506574       29.28072465851136       -3.58713035832996
H          -16.69237658954268       28.69534691044303       -1.84479941172284
H          -16.37178941911051       30.61648144749532        0.23905378616297
H          -17.60732758180398       30.63926953797451       -1.01867685689544
H          -13.83751463099546       30.15409649834828        0.21672544517990
H          -17.43690703326844       26.64602261335514       -2.37410936906881
H          -17.86541197595075       24.01681987081540       -2.27395189801155
H          -13.07413434587188       25.52772022662586        1.76692404004798
H          -16.25357676228849       23.01091298110481       -0.63217746476960
H          -18.61097252651903       37.09403002140341       -1.97768338395281
H          -18.53014059140556       38.11252838103800       -0.53198298256628
H          -19.36053355250199       36.55007915116802       -0.47516660008769
H          -16.16521343036754       35.84906014616347        1.31779242957221
H          -17.92776621444966       35.82823447542351        1.46197400280315
H          -17.05878978186685       37.37046206969246        1.43285723124408
H          -15.08886387027719       36.62799727242637       -0.84591961065574
H          -16.10853207240055       37.13258727197102       -2.20023149989045
H          -15.97595722777839       38.15496156763671       -0.76092257071792
48
 energy: -73.172235523868 gnorm: 0.000636904268 xtb: 6.7.1 (edcfbbe)
C          -17.07976298590335       36.35669021196304        1.03535881990530
C          -17.20747534423875       36.41411617143777       -0.48611879990112
C          -18.51702185874553       37.09039402637743       -0.89200606165135
C          -16.01382901984628       37.13207687358214       -1.11455088074563
O          -17.32909782967804       35.06818438297764       -1.03255215167843
C          -16.35836286960004       34.15647853398897       -0.88670316584872
O          -15.30205621115284       34.31946574802791       -0.29795259139522
N          -16.71692758470431       33.01008324719668       -1.49275548760786
C          -15.88547885355400       31.83375619328541       -1.52620184454319
C          -15.60564959500443       31.32624010663399       -2.94384383323700
C          -15.09816402345993       29.90734799355881       -2.70900586382889
C          -15.91307471621883       29.37850515937682       -1.50734685267253
C          -16.53394254532092       30.62131651335402       -0.83906505022231
N          -15.08553357381852       28.62292621937735       -0.59793656881804
C          -14.08973886786657       29.11380787348105        0.19389839381709
N          -13.48029331200735       28.21526740108889        0.90676332163617
C          -14.09241036165633       27.02673424876949        0.57943989254416
C          -15.10711443917248       27.27503059901533       -0.37559771309035
C          -15.85510723433776       26.19631638505052       -0.85351246926837
C          -16.91018884509483       25.93773524185163       -1.76659041212635
C          -17.14070054321674       24.59295360226096       -1.73021300045625
N          -16.29142597741933       23.99370703789766       -0.84805330920328
C          -15.49002609361084       24.94097411854562       -0.29382467179030
N          -14.53811506796048       24.69489455235809        0.61271935413478
C          -13.84719815300746       25.72964859562542        1.04224807269787
H          -17.61540237784474       32.98678989266932       -1.95177044038761
H          -14.95171504749616       32.11179350788728       -1.02774006803691
H          -16.53711691677279       31.30873256641676       -3.50974073032303
H          -14.88408515290439       31.94463447822166       -3.47193015701358
H          -14.04129924051952       29.93045365135835       -2.43950264149157
H          -15.21147410208625       29.27343774336945       -3.58546715031949
H          -16.69536631203510       28.69556313853994       -1.84000049153123
H          -16.37187286206776       30.62347467359336        0.23716610858342
H          -17.60773676951090       30.64294586094270       -1.02034630698034
H          -13.84207206987560       30.15692951130286        0.22217279187681
H          -17.43299798983067       26.64643678241249       -2.37652685618588
H          -17.85899087433553       24.01654249717765       -2.27834788013883
H          -13.07795352371489       25.53058327331279        1.77321112933935
H          -16.24974741732317       23.01134391223477       -0.63526487486715
H          -18.61109367856308       37.09704367754017       -1.97407048269444
H          -18.52989629658562       38.11116934878108       -0.52534672701979
H          -19.35973005336596       36.54830290408268       -0.47279953315455
H          -16.16277706177970       35.84454782432083        1.31694217495951
H          -17.92526516954499       35.82212821052704        1.46195159095148
H          -17.05743540387356       37.36500790690693        1.43600270047497
H          -15.08823078800703       36.62805950162079       -0.84703542270971
H          -16.10977293525315       37.13919443822182       -2.19757379072825
H          -15.97477205000714       38.15483366545418       -0.75378006826023
48
 energy: -73.172239739201 gnorm: 0.000578783912 xtb: 6.7.1 (edcfbbe)
C          -17.07745819081147       36.34989807955791        1.03647480322026
C          -17.20582832841934       36.41258819851566       -0.48477033239315
C          -18.51604648937942       37.08950150918464       -0.88734344015761
C          -16.01310720434511       37.13356642669488       -1.11135858752966
O          -17.32688477163570       35.06858478230835       -1.03614720781743
C          -16.35630565587305       34.15635400584880       -0.89258664426619
O          -15.30073909842478       34.31719316537716       -0.30191839867361
N          -16.71357049546556       33.01254750537004       -1.50427562631655
C          -15.88495068149093       31.83416328843056       -1.53475623671821
C          -15.60896368038681       31.31992536571298       -2.95062061106383
C          -15.10199879107085       29.90182082395311       -2.70978526972362
C          -15.91610214994508       29.37918645252947       -1.50488164928101
C          -16.53468090360360       30.62576090325033       -0.84159208734895
N          -15.08872283568493       28.62599809327136       -0.59336134376231
C          -14.09500395324427       29.11787071093733        0.20042273229102
N          -13.48580149716767       28.21985455067800        0.91416234083665
C          -14.09579216493677       27.03062485903761        0.58537505012792
C          -15.10860748484658       27.27795469057866       -0.37186210794716
C          -15.85392010914146       26.19863598022881       -0.85233063601789
C          -16.90600918785143       25.93933227710806       -1.76858161964425
C          -17.13453324974240       24.59417620396977       -1.73398313484935
N          -16.28740535020939       23.99564418865786       -0.84926504665166
C          -15.48871916104960       24.94345377235385       -0.29233531806272
N          -14.53897422883643       24.69824763856724        0.61674099684219
C          -13.85035390438236       25.73368343054464        1.04840057845015
H          -17.61225739586098       32.99038314619232       -1.96292782532130
H          -14.94954955971548       32.11182261882320       -1.03914785781437
H          -16.54180973057826       31.30014115416153       -3.51413048524072
H          -14.88822042326533       31.93513812860939       -3.48348142787671
H          -14.04486189811079       29.92563733025578       -2.44132920385864
H          -15.21647094179520       29.26378765982609       -3.58312574136297
H          -16.69975207648887       28.69585308423740       -1.83364832121634
H          -16.37219869979268       30.63263860193260        0.23454836306914
H          -17.60853192256385       30.64805217726871       -1.02260620402032
H          -13.84859709165870       30.16127108531310        0.22949318125674
H          -17.42789253909781       26.64774567993483       -2.37962489784504
H          -17.85035519846044       24.01703899948180       -2.28456848447901
H          -13.08262782581331       25.53516064318814        1.78111227067698
H          -16.24465972344538       23.01284418327953       -0.63872426576657
H          -18.61100995036915       37.09991056415720       -1.96928488139046
H          -18.52924971543612       38.10895565780187       -0.51701803440155
H          -19.35805670767904       36.54542323376963       -0.46933587140600
H          -16.15959105506604       35.83812249520740        1.31576551704915
H          -17.92196517515045       35.81260886898303        1.46171730072857
H          -17.05639009950972       37.35684814226681        1.44067349668170
H          -15.08734371476941       36.62798549053710       -0.84749078432399
H          -16.11030856875219       37.14614390547780       -2.19429940477234
H          -15.97332041856955       38.15452025060501       -0.74558764091560
48
 energy: -73.172243610005 gnorm: 0.000414379286 xtb: 6.7.1 (edcfbbe)
C          -17.07466257264456       36.34152972169003        1.03765271749780
C          -17.20393009991098       36.41046839235813       -0.48327389236596
C          -18.51495177183114       37.08799977925456       -0.88220847191080
C          -16.01187890798273       37.13449328078585       -1.10735497651177
O          -17.32420191176639       35.06880638054896       -1.04028905008477
C          -16.35357652463506       34.15619210772969       -0.89954913291118
O          -15.29881248456576       34.31463832990492       -0.30681300658280
N          -16.70959111710412       33.01524626516441       -1.51717514472944
C          -15.88425847149391       31.83456267204895       -1.54425605805936
C          -15.61245719442106       31.31297625487738       -2.95811664887891
C          -15.10658392174599       29.89563117587201       -2.71071517065280
C          -15.91999429031015       29.38020873520375       -1.50224431722124
C          -16.53571430811269       30.63094090206436       -0.84432570617397
N          -15.09294256649865       28.62976635416965       -0.58829240538727
C          -14.10173536564831       29.12305594835255        0.20768113501515
N          -13.49286611342342       28.22583453439521        0.92273927649656
C          -14.09988910152220       27.03562522297863        0.59207400947984
C          -15.11087425316479       27.28168744094375       -0.36736488545198
C          -15.85277318241211       26.20165661021836       -0.85109725663117
C          -16.90129182169366       25.94128576634303       -1.77099052271126
C          -17.12766169535668       24.59572782171590       -1.73799519580750
N          -16.28254476716716       23.99814780699687       -0.85084134237134
C          -15.48710742064764       24.94667999351244       -0.29084038705120
N          -14.53955538787295       24.70253204700935        0.62081528058994
C          -13.85371572815453       25.73880093736828        1.05491569429676
H          -17.60853467865855       32.99422170444470       -1.97536278999930
H          -14.94705955442367       32.11170032502684       -1.05174834409261
H          -16.54672837153747       31.29108853144155       -3.51911262456458
H          -14.89233074095976       31.92441174952577       -3.49606955910956
H          -14.04918420199875       29.91998261788141       -2.44324888632860
H          -15.22230782374820       29.25313202046746       -3.58063313210704
H          -16.70531617828037       28.69666549261460       -1.82667937171059
H          -16.37249981044070       30.64296167438885        0.23166052959967
H          -17.60966693097197       30.65433807730527       -1.02473241419676
H          -13.85671079015357       30.16675322705949        0.23752844253396
H          -17.42197357493821       26.64922565070634       -2.38357622927971
H          -17.84076827977969       24.01796684062230       -2.29141089989063
H          -13.08783957747146       25.54124444418104        1.78984131245943
H          -16.23842127163143       23.01510990528693       -0.64169305906225
H          -18.61092358114773       37.10217130316362       -1.96399847623299
H          -18.52849867132648       38.10607708690960       -0.50816977146056
H          -19.35614005849155       36.54179900884882       -0.46531881878008
H          -16.15568847926578       35.83036926227297        1.31446591430734
H          -17.91797093764563       35.80060173978474        1.46075670262423
H          -17.05564261292070       37.34675452763283        1.44629204460207
H          -15.08579134892622       36.62775924049238       -0.84673851178389
H          -16.11005771266170       37.15195031329434       -2.19024555045094
H          -15.97187383242766       38.15382077911820       -0.73714104796431
48
 energy: -73.172246156873 gnorm: 0.000271424487 xtb: 6.7.1 (edcfbbe)
C          -17.07252579617615       36.33394077660503        1.03875748232869
C          -17.20206059668848       36.40844755980515       -0.48191208896657
C          -18.51369912043384       37.08643381625415       -0.87799004685151
C          -16.01062934528643       37.13510109678165       -1.10397049712534
O          -17.32180430353184       35.06886951678317       -1.04363517360789
C          -16.35109499710691       34.15600938209492       -0.90530162883647
O          -15.29677921095615       34.31251890917820       -0.31128321736681
N          -16.70614699961568       33.01752391603453       -1.52783990035106
C          -15.88352304526256       31.83502390637659       -1.55213395253622
C          -15.61508921058205       31.30746282795360       -2.96427652492965
C          -15.11065291495209       29.89056308358358       -2.71151680149374
C          -15.92375281368175       29.38122814929392       -1.50031441139791
C          -16.53666726516611       30.63549528943648       -0.84681544509152
N          -15.09701339991464       28.63301234069303       -0.58441104129506
C          -14.10812737434969       29.12781405995336        0.21344874204637
N          -13.49927846405043       28.23142325898969        0.92961617098759
C          -14.10386235053471       27.04031702223622        0.59783650751510
C          -15.11307133686548       27.28496056262057       -0.36379444771605
C          -15.85183388015364       26.20417715051473       -0.85032281507734
C          -16.89752187519647       25.94263656276855       -1.77296974922231
C          -17.12169212096916       24.59664300268479       -1.74132337930444
N          -16.27799767812575       24.00007350045093       -0.85228819494760
C          -15.48563396785235       24.94951420538522       -0.28962704140978
N          -14.53986281799630       24.70647907835163        0.62418139783736
C          -13.85680265503212       25.74363306952501        1.06056522471729
H          -17.60537868412663       32.99730130882165       -1.98548091244698
H          -14.94493004281709       32.11160873254516       -1.06196215967289
H          -16.55039684725664       31.28449032500469       -3.52346071229149
H          -14.89505360022480       31.91558095571182       -3.50600011036425
H          -14.05306244741907       29.91478575403097       -2.44467377960001
H          -15.22760651853278       29.24448585952225       -3.57860128534247
H          -16.71061033342333       28.69779840711761       -1.82131204339029
H          -16.37252709219565       30.65158296510630        0.22896326467644
H          -17.61074968506663       30.66018448222296       -1.02635385351329
H          -13.86449073136018       30.17181052727446        0.24398153463152
H          -17.41742468633758       26.65003612768888       -2.38683023557099
H          -17.83249805058260       24.01835715984690       -2.29712338964849
H          -13.09189889241527       25.54703957723767        1.79675895953031
H          -16.23263777607678       23.01712874571212       -0.64297889469372
H          -18.61054176794274       37.10333583772466       -1.95964769388897
H          -18.52754175525217       38.10346987954436       -0.50122610204814
H          -19.35420275592823       36.53860301208081       -0.46186171253060
H          -16.15244146208428       35.82368631327279        1.31348456394358
H          -17.91460421333457       35.78950590177923        1.45990223213312
H          -17.05564650896131       37.33757466323885        1.45130907610101
H          -15.08430933865646       36.62805519823434       -0.84489093356595
H          -16.10876705153437       37.15547132691105       -2.18687774410513
H          -15.97105621788410       38.15340489899258       -0.73099723525359
48
 energy: -73.172247495494 gnorm: 0.000203051427 xtb: 6.7.1 (edcfbbe)
C          -17.07136298757768       36.32965619338883        1.03938767905796
C          -17.20100268979740       36.40718872153123       -0.48109923575614
C          -18.51285620630257       37.08557340741806       -0.87578075034240
C          -16.00969583045586       37.13526753506608       -1.10166823459556
O          -17.32036346661887       35.06883237807130       -1.04553185180626
C          -16.34951987402965       34.15594220462768       -0.90860563792909
O          -15.29543924680343       34.31139183741431       -0.31390160697373
N          -16.70411753497430       33.01876835378481       -1.53368887101648
C          -15.88301855996985       31.83526718893661       -1.55635285834842
C          -15.61599413354104       31.30484941112700       -2.96759740770963
C          -15.11318343842723       29.88791176477892       -2.71217838409404
C          -15.92626843874165       29.38191915509644       -1.49955797799497
C          -16.53734531436738       30.63806261549313       -0.84821958411880
N          -15.09982877363561       28.63480955469403       -0.58256521701261
C          -14.11237322713255       29.13070327765443        0.21634814844077
N          -13.50350386415367       28.23496655323078        0.93335892158245
C          -14.10630979550646       27.04319239235511        0.60079417496166
C          -15.11469309420273       27.28680735598213       -0.36193292804234
C          -15.85146241449909       26.20537427111156       -0.84992605855325
C          -16.89556644455583       25.94282261832066       -1.77402576665333
C          -17.11823374833190       24.59653992447302       -1.74295801252267
N          -16.27505181598884       24.00076550155427       -0.85299577473170
C          -15.48460876552273       24.95101766719682       -0.28897335026302
N          -14.53963497548400       24.70883613949287        0.62588087059533
C          -13.85827701196104       25.74662728713955        1.06336768592920
H          -17.60359353063863       32.99883922926370       -1.99084647881909
H          -14.94380873914240       32.11153859528809       -1.06720773028736
H          -16.55164171051872       31.28181348173801       -3.52616430032781
H          -14.89554422558190       31.91098505802498       -3.51096246317099
H          -14.05547221713182       29.91165439532185       -2.44575117575842
H          -15.23107151021270       29.24020125313431       -3.57788210299561
H          -16.71408539065160       28.69875770952251       -1.81877294919098
H          -16.37266782582682       30.65613250819862        0.22744258362560
H          -17.61148779659648       30.66377326988763       -1.02722295747249
H          -13.86956168445766       30.17488249917390        0.24704046776315
H          -17.41527330654048       26.64973669429168       -2.38861442295059
H          -17.82768626620702       24.01780731771818       -2.30000665238062
H          -13.09414178381159       25.55084075305335        1.80059225030496
H          -16.22896931865422       23.01810189734444       -0.64250946501765
H          -18.61007872580560       37.10361600593841       -1.95737766278961
H          -18.52677615097138       38.10216878284835       -0.49786542650325
H          -19.35307420061207       36.53705415834616       -0.45997903826844
H          -16.15057556590138       35.82010985606986        1.31307600300734
H          -17.91266397477500       35.78290701548320        1.45905632747888
H          -17.05611047762953       37.33233172443708        1.45430219722431
H          -15.08312318586931       36.62874782581716       -0.84237009716628
H          -16.10720854425408       37.15611113980657       -2.18462950669742
H          -15.97117221552234       38.15339552332902       -0.72812537071659
48
 energy: -73.172248380101 gnorm: 0.000169215935 xtb: 6.7.1 (edcfbbe)
C          -17.07100789603668       36.32737142348564        1.03985889193244
C          -17.20033447384596       36.40669747563548       -0.48055284568666
C          -18.51220428916601       37.08527840081702       -0.87485370581190
C          -16.00892949383496       37.13541036369748       -1.10022952028314
O          -17.31953338436591       35.06899141591146       -1.04634581761994
C          -16.34865557989465       34.15607044755084       -0.91006150094771
O          -15.29464531452980       34.31100811766287       -0.31512053880806
N          -16.70302105521560       33.01956021789653       -1.53645443572204
C          -15.88269392073462       31.83553656502852       -1.55828826735159
C          -15.61606898943368       31.30385003463282       -2.96909593321977
C          -15.11463475165432       29.88656724476006       -2.71280794403742
C          -15.92792134019443       29.38226507372378       -1.49962059023309
C          -16.53797652919152       30.63938072567331       -0.84933466846610
N          -15.10167442484230       28.63562493772422       -0.58208006020534
C          -14.11505917800575       29.13231409053105        0.21736186236866
N          -13.50594857545445       28.23706975263358        0.93479923560235
C          -14.10786089133489       27.04487767413797        0.60216369594816
C          -15.11573636627853       27.28765882245364       -0.36129832109301
C          -15.85134602748983       26.20564469458025       -0.84976008691448
C          -16.89466026561311       25.94219600418398       -1.77449335398430
C          -17.11638019146276       24.59575274330085       -1.74340489230369
N          -16.27304809150783       24.00062235673374       -0.85320082280746
C          -15.48387768040818       24.95161615137139       -0.28852972618003
N          -14.53923789508560       24.71016792333242        0.62686695983449
C          -13.85909171794945       25.74850425694947        1.06491274567348
H          -17.60270061011054       32.99968347865442       -1.99321070732292
H          -14.94332529482243       32.11151663868329       -1.06926996881112
H          -16.55163131250773       31.28157992865176       -3.52785423684388
H          -14.89487203861184       31.90890052337997       -3.51263701809228
H          -14.05684889511693       29.90933916889127       -2.44655773120453
H          -15.23339780791238       29.23834900290698       -3.57799507153939
H          -16.71622123943764       28.69931529500042       -1.81808104192772
H          -16.37317964853404       30.65818993158828        0.22628855147504
H          -17.61212766171300       30.66588160250608       -1.02818253194540
H          -13.87289375432858       30.17664202615389        0.24805385670883
H          -17.41448442317322       26.64865381860144       -2.38951343520876
H          -17.82503066713355       24.01654022156989       -2.30097326424547
H          -13.09500259753684       25.55329033837040        1.80231720870139
H          -16.22653117553587       23.01826837556689       -0.64135368931050
H          -18.60952117033307       37.10358636883460       -1.95644453410135
H          -18.52600216607405       38.10176765808189       -0.49669142454811
H          -19.35243752368639       36.53672075160841       -0.45911857123018
H          -16.14974275582736       35.81849303934079        1.31319543798884
H          -17.91181446493349       35.77918764797079        1.45863129776321
H          -17.05696163157248       37.32953510208532        1.45596716522998
H          -15.08217026081840       36.62993300555089       -0.83952637169415
H          -16.10523457047913       37.15535245481845       -2.18331043649171
H          -15.97182000616427       38.15383671075214       -0.72736384203963
48
 energy: -73.172249110509 gnorm: 0.000175808248 xtb: 6.7.1 (edcfbbe)
C          -17.07111772036810       36.32633802166858        1.04027914396123
C          -17.19986239713061       36.40649852821521       -0.48012742574265
C          -18.51151655564092       37.08543973904296       -0.87454670705136
C          -16.00826043284350       37.13566118371675       -1.09896533737647
O          -17.31893542112887       35.06913350941902       -1.04676325643399
C          -16.34806578115077       34.15617551153428       -0.91075508472373
O          -15.29417697321508       34.31080857073854       -0.31552316817862
N          -16.70230878507732       33.01999633227164       -1.53786218683754
C          -15.88250733469266       31.83558679639344       -1.55916527606744
C          -15.61551566808380       31.30380748088061       -2.96987659459069
C          -15.11572965986113       29.88593765313010       -2.71350265416780
C          -15.92922774267563       29.38236563807939       -1.50010068092746
C          -16.53878087863459       30.63990923231159       -0.85027424438176
N          -15.10310309105528       28.63596534659847       -0.58220562470973
C          -14.11696136082482       29.13330769046697        0.21742552036127
N          -13.50765629302985       28.23853321504100        0.93528544110813
C          -14.10876491387750       27.04595568283090        0.60255825778604
C          -15.11650267946610       27.28800648668737       -0.36123946509602
C          -15.85133964578198       26.20538475692848       -0.84962889723290
C          -16.89429796542796       25.94105607928638       -1.77454923298684
C          -17.11512673210755       24.59445853208643       -1.74331742710321
N          -16.27154799996238       24.00000478346789       -0.85287923997418
C          -15.48322372441257       24.95170511428553       -0.28809213245315
N          -14.53863335589325       24.71097682251441        0.62755046256343
C          -13.85924148948554       25.74981046720666        1.06557583356800
H          -17.60215068949061       33.00014837833734       -1.99430307552209
H          -14.94325588430467       32.11125928742293       -1.06975046081042
H          -16.55075271010011       31.28263740409197       -3.52923662295086
H          -14.89332815569456       31.90817796139646       -3.51290910605860
H          -14.05784815917211       29.90746590341961       -2.44754522991299
H          -15.23546544206599       29.23789400027876       -3.57867882629830
H          -16.71775385580313       28.69951527931846       -1.81822857354555
H          -16.37444047460257       30.65874452070893        0.22542768689699
H          -17.61283547536993       30.66702161156340       -1.02957347592353
H          -13.87531545713620       30.17776151377394        0.24792028281062
H          -17.41450625570613       26.64706828173466       -2.38976582028860
H          -17.82320862412759       24.01464853246392       -2.30100219769764
H          -13.09532037016780       25.55519714697149        1.80331917812759
H          -16.22475762062343       23.01792080535401       -0.63983662676264
H          -18.60871832838663       37.10360704055595       -1.95615806722920
H          -18.52511275601181       38.10200554829944       -0.49655403490309
H          -19.35194099465652       36.53716596388563       -0.45882064753557
H          -16.14955804123824       35.81802442900184        1.31365685139718
H          -17.91162343741093       35.77715156359746        1.45831326349226
H          -17.05807572857424       37.32822397216982        1.45708491108642
H          -15.08136026776766       36.63151369793979       -0.83618347860183
H          -16.10296307415105       37.15395363492032       -2.18220292546183
H          -15.97280359550435       38.15467035196784       -0.72747302662677
48
 energy: -73.172249705283 gnorm: 0.000165400673 xtb: 6.7.1 (edcfbbe)
C          -17.07132134220313       36.32575549186758        1.04067541039742
C          -17.19951975741857       36.40659380128593       -0.47973644756403
C          -18.51095838779585       37.08583476327646       -0.87440942229984
C          -16.00758785568945       37.13592285986874       -1.09776075811386
O          -17.31845673007141       35.06943590384458       -1.04697844129384
C          -16.34768723043050       34.15635216407117       -0.91100442478079
O          -15.29398132010531       34.31074230732843       -0.31539976348219
N          -16.70170153779569       33.02048182660049       -1.53888268612502
C          -15.88241304052124       31.83565506847276       -1.55973642620065
C          -15.61488791163035       31.30377920558083       -2.97034712295161
C          -15.11661966451744       29.88528103478331       -2.71430143088846
C          -15.93031844990097       29.38229853195558       -1.50073086825494
C          -16.53970942976925       30.64019112016648       -0.85139461254233
N          -15.10427619517079       28.63615582837240       -0.58247489082027
C          -14.11848228508717       29.13406033231873        0.21726800675117
N          -13.50882496702626       28.23967825489689        0.93529673111808
C          -14.10943085263465       27.04679795916613        0.60273720727568
C          -15.11708827154860       27.28818495646578       -0.36132830782812
C          -15.85133521415219       26.20498146796885       -0.84942092356750
C          -16.89398000838745       25.93982575896334       -1.77449865593787
C          -17.11410917869969       24.59312967320200       -1.74295694984318
N          -16.27025723723111       23.99931807185624       -0.85230834049922
C          -15.48260950136211       24.95163595666656       -0.28756051082890
N          -14.53807198073581       24.71160616483170        0.62832357059045
C          -13.85931957054571       25.75092563974364        1.06620061145972
H          -17.60163598004860       33.00076219358510       -1.99515313005458
H          -14.94333131532540       32.11089239885436       -1.06975274211937
H          -16.54970585633343       31.28375172904882       -3.53045141419675
H          -14.89170365891728       31.90760952495228       -3.51267318551401
H          -14.05863786811249       29.90557217553232       -2.44868021585682
H          -15.23735039162270       29.23755678361330       -3.57959663026126
H          -16.71889925780194       28.69937234072565       -1.81858503040771
H          -16.37621032825306       30.65897877709850        0.22444567440287
H          -17.61361017802547       30.66781125547103       -1.03155046097678
H          -13.87732813485930       30.17863442440300        0.24754026316052
H          -17.41453834730779       26.64541793378396       -2.38990715251084
H          -17.82169226168851       24.01266896259771       -2.30060539650893
H          -13.09541226384700       25.55686895024866        1.80409826835691
H          -16.22317770577651       23.01735206229279       -0.63878291585561
H          -18.60794188112341       37.10400000848617       -1.95604914879219
H          -18.52429310760973       38.10243896601835       -0.49648018883168
H          -19.35165447820849       36.53788151340076       -0.45879782163241
H          -16.14964259546658       35.81774867268292        1.31425297245143
H          -17.91175004921704       35.77598268371892        1.45807964166316
H          -17.05896560712531       37.32747736791040        1.45791236401549
H          -15.08056284391607       36.63290863364831       -0.83315754279188
H          -16.10090091653192       37.15286089014938       -2.18114604682004
H          -15.97360705234525       38.15542761219920       -0.72743071369532
48
 energy: -73.172250271733 gnorm: 0.000136523581 xtb: 6.7.1 (edcfbbe)
C          -17.07174347607526       36.32547046084249        1.04112116888286
C          -17.19912710063897       36.40668486565021       -0.47933645114815
C          -18.51025584128693       37.08628835855263       -0.87442571792491
C          -16.00691253872440       37.13620008305526       -1.09660354036959
O          -17.31794451567902       35.06965201577962       -1.04707670886149
C          -16.34731983482902       34.15638756140179       -0.91104505080257
O          -15.29395084978542       34.31045297007041       -0.31477233236158
N          -16.70108870057997       33.02082468688004       -1.53969542059212
C          -15.88239150409857       31.83553162118466       -1.56013344111216
C          -15.61421368979775       31.30397015132348       -2.97076789908673
C          -15.11748695247912       29.88481373748963       -2.71506349356355
C          -15.93137349642037       29.38212915791838       -1.50145680389320
C          -16.54091170026168       30.64020884172117       -0.85262178605472
N          -15.10536230449831       28.63630410421434       -0.58283436691658
C          -14.11976316971325       29.13473931096136        0.21684563483612
N          -13.50984921271894       28.24078897988332        0.93516224011028
C          -14.10988000416517       27.04758561716873        0.60271024123462
C          -15.11758447954506       27.28831938358718       -0.36148938004188
C          -15.85131086420305       26.20454067075076       -0.84915673659085
C          -16.89370235635503       25.93856700693818       -1.77430756577183
C          -17.11315696656520       24.59178444263219       -1.74239226297995
N          -16.26908503962060       23.99865431907947       -0.85145492218654
C          -15.48197565535758       24.95153476383071       -0.28692749694765
N          -14.53744665136341       24.71221939918300        0.62914749970313
C          -13.85920776382544       25.75201733380426        1.06668579585693
H          -17.60102130395808       33.00138921268274       -1.99599510002590
H          -14.94353859615591       32.11021387818090       -1.06940194476650
H          -16.54859075960194       31.28518812006367       -3.53165988715528
H          -14.88997680873761       31.90733458567201       -3.51222419332328
H          -14.05939240022050       29.90367511191398       -2.44979555138608
H          -15.23926741287488       29.23756171670242       -3.58056559924048
H          -16.71987968263566       28.69901969712170       -1.81912105885721
H          -16.37865416289497       30.65874929060593        0.22341016141886
H          -17.61458908539440       30.66824872908688       -1.03407691165334
H          -13.87910917579056       30.17943229454393        0.24686414243582
H          -17.41459207633121       26.64373874428221       -2.38991378565177
H          -17.82029316423665       24.01063527451720       -2.29989154710340
H          -13.09535910480069       25.55857573471198        1.80480144155923
H          -16.22162638424937       23.01668715601437       -0.63802233535134
H          -18.60686826645746       37.10461800103802       -1.95609576797947
H          -18.52342444993770       38.10287424427427       -0.49640861383510
H          -19.35127539216158       36.53859218581086       -0.45913930606657
H          -16.15013728710393       35.81752926628675        1.31503690708640
H          -17.91231493369628       35.77553155989632        1.45802059190738
H          -17.05969685845151       37.32711330832659        1.45856331911219
H          -15.07990396940062       36.63399208206460       -0.83045634369220
H          -16.09891363164925       37.15216644946167       -2.18012324517630
H          -15.97403042456567       38.15606351681419       -0.72711657467940
48
 energy: -73.172250831410 gnorm: 0.000122371535 xtb: 6.7.1 (edcfbbe)
C          -17.07220012933715       36.32546290310175        1.04154701288872
C          -17.19875135863526       36.40680350769054       -0.47896740541282
C          -18.50956818255376       37.08665770062532       -0.87467427594864
C          -16.00610509103571       37.13627487377176       -1.09542424916963
O          -17.31744361961549       35.06982069600937       -1.04696068875555
C          -16.34706219459310       34.15630957753010       -0.91061950376289
O          -15.29406163859097       34.31002729603225       -0.31361436247457
N          -16.70056735538567       33.02111077256026       -1.54010273858113
C          -15.88249996920151       31.83533742295087       -1.56029060095185
C          -15.61349405564858       31.30418177065314       -2.97093498821403
C          -15.11830115901666       29.88433753702180       -2.71593519004575
C          -15.93240931388191       29.38186287639997       -1.50235567431573
C          -16.54230310634704       30.64002153106650       -0.85397640335237
N          -15.10638365062882       28.63647046632005       -0.58333508801754
C          -14.12095939765502       29.13548411972963        0.21622754276979
N          -13.51065376828680       28.24197555599265        0.93473033020707
C          -14.11022354964768       27.04845443326029        0.60260055124369
C          -15.11802181106711       27.28849422700206       -0.36169710487163
C          -15.85125990942861       26.20416395863156       -0.84891331363325
C          -16.89349210376628       25.93739896376215       -1.77402270754829
C          -17.11224254321602       24.59051199960010       -1.74174846734024
N          -16.26804327506852       23.99810380378976       -0.85041099306957
C          -15.48134713214176       24.95150177847537       -0.28624860224017
N          -14.53678504090252       24.71291889366033        0.62998040400730
C          -13.85899931582654       25.75319332828525        1.06710308345065
H          -17.60035333165543       33.00212465914444       -1.99672130179954
H          -14.94391720552497       32.10927403794234       -1.06864368416682
H          -16.54738189177376       31.28665242753188       -3.53266264490375
H          -14.88822731519141       31.90719319109742       -3.51140175579423
H          -14.06011609567807       29.90191048536270       -2.45097721934337
H          -15.24101110125984       29.23765919632731       -3.58174591934824
H          -16.72070345181902       28.69844808277790       -1.81990721879798
H          -16.38155783312721       30.65822512752639        0.22228731928007
H          -17.61570827330407       30.66846720644499       -1.03699976210157
H          -13.88078205795953       30.18029195527061        0.24594668679042
H          -17.41471063859489       26.64216584288888       -2.38980919414442
H          -17.81903592448705       24.00871886286684       -2.29901030069492
H          -13.09511425485120       25.56039938013206        1.80535056225707
H          -16.22008573810238       23.01606657845954       -0.63740597610401
H          -18.60556898268198       37.10530005916872       -1.95638808407267
H          -18.52276567327359       38.10315252520542       -0.49639554037844
H          -19.35092206443117       36.53902242034439       -0.45998450876570
H          -16.15092488136086       35.81720395006603        1.31598467491263
H          -17.91319968977613       35.77582078288084        1.45796340462145
H          -17.06005590031137       37.32710361742919        1.45901518073800
H          -15.07920668880737       36.63437190132372       -0.82832161758642
H          -16.09718810272818       37.15185597604010       -2.17902887554404
H          -15.97378423171587       38.15629174382188       -0.72630079092093
48
 energy: -73.172251450852 gnorm: 0.000146773608 xtb: 6.7.1 (edcfbbe)
C          -17.07277322736888       36.32553486122151        1.04202801021825
C          -17.19830030407417       36.40681370261780       -0.47857716669116
C          -18.50875880004242       37.08686538866143       -0.87514200242684
C          -16.00516896852754       37.13607675294439       -1.09431252430546
O          -17.31685266626055       35.06985782612573       -1.04668529281539
C          -16.34676261299704       34.15606238615971       -0.90995800545259
O          -15.29424965240821       34.30928450321407       -0.31196955831191
N          -16.70010112908860       33.02124621827780       -1.54021655941480
C          -15.88271441081935       31.83499056707745       -1.56027014356867
C          -15.61286435538729       31.30457003208731       -2.97103989951992
C          -15.11910844002347       29.88405996311448       -2.71676433423447
C          -15.93346499010694       29.38152358985999       -1.50334962674074
C          -16.54396320455136       30.63961253570666       -0.85543246582390
N          -15.10736775366044       28.63669955893607       -0.58390219740969
C          -14.12211282937597       29.13636369748565        0.21547304637738
N          -13.51141929395640       28.24334843034311        0.93424077212938
C          -14.11047939705108       27.04947446247374        0.60247932945958
C          -15.11843142092905       27.28877459213975       -0.36185236934510
C          -15.85118936434883       26.20393684965490       -0.84865687866468
C          -16.89327669916291       25.93639581194641       -1.77370111384086
C          -17.11145510247595       24.58943644992995       -1.74091990430821
N          -16.26703530450120       23.99772903244278       -0.84931088116482
C          -15.48067854623607       24.95161577394439       -0.28557813784804
N          -14.53601678469949       24.71376864361586        0.63073411599933
C          -13.85867929304364       25.75450640384232        1.06745053972368
H          -17.59958102853637       33.00288630162745       -1.99748217736538
H          -14.94442768581205       32.10806376402874       -1.06757457207659
H          -16.54626429988271       31.28832567781246       -3.53361912677937
H          -14.88658350373492       31.90734232082401       -3.51040606869604
H          -14.06084447709830       29.90030532785844       -2.45203534271702
H          -15.24265858688527       29.23805246179083       -3.58295420149475
H          -16.72141152823184       28.69769641376168       -1.82088189736067
H          -16.38497106271988       30.65730443497864        0.22109733381616
H          -17.61705669490444       30.66843545020587       -1.04026222676996
H          -13.88240440841448       30.18128455136382        0.24486609323482
H          -17.41476780811909       26.64075002171565       -2.38972462345060
H          -17.81801818277625       24.00709332262709       -2.29789181733124
H          -13.09468720915708       25.56236809981759        1.80575606075194
H          -16.21842266035184       23.01560202038463       -0.63685907574279
H          -18.60387683048492       37.10596005128828       -1.95692309197608
H          -18.52225401522099       38.10319995320523       -0.49644372054315
H          -19.35046030610648       36.53907200258553       -0.46136790799627
H          -16.15203137471963       35.81663830609996        1.31707789265155
H          -17.91444469162449       35.77660474889313        1.45804433736934
H          -17.06011052160845       37.32724064220144        1.45934164731793
H          -15.07854550891446       36.63390566628799       -0.82676951601658
H          -16.09563045348787       37.15190390022583       -2.17797929962785
H          -15.97282261000509       38.15601653056886       -0.72497545022356
48
 energy: -73.172252165749 gnorm: 0.000164916104 xtb: 6.7.1 (edcfbbe)
C          -17.07341391557640       36.32563099671108        1.04251118486111
C          -17.19777262954133       36.40669022146913       -0.47820478136924
C          -18.50779556405663       37.08694491302711       -0.87586573802514
C          -16.00396476002407       37.13556159639018       -1.09307525199558
O          -17.31627771760646       35.06972644933271       -1.04622842197885
C          -16.34662565495872       34.15554967944144       -0.90887185046258
O          -15.29461434757934       34.30816081665282       -0.30985243160055
N          -16.69985792441442       33.02119999739036       -1.53998286402439
C          -15.88315618752306       31.83449550957878       -1.56011187194818
C          -15.61225092893741       31.30503841387415       -2.97103823582752
C          -15.11991179015974       29.88384326508324       -2.71772995176684
C          -15.93456092653713       29.38114602375320       -1.50454101755781
C          -16.54596390847499       30.63897962372790       -0.85705469585551
N          -15.10832166101070       28.63706839679215       -0.58461406678661
C          -14.12330970499923       29.13749747806992        0.21457520217498
N          -13.51222981925816       28.24505001971419        0.93371922881679
C          -14.11068106722684       27.05076371480763        0.60236860264678
C          -15.11876697664050       27.28923177456814       -0.36203312654767
C          -15.85102936686341       26.20390334961774       -0.84845119321547
C          -16.89310918063470       25.93558726398856       -1.77325885586970
C          -17.11061120482471       24.58852464664063       -1.74004162335663
N          -16.26599008206441       23.99755396010818       -0.84813934389563
C          -15.47992772993954       24.95194633181254       -0.28491095457926
N          -14.53510468129435       24.71486883935695        0.63143152509147
C          -13.85823660020083       25.75607450521856        1.06774917994283
H          -17.59883610345792       33.00366646165008       -1.99827726527623
H          -14.94522779676913       32.10655257380299       -1.06618169450534
H          -16.54511631358341       31.29014951518766       -3.53453350449652
H          -14.88494530711035       31.90769691090167       -3.50913897743961
H          -14.06159536818462       29.89879181452492       -2.45314618245463
H          -15.24421519136095       29.23860616590591       -3.58438870945246
H          -16.72197928881439       28.69674836861602       -1.82213654475927
H          -16.38902864484000       30.65603517030609        0.21979003725581
H          -17.61868520812383       30.66816375458094       -1.04399781481287
H          -13.88412251658084       30.18254100647669        0.24365396208111
H          -17.41495712253258       26.63951247747654       -2.38946246443893
H          -17.81703460029564       24.00570551807430       -2.29669045552624
H          -13.09410241844627       25.56460675702375        1.80608533046118
H          -16.21661732565339       23.01538807950078       -0.63604396248979
H          -18.60171148059793       37.10663831663881       -1.95773757018151
H          -18.52179018979784       38.10304826776659       -0.49658864148765
H          -19.34990780409948       36.53883146715041       -0.46335395706733
H          -16.15345220224838       35.81573332518887        1.31831952247626
H          -17.91601205743708       35.77779464392580        1.45809386358842
H          -17.05985798208400       37.32742066188143        1.45960393272560
H          -15.07779277778375       36.63255846517507       -0.82555700476007
H          -16.09405537431419       37.15213121732140       -2.17675576385759
H          -15.97097259543057       38.15524127777231       -0.72310478145889
48
 energy: -73.172252855799 gnorm: 0.000149052990 xtb: 6.7.1 (edcfbbe)
C          -17.07411797668663       36.32561719846019        1.04302935958257
C          -17.19722178869122       36.40647588790214       -0.47780712543368
C          -18.50669757523887       37.08704487666119       -0.87672548929272
C          -16.00258998268950       37.13468580501890       -1.09183796519864
O          -17.31574579034023       35.06956498682564       -1.04580790828906
C          -16.34658441642756       34.15496143873915       -0.90785425013732
O          -15.29513799654666       34.30679059227441       -0.30763929417796
N          -16.69989887829532       33.02102521022557       -1.53959451213964
C          -15.88381012557045       31.83394191040556       -1.55986328344047
C          -15.61178171972212       31.30563581723119       -2.97099665743743
C          -15.12068733803097       29.88382805057543       -2.71866186019012
C          -15.93559994757309       29.38069114416936       -1.50579569675430
C          -16.54808001906160       30.63815772287244       -0.85875067110492
N          -15.10916739073183       28.63750690982144       -0.58533987176861
C          -14.12452186550084       29.13876436642781        0.21376330716846
N          -13.51297817337340       28.24688082010598        0.93322280293684
C          -14.11084051715486       27.05217626986121        0.60234540608788
C          -15.11901947369279       27.28979342693964       -0.36215689570095
C          -15.85080711438707       26.20402864471271       -0.84826002353928
C          -16.89289046330942       25.93497763600944       -1.77283578492583
C          -17.10986960298801       24.58784204567051       -1.73907149470478
N          -16.26489193794782       23.99753148778570       -0.84710044585735
C          -15.47911425818848       24.95242049056976       -0.28433032784897
N          -14.53409854041244       24.71607592374402        0.63200511762772
C          -13.85774481350282       25.75773033937733        1.06804611405305
H          -17.59827858916335       33.00435702776507       -1.99909965476453
H          -14.94626479402987       32.10501397007641       -1.06466669487203
H          -16.54408604318490       31.29195041344345       -3.53544717927641
H          -14.88352954282285       31.90832909398748       -3.50777742626775
H          -14.06232718185009       29.89766088439562       -2.45420602539864
H          -15.24559857709099       29.23939010678395       -3.58581980594785
H          -16.72235696050532       28.69560960461891       -1.82353742360609
H          -16.39326392266164       30.65452270407326        0.21841047795565
H          -17.62041731127504       30.66757995416554       -1.04785405800138
H          -13.88584030013343       30.18392881951079        0.24252482742665
H          -17.41510324881171       26.63847035867659       -2.38922571608728
H          -17.81623863612607       24.00464959168650       -2.29539381962958
H          -13.09343138244936       25.56686424447445        1.80635484983301
H          -16.21479766581486       23.01542646209330       -0.63490100087426
H          -18.59924588101663       37.10737896372311       -1.95870404920873
H          -18.52122414006932       38.10289585617596       -0.49682241870540
H          -19.34928659605544       36.53858701788414       -0.46564503714714
H          -16.15502262210764       35.81455877554706        1.31959793975110
H          -17.91774782831436       35.77899468835350        1.45812764607105
H          -17.05950740341241       37.32748242047075        1.45991192039936
H          -15.07699010841311       36.63051312107200       -0.82451977730118
H          -16.09240175538197       37.15229560603637       -2.17553352605242
H          -15.96864180313917       38.15399131657534       -0.72095659681639
48
 energy: -73.172253378340 gnorm: 0.000115031868 xtb: 6.7.1 (edcfbbe)
C          -17.07471900926783       36.32543891951930        1.04335952504541
C          -17.19673999869455       36.40624712880020       -0.47756999078290
C          -18.50568503130925       37.08726666075500       -0.87745402391491
C          -16.00131917600578       37.13384592620227       -1.09080072215001
O          -17.31551679820253       35.06937018996386       -1.04548477982166
C          -16.34691603793373       34.15429459070711       -0.90687954195637
O          -15.29576912717835       34.30550926552182       -0.30599661125952
N          -16.70034154916800       33.02069114852510       -1.53912731338281
C          -15.88455495133637       31.83344702897679       -1.55969012978917
C          -15.61154532254234       31.30610798532717       -2.97099524027147
C          -15.12114794160667       29.88389861715648       -2.71944974963305
C          -15.93628342237030       29.38039279078000       -1.50684273434325
C          -16.54987587033780       30.63741314678765       -0.86009962440095
N          -15.10967098946904       28.63794251997509       -0.58597037989638
C          -14.12536247873729       29.13983853107694        0.21312417036228
N          -13.51363231632095       28.24841437196885        0.93301369104160
C          -14.11089808810597       27.05335721770214        0.60233761771664
C          -15.11907667566524       27.29032303922252       -0.36231390669529
C          -15.85053085741649       26.20423927683531       -0.84817350918455
C          -16.89269490070490       25.93463848135039       -1.77248580219796
C          -17.10926650813715       24.58744320853627       -1.73833708393024
N          -16.26397881580474       23.99761752740059       -0.84636993843091
C          -15.47843205017417       24.95290436479987       -0.28392448258250
N          -14.53326592975810       24.71710279858149        0.63239759546669
C          -13.85731010600797       25.75908288127068        1.06825839150647
H          -17.59821525203882       33.00468296280265       -1.99963994664398
H          -14.94735804870626       32.10383417011938       -1.06346143771066
H          -16.54340740625851       31.29330087211567       -3.53620494075666
H          -14.88262798752050       31.90895640617282       -3.50669287693945
H          -14.06277741301192       29.89696763810779       -2.45499597857303
H          -15.24640367993325       29.24007111396028       -3.58701066679134
H          -16.72240249907507       28.69468159951388       -1.82475829404184
H          -16.39673291147298       30.65323205420325        0.21731139564484
H          -17.62191182221611       30.66690508739441       -1.05090894488538
H          -13.88712277015759       30.18510525751243        0.24172159739190
H          -17.41524933294390       26.63778236554281       -2.38898277734589
H          -17.81561198279728       24.00399602811333       -2.29442327664707
H          -13.09293551634726       25.56863971216098        1.80661680007296
H          -16.21346475570880       23.01566233096611       -0.63358571722145
H          -18.59712086638921       37.10812515400039       -1.95951725388039
H          -18.52049641358991       38.10291898076049       -0.49705823150664
H          -19.34874845810992       36.53866979073347       -0.46753188798205
H          -16.15633274551831       35.81344211934932        1.32055403552112
H          -17.91918086508636       35.77976603900795        1.45801314850772
H          -17.05928430877536       37.32733109431210        1.46013513828927
H          -15.07627890238758       36.62857146778983       -0.82362540924391
H          -16.09087385076264       37.15228351892659       -2.17449573527171
H          -15.96642825883035       38.15284662266741       -0.71918416550725
48
 energy: -73.172253776718 gnorm: 0.000079595540 xtb: 6.7.1 (edcfbbe)
C          -17.07516066163553       36.32514610835056        1.04360141565578
C          -17.19643549187281       36.40607255136194       -0.47738304984255
C          -18.50486220103296       37.08767707960651       -0.87795412951557
C          -16.00032280415987       37.13307138900657       -1.08998876867054
O          -17.31552015224212       35.06931290981383       -1.04546481821638
C          -16.34732380272303       34.15388160499310       -0.90656440552163
O          -15.29645240263293       34.30452568776654       -0.30503535305802
N          -16.70098904938605       33.02042683072326       -1.53891594528734
C          -15.88533031091391       31.83311278468052       -1.55960343098340
C          -15.61151354125175       31.30649979952808       -2.97101675328301
C          -15.12140177072864       29.88409992743992       -2.71996115082779
C          -15.93665113231937       29.38011922590699       -1.50760474926268
C          -16.55112862048492       30.63676830552821       -0.86107595763314
N          -15.10989253017697       28.63824338631370       -0.58641239049314
C          -14.12591832329521       29.14059756601555        0.21279293578272
N          -13.51398393142535       28.24946277723014        0.93287951042794
C          -14.11091507807031       27.05418119354158        0.60240966276649
C          -15.11899759518097       27.29069383403101       -0.36243914420508
C          -15.85024315408502       26.20440504516555       -0.84813222919258
C          -16.89245641003215       25.93444182033186       -1.77228165424902
C          -17.10881791346384       24.58721728792714       -1.73782961012259
N          -16.26329747337174       23.99769828458546       -0.84590109097442
C          -15.47792789367425       24.95326381137294       -0.28363293816240
N          -14.53270306048517       24.71782322470392        0.63272842652859
C          -13.85704246346222       25.76002476286065        1.06851870701060
H          -17.59851373005501       33.00482437551592       -2.00011104155665
H          -14.94839735214575       32.10315147377000       -1.06269441402799
H          -16.54303650724367       31.29407446286913       -3.53678899399315
H          -14.88222978364974       31.90957835316368       -3.50596625008649
H          -14.06303719915377       29.89688120027697       -2.45549192374458
H          -15.24673329516513       29.24066516026346       -3.58779860844383
H          -16.72223313626014       28.69389611845733       -1.82571774715912
H          -16.39911827714864       30.65224115527199        0.21650075473042
H          -17.62295679647227       30.66612863211335       -1.05303689533358
H          -13.88799127132484       30.18593858129238        0.24128162695467
H          -17.41524520064156       26.63733838165290       -2.38886598213712
H          -17.81514902357393       24.00360410273032       -2.29376163081331
H          -13.09261709056802       25.56983022656741        1.80688694786221
H          -16.21268728932508       23.01592486365363       -0.63231345290279
H          -18.59554076018821       37.10892481977125       -1.96007642797956
H          -18.51962559257331       38.10319916082915       -0.49722378509422
H          -19.34836990519874       36.53917966477412       -0.46881627267797
H          -16.15725725172208       35.81250306327364        1.32120645391408
H          -17.92018867877675       35.78002922004256        1.45781596862427
H          -17.05923322095976       37.32700278982484        1.46044184792135
H          -15.07572513421754       36.62697042404787       -0.82284020010760
H          -16.08960010165975       37.15208959811246       -2.17368869342589
H          -15.96472563376258       38.15185697691630       -0.71787436819967
48
 energy: -73.172254112903 gnorm: 0.000069699081 xtb: 6.7.1 (edcfbbe)
C          -17.07554678813378       36.32477777385164        1.04371891161568
C          -17.19620136503871       36.40598027380751       -0.47729913615012
C          -18.50414694141346       37.08827613654406       -0.87824979765601
C          -15.99951013066522       37.13246844355748       -1.08939305744373
O          -17.31571602565761       35.06932105190583       -1.04554001546724
C          -16.34794407724606       34.15350914952679       -0.90634198427434
O          -15.29712797796392       34.30377955264323       -0.30462451505608
N          -16.70179880549584       33.02014607549795       -1.53876908531280
C          -15.88605585169587       31.83289621720627       -1.55962761105615
C          -15.61163706824059       31.30677418120233       -2.97111096665545
C          -15.12142239171271       29.88435647808842       -2.72030962152602
C          -15.93676735170255       29.37995734710627       -1.50816964636093
C          -16.55201822797569       30.63627428879051       -0.86176968584570
N          -15.10992913181091       28.63845099394771       -0.58674600619409
C          -14.12620604796366       29.14109363165062        0.21258184673581
N          -13.51423090160274       28.25015536882678        0.93288550009935
C          -14.11087342485079       27.05471472089625        0.60245086174627
C          -15.11887157871694       27.29094131290980       -0.36254740013931
C          -15.84998961524956       26.20449951120827       -0.84810341908423
C          -16.89217646761735       25.93426629006343       -1.77221380082754
C          -17.10849449233296       24.58704263867177       -1.73744766913494
N          -16.26280357903822       23.99772849230979       -0.84555802871557
C          -15.47756890573585       24.95349490258817       -0.28339635379691
N          -14.53233805451632       24.71829753294510        0.63302503344285
C          -13.85684692945368       25.76064494379562        1.06873409257889
H          -17.59911329130406       33.00476275819328       -2.00037399139017
H          -14.94933833345277       32.10283720832850       -1.06225532464471
H          -16.54292920483129       31.29440144610509       -3.53726902332306
H          -14.88221893843952       31.91013147136650       -3.50557068809673
H          -14.06308502907884       29.89716786199885       -2.45574392621363
H          -15.24660875316239       29.24113678604277       -3.58832518662077
H          -16.72191938269667       28.69334758091196       -1.82648812499824
H          -16.40069244263548       30.65154656521416        0.21590568462557
H          -17.62372960744585       30.66537541233351       -1.05442263908536
H          -13.88848649395522       30.18648446967234        0.24099642105694
H          -17.41507106296065       26.63697131655891       -2.38893317816935
H          -17.81478562142149       24.00328979466664       -2.29328537288530
H          -13.09249335488058       25.57062408719068        1.80722473065574
H          -16.21230822256646       23.01612210863458       -0.63117526987813
H          -18.59437147539086       37.10977001055649       -1.96040448250755
H          -18.51858905718989       38.10373680279245       -0.49733824542609
H          -19.34808182854121       36.54009643458883       -0.46956540926586
H          -16.15793475620620       35.81175109560954        1.32157459279453
H          -17.92092568244128       35.77990497706218        1.45753914005166
H          -17.05939368156519       37.32656357125335        1.46071472122748
H          -15.07527546016811       36.62578961434810       -0.82208147692060
H          -16.08846222943246       37.15180926927686       -2.17311271510608
H          -15.96346395829581       38.15113205172898       -0.71698868040763
48
 energy: -73.172254454027 gnorm: 0.000088721110 xtb: 6.7.1 (edcfbbe)
C          -17.07590088802289       36.32434005649107        1.04379533392652
C          -17.19603254355435       36.40593490913124       -0.47724085633965
C          -18.50344282017467       37.08908796073251       -0.87847156410311
C          -15.99875161026530       37.13193312008631       -1.08878336704347
O          -17.31605972388305       35.06941126060707       -1.04576139509998
C          -16.34867357907404       34.15323149527668       -0.90639955420449
O          -15.29792038414320       34.30312353352289       -0.30445691982568
N          -16.70278131254556       33.01988419606411       -1.53873080796354
C          -15.88688705190438       31.83272771625511       -1.55970328880495
C          -15.61189449802784       31.30700685622387       -2.97122637051849
C          -15.12127107151986       29.88468913204463       -2.72057485254858
C          -15.93673702476101       29.37983479610151       -1.50869517635147
C          -16.55276546461104       30.63579150330244       -0.86232838655884
N          -15.10984083048021       28.63858037754589       -0.58711038294778
C          -14.12631600246071       29.14144072513912        0.21232504458588
N          -13.51436219380460       28.25066747652962        0.93285378928214
C          -14.11082356077712       27.05511262369861        0.60249029685617
C          -15.11866683767022       27.29109247984623       -0.36273062038856
C          -15.84970028951693       26.20450554837329       -0.84811363664034
C          -16.89186992849695       25.93403177445473       -1.77218162333309
C          -17.10812961157013       24.58680157286184       -1.73715975164520
N          -16.26242137625711       23.99769860366093       -0.84515075085175
C          -15.47730241719226       24.95364379209696       -0.28308874019334
N          -14.53213852813509       24.71867331345411        0.63346331650546
C          -13.85676154360798       25.76114639846012        1.06905262259941
H          -17.59995060692163       33.00463673282025       -2.00061320464249
H          -14.95035525646472       32.10271028406900       -1.06200134843531
H          -16.54300990349572       31.29448748086068       -3.53767730252723
H          -14.88249446626193       31.91071363561211       -3.50532272613952
H          -14.06299378938101       29.89774627569582       -2.45578267678560
H          -15.24609651812082       29.24159283496486       -3.58873461060529
H          -16.72146866534192       28.69288858190323       -1.82729945779777
H          -16.40191984627931       30.65092986734953        0.21541895667647
H          -17.62439705961399       30.66454654603394       -1.05547412497687
H          -13.88878217890045       30.18687714044861        0.24068802907928
H          -17.41481086305891       26.63656610716355       -2.38905798769812
H          -17.81434475135858       24.00288901516044       -2.29292991286778
H          -13.09245563403643       25.57127846504376        1.80762803715731
H          -16.21217400093559       23.01623756056656       -0.63004363755700
H          -18.59337838363453       37.11076985761106       -1.96064772584863
H          -18.51729211459481       38.10452557572579       -0.49746772526295
H          -19.34785821752174       36.54145628512553       -0.47004807456915
H          -16.15850730251088       35.81104097540752        1.32186807181107
H          -17.92155133782068       35.77954678108549        1.45715353188644
H          -17.05969377599306       37.32601249794786        1.46105279114526
H          -15.07484807550862       36.62481173383419       -0.82118128296777
H          -16.08729429195202       37.15139589905892       -2.17251946081885
H          -15.96237186772938       38.15054864852652       -0.71628051565446
48
 energy: -73.172254824007 gnorm: 0.000094324926 xtb: 6.7.1 (edcfbbe)
C          -17.07635171856260       36.32379847681685        1.04387643579957
C          -17.19584181148853       36.40593480635502       -0.47718004777928
C          -18.50262395229775       37.09013852609270       -0.87864991584377
C          -15.99789274382284       37.13134018101453       -1.08813193717700
O          -17.31651028000633       35.06958705878080       -1.04605696383093
C          -16.34960125132850       34.15294741537931       -0.90647345109402
O          -15.29884202204988       34.30246998031003       -0.30444454043607
N          -16.70397608288976       33.01962224639933       -1.53872189767800
C          -15.88784407166101       31.83261587087574       -1.55986931929348
C          -15.61229292682603       31.30727799438133       -2.97142621258596
C          -15.12103410444413       29.88517293354877       -2.72081603714174
C          -15.93663427677329       29.37967755108959       -1.50929313740456
C          -16.55345378205678       30.63527301032383       -0.86295021706180
N          -15.10973649199690       28.63864621486931       -0.58751511260393
C          -14.12642003511235       29.14174524910034        0.21203758460538
N          -13.51447531418169       28.25115080292828        0.93279108992510
C          -14.11077378303721       27.05548027978957        0.60253518245998
C          -15.11850505849235       27.29119596121231       -0.36286579779235
C          -15.84942270776276       26.20443640867624       -0.84806291237373
C          -16.89142584913401       25.93367153357901       -1.77224465001332
C          -17.10773854314489       24.58646343894922       -1.73680083198465
N          -16.26206101323115       23.99760675767572       -0.84458437527219
C          -15.47705800691187       24.95373664189022       -0.28266219677753
N          -14.53200291355526       24.71902998753136        0.63406875875010
C          -13.85669960330405       25.76164107298655        1.06945046553633
H          -17.60102032774570       33.00449429308797       -2.00084390971114
H          -14.95149840025914       32.10271389020045       -1.06187582187601
H          -16.54325678893320       31.29432156827413       -3.53811375168021
H          -14.88306832790535       31.91143993428301       -3.50525767126132
H          -14.06284895086166       29.89878850647355       -2.45569904368783
H          -15.24523243521540       29.24213203080582       -3.58910518858018
H          -16.72093677250552       28.69241917364412       -1.82827925150396
H          -16.40296841264551       30.65029624853583        0.21484766174564
H          -17.62503133457416       30.66354478839100       -1.05645395898479
H          -13.88901015897612       30.18721574318778        0.24024527818934
H          -17.41429025671820       26.63601175719748       -2.38941156284711
H          -17.81384683529402       24.00235390917378       -2.29249969614257
H          -13.09253430460574       25.57199061121005        1.80823084681979
H          -16.21209254579805       23.01625991836555       -0.62888888437352
H          -18.59232793576587       37.11194053061344       -1.96084106755446
H          -18.51564859051630       38.10559007429992       -0.49763377374320
H          -19.34760897345623       36.54326210662023       -0.47039115970447
H          -16.15916502699169       35.81024126986829        1.32214150558968
H          -17.92226222913610       35.77899605778799        1.45669275817328
H          -17.06014614490291       37.32532012146498        1.46148973603394
H          -15.07435490560893       36.62379144212546       -0.82008747892888
H          -16.08589866383655       37.15089243427170       -2.17191218980807
H          -15.96123333356888       38.14992319353764       -0.71556333810177
48
 energy: -73.172255177435 gnorm: 0.000083272672 xtb: 6.7.1 (edcfbbe)
C          -17.07681205915046       36.32321263619806        1.04398267539287
C          -17.19564044420418       36.40591869290559       -0.47709260101024
C          -18.50174720239260       37.09124293815567       -0.87883638511576
C          -15.99699998449944       37.13074782384717       -1.08737574439915
O          -17.31694814412715       35.06977570223162       -1.04639836679527
C          -16.35050525235396       34.15267026824350       -0.90665794447182
O          -15.29979419270105       34.30176414637130       -0.30442132661667
N          -16.70520676013978       33.01935303521333       -1.53876083681567
C          -15.88886260610565       31.83248064375439       -1.56009091462233
C          -15.61285754033219       31.30748232119877       -2.97168583791846
C          -15.12068603806503       29.88568770848521       -2.72107937522988
C          -15.93650114720381       29.37959052306408       -1.50995084069887
C          -16.55417037694366       30.63476395858165       -0.86352685483056
N          -15.10961821604726       28.63870368445000       -0.58803289531550
C          -14.12647358667872       29.14204682111634        0.21158835619784
N          -13.51462946525543       28.25167325941612        0.93269344482558
C          -14.11079481186867       27.05588778460990        0.60261456513256
C          -15.11834081005201       27.29129459378960       -0.36306469101791
C          -15.84912687794013       26.20433774862545       -0.84803285495188
C          -16.89095653726550       25.93324396983835       -1.77231317695418
C          -17.10723724736508       24.58604339054200       -1.73648280907024
N          -16.26173632714749       23.99750371662389       -0.84387419435077
C          -15.47687295358656       24.95383528491936       -0.28211387379930
N          -14.53199229367242       24.71944274891834        0.63487511242007
C          -13.85677905207796       25.76221386839220        1.07001682814019
H          -17.60212737123057       33.00437472598261       -2.00111987924395
H          -14.95265540808678       32.10271634717591       -1.06189940715614
H          -16.54373923769514       31.29399599124248       -3.53850180369371
H          -14.88393133186744       31.91214501658877       -3.50535647209526
H          -14.06262522836154       29.90000968957799       -2.45548785211965
H          -15.24406025879774       29.24265742376541       -3.58949625454541
H          -16.72037045915114       28.69205406722177       -1.82939543510311
H          -16.40393705046147       30.64969109436218        0.21430899235263
H          -17.62571492135926       30.66255755869181       -1.05729450480922
H          -13.88919761502881       30.18755230561232        0.23963219851333
H          -17.41369793564331       26.63537172755200       -2.38982388536759
H          -17.81318694252139       24.00169717782967       -2.29213416673934
H          -13.09271848850610       25.57282120110546        1.80896869880449
H          -16.21197316288597       23.01622762081664       -0.62780670747054
H          -18.59125009603316       37.11309445755111       -1.96104261879146
H          -18.51388261977782       38.10673340885370       -0.49787365611195
H          -19.34731573670597       36.54519780830508       -0.47067884518431
H          -16.15984503603562       35.80938467848303        1.32247364289200
H          -17.92301355723991       35.77840066030587        1.45619693970651
H          -17.06063231559994       37.32457523670720        1.46197612417143
H          -15.07384904295844       36.62274732316568       -0.81886240277456
H          -16.08442758046611       37.15036931811674       -2.17120618467230
H          -15.96005867630326       38.14930789547078       -0.71475597769218
48
 energy: -73.172255471667 gnorm: 0.000062812320 xtb: 6.7.1 (edcfbbe)
C          -17.07723576165217       36.32270530214564        1.04410808172360
C          -17.19542092265423       36.40592028391947       -0.47698919709631
C          -18.50096394619684       37.09213867814136       -0.87902851958780
C          -15.99614052250281       37.13025615906354       -1.08660904111662
O          -17.31727446530039       35.06995803041031       -1.04664278883468
C          -16.35126966895229       34.15242072159545       -0.90672047603330
O          -15.30058799787870       34.30112449864787       -0.30432869958560
N          -16.70624859403891       33.01917363427295       -1.53880538883425
C          -15.88976032369803       31.83239884251843       -1.56039294914677
C          -15.61345125685644       31.30767858112264       -2.97202089739209
C          -15.12044320045930       29.88618657245538       -2.72133640872919
C          -15.93642051971895       29.37946448172644       -1.51059528039758
C          -16.55471673936632       30.63432944117490       -0.86411354113890
N          -15.10957676793574       28.63871790123934       -0.58852980585653
C          -14.12660365536047       29.14233285924058        0.21114113624275
N          -13.51483994524642       28.25219770101295        0.93259908196264
C          -14.11088669988837       27.05629362702863        0.60274038342548
C          -15.11828298996373       27.29137273482950       -0.36318084360007
C          -15.84890072771247       26.20422022790675       -0.84795514277284
C          -16.89049495346592       25.93278945017042       -1.77240150910444
C          -17.10670897592825       24.58558894914268       -1.73620372095697
N          -16.26144480288218       23.99738695452921       -0.84314433714360
C          -15.47672711695958       24.95391438620367       -0.28153804184589
N          -14.53203493661779       24.71985304334313        0.63573005803718
C          -13.85691575725215       25.76278972444039        1.07062196207220
H          -17.60304063792573       33.00439712651919       -2.00140970528340
H          -14.95363148101495       32.10269060173386       -1.06208429125404
H          -16.54432972341072       31.29360122220574       -3.53882224338531
H          -14.88489552996249       31.91280367655326       -3.50567788751720
H          -14.06251082005744       29.90124052699653       -2.45527311624533
H          -15.24298762120886       29.24309978838811       -3.58982961810685
H          -16.71994419094426       28.69172895133385       -1.83047114442885
H          -16.40463468442353       30.64916940760050        0.21374490511228
H          -17.62623976746758       30.66171589868715       -1.05803020083032
H          -13.88940654430232       30.18786324408543        0.23894134641624
H          -17.41308869891183       26.63471150954448       -2.39026840283359
H          -17.81248748356455       24.00100660202607       -2.29182275606991
H          -13.09300728435983       25.57368992501175        1.80980555955531
H          -16.21171532757287       23.01613236718199       -0.62697531046815
H          -18.59025477459040       37.11397606435282       -1.96125215507910
H          -18.51235152581488       38.10767641863452       -0.49816771891154
H          -19.34704343229927       36.54682368577313       -0.47095492788072
H          -16.16050703187065       35.80858805595268        1.32284403894999
H          -17.92373343477332       35.77794351174467        1.45578176651878
H          -17.06103357825850       37.32392800656337        1.46242986174738
H          -15.07333769572368       36.62184136254243       -0.81770872885419
H          -16.08304053862452       37.14997895329248       -2.17047782937288
H          -15.95892694432240       38.14878031097043       -0.71392555507464
48
 energy: -73.172255700567 gnorm: 0.000048842511 xtb: 6.7.1 (edcfbbe)
C          -17.07760205724577       36.32235988227004        1.04427914466226
C          -17.19520157897499       36.40588704906593       -0.47684690316413
C          -18.50031773714553       37.09271509035468       -0.87921984235786
C          -15.99546008486943       37.12988643310127       -1.08595051347041
O          -17.31735859163732       35.07006950585615       -1.04678668492619
C          -16.35167224186448       34.15221579671492       -0.90674720474239
O          -15.30105758724243       34.30058212615962       -0.30415474239592
N          -16.70688521567499       33.01905024586116       -1.53885118065335
C          -15.89037496223376       31.83229904699936       -1.56065987736196
C          -15.61400507711218       31.30775162135318       -2.97233699057161
C          -15.12032761426521       29.88651289483481       -2.72161997759596
C          -15.93643864441487       29.37941807015536       -1.51112238088298
C          -16.55518444966765       30.63404318840510       -0.86455354840650
N          -15.10962475109173       28.63876606786603       -0.58895795237258
C          -14.12679775504348       29.14262757964151        0.21074384412936
N          -13.51509442723639       28.25270809702261        0.93251088025910
C          -14.11105512824186       27.05670011599816        0.60289087326470
C          -15.11832203146102       27.29147860741624       -0.36324666773564
C          -15.84875834271758       26.20414116071664       -0.84787881272627
C          -16.89010237446415       25.93239244976452       -1.77251044015923
C          -17.10623578808043       24.58519009664703       -1.73598768476773
N          -16.26116258049581       23.99729359169948       -0.84254630528451
C          -15.47660740424915       24.95400432598737       -0.28105483054648
N          -14.53209279166144       24.72024829387603        0.63647237432554
C          -13.85710867018602       25.76334522943997        1.07118776934960
H          -17.60356247927669       33.00450224643642       -2.00168324313971
H          -14.95424720406070       32.10257785080895       -1.06233002485229
H          -16.54492975526296       31.29320783139904       -3.53905168662412
H          -14.88577006854489       31.91318569360806       -3.50607560407393
H          -14.06248675615233       29.90217267521388       -2.45521946778692
H          -15.24223383638409       29.24339151359217       -3.59017758503160
H          -16.71973317087501       28.69155421450491       -1.83128888068856
H          -16.40517947128417       30.64881975402903        0.21331696733435
H          -17.62670017177394       30.66117470510459       -1.05855506638825
H          -13.88965531426221       30.18817549327084        0.23831629504164
H          -17.41256942743053       26.63412717166350       -2.39069411265755
H          -17.81185146687325       24.00040250780945       -2.29159648110748
H          -13.09331932119065       25.57451342079662        1.81056426677983
H          -16.21130363438216       23.01603329541524       -0.62642829936536
H          -18.58937463398012       37.11447222717902       -1.96146386718416
H          -18.51128573476260       38.10830352878038       -0.49847130339583
H          -19.34674523812307       36.54785795142350       -0.47126100621425
H          -16.16108933721644       35.80797493741762        1.32323007380598
H          -17.92437384341654       35.77769875091606        1.45553429453458
H          -17.06132323248373       37.32349631968754        1.46281131093199
H          -15.07293259576403       36.62113152362773       -0.81675150347027
H          -16.08192800108300       37.14978991772871       -2.16986654445345
H          -15.95805741803220       38.14834990635563       -0.71311087686908
48
 energy: -73.172255879825 gnorm: 0.000043234441 xtb: 6.7.1 (edcfbbe)
C          -17.07785105098247       36.32214657999307        1.04442581421951
C          -17.19500917864564       36.40587042573878       -0.47672361517368
C          -18.49987890194052       37.09297722442538       -0.87942102420832
C          -15.99492065279627       37.12968005993268       -1.08536632717525
O          -17.31730229621194       35.07014047235614       -1.04681841286951
C          -16.35183658152095       34.15207357998675       -0.90667211057442
O          -15.30128500033508       34.30018506157526       -0.30390617374712
N          -16.70719677897695       33.01902162253737       -1.53889900861593
C          -15.89075563194900       31.83223662725020       -1.56092355963424
C          -15.61445524168133       31.30779727905745       -2.97264326304097
C          -15.12039419864272       29.88669916294747       -2.72186451856559
C          -15.93654332046156       29.37935040159515       -1.51150991981429
C          -16.55548538307796       30.63388086964324       -0.86492181714800
N          -15.10971939152171       28.63880070557571       -0.58928046432350
C          -14.12701503675787       29.14288268656383        0.21043785187441
N          -13.51537687640596       28.25315517461551        0.93249268280507
C          -14.11123725025883       27.05705134245619        0.60304822938182
C          -15.11838904915458       27.29156781175077       -0.36327658820981
C          -15.84865655183338       26.20408266715724       -0.84781926037730
C          -16.88981108256526       25.93207810311154       -1.77258169983637
C          -17.10580098969874       24.58485717902171       -1.73588101023925
N          -16.26089743756448       23.99721552958204       -0.84210791234629
C          -15.47650328399351       24.95408498206253       -0.28068314661946
N          -14.53213631997173       24.72058369669020        0.63705995927296
C          -13.85729252762286       25.76381555526530        1.07166304509064
H          -17.60377084180288       33.00470860757550       -2.00193392773745
H          -14.95458331678872       32.10240823709083       -1.06261797838543
H          -16.54547238668860       31.29298572794054       -3.53919940271469
H          -14.88646002684762       31.91340887293395       -3.50650651851313
H          -14.06260538625763       29.90268478416127       -2.45526700633100
H          -15.24194314771955       29.24352463974229       -3.59043063683240
H          -16.71971737755623       28.69141585953796       -1.83182932718251
H          -16.40553268116233       30.64861032727307        0.21295647290477
H          -17.62699189697683       30.66091821409752       -1.05897370048170
H          -13.88992458091374       30.18844709736357        0.23782134567987
H          -17.41221091587656       26.63366438956631       -2.39098794350187
H          -17.81126611146655       23.99990693163298       -2.29150948481594
H          -13.09360857143876       25.57520669729981        1.81120526584604
H          -16.21083544485574       23.01594895745643       -0.62606518981614
H          -18.58868626685760       37.11466245404818       -1.96168809127768
H          -18.51068324519987       38.10859670009701       -0.49875985212412
H          -19.34652646941074       36.54835404707400       -0.47160540540809
H          -16.16153296512189       35.80752937104023        1.32359903428821
H          -17.92486605950900       35.77763771640821        1.45538195348950
H          -17.06147740045469       37.32323716877128        1.46306223065622
H          -15.07258152372180       36.62066887427623       -0.81600192340998
H          -16.08109241187014       37.14975653814027       -2.16930175678018
H          -15.95738095682414       38.14808298955710       -0.71237590668298
48
 energy: -73.172256047384 gnorm: 0.000041322896 xtb: 6.7.1 (edcfbbe)
C          -17.07808429531537       36.32200582780243        1.04460649126911
C          -17.19481134806659       36.40582849964230       -0.47657166641275
C          -18.49950821735363       37.09306473343743       -0.87960803626997
C          -15.99448918347552       37.12957057335047       -1.08483152090239
O          -17.31710565047835       35.07016587296211       -1.04679997655195
C          -16.35179622915646       34.15195158198949       -0.90657140454630
O          -15.30134657761177       34.29982488527700       -0.30357205225031
N          -16.70724483130192       33.01904113357983       -1.53899814213542
C          -15.89095927150645       31.83216496533854       -1.56118809261644
C          -15.61483970215127       31.30774240536459       -2.97294385499961
C          -15.12060308451023       29.88671217990123       -2.72217785435225
C          -15.93672335113598       29.37932440043085       -1.51181417858639
C          -16.55574357756590       30.63381963670786       -0.86522151745654
N          -15.10986962061035       28.63887966962969       -0.58953304788132
C          -14.12730238051991       29.14316904678231        0.21022325149205
N          -13.51569271031578       28.25361094987224        0.93250801269995
C          -14.11145772562162       27.05741687949786        0.60323022061290
C          -15.11850482920193       27.29169335553621       -0.36326399295938
C          -15.84858615601164       26.20406266258657       -0.84775604661567
C          -16.88952941691197       25.93180436752521       -1.77267980245916
C          -17.10537779196106       24.58456477621375       -1.73581703142028
N          -16.26060089183721       23.99715429583832       -0.84177932883036
C          -15.47639050423919       24.95418467441799       -0.28037755144974
N          -14.53216667163335       24.72092017091779        0.63757318250168
C          -13.85748832879642       25.76428440604582        1.07211316488980
H          -17.60371767829402       33.00498333493223       -2.00223598464240
H          -14.95470273465724       32.10217875624490       -1.06295259607096
H          -16.54595838879206       31.29278345579044       -3.53932829691766
H          -14.88700796680662       31.91340223522089       -3.50697222077924
H          -14.06282886535141       29.90288465084121       -2.45553619669465
H          -15.24201522365009       29.24350643784659       -3.59074100562040
H          -16.71985169436020       28.69133781407785       -1.83213633700453
H          -16.40585606029442       30.64853795820633        0.21266752180256
H          -17.62723638590105       30.66085748215280       -1.05934600071437
H          -13.89025169174717       30.18874588177046        0.23742600700745
H          -17.41188122871153       26.63324808153666       -2.39128789516523
H          -17.81069056886816       23.99946387951534       -2.29147783359911
H          -13.09391449279576       25.57588030605304        1.81182147422946
H          -16.21028971960629       23.01588764471054       -0.62579582201773
H          -18.58803967022868       37.11469322988228       -1.96190031024896
H          -18.51033184782029       38.10870284711856       -0.49900163550610
H          -19.34629731151011       36.54851887031776       -0.47198523179281
H          -16.16195336592624       35.80716172421732        1.32397247933223
H          -17.92532309330041       35.77767045636849        1.45533027051499
H          -17.06157501327645       37.32307091467725        1.46330400378438
H          -15.07229694514732       36.62037127088282       -0.81533342563249
H          -16.08038826463742       37.14985130933979       -2.16878454231566
H          -15.95686944092012       38.14789951162454       -0.71165564572365
48
 energy: -73.172256211800 gnorm: 0.000044276537 xtb: 6.7.1 (edcfbbe)
C          -17.07827505548886       36.32187230419473        1.04479977040614
C          -17.19462908706461       36.40577972448182       -0.47640125514554
C          -18.49921663312795       37.09303331772353       -0.87977079182314
C          -15.99411710007100       37.12950821783694       -1.08429148652710
O          -17.31681295771953       35.07017377486382       -1.04675530328450
C          -16.35161383114481       34.15185552412313       -0.90645254789412
O          -15.30130141997186       34.29950819887281       -0.30316736187733
N          -16.70706107873844       33.01912414629570       -1.53920340769217
C          -15.89099932294844       31.83210869258779       -1.56150252299373
C          -15.61517883889076       31.30763238723043       -2.97329065780458
C          -15.12095946967908       29.88659695703401       -2.72250094559925
C          -15.93699094064207       29.37929726435188       -1.51203721804197
C          -16.55595974463821       30.63386103440939       -0.86553108587455
N          -15.11005336030420       28.63898537780557       -0.58972749493805
C          -14.12761920841116       29.14347345898126        0.21006492011322
N          -13.51606269428615       28.25408333436558        0.93260078621426
C          -14.11170083012497       27.05779621987628        0.60344265264951
C          -15.11862275111702       27.29183685963263       -0.36324027628755
C          -15.84850709273727       26.20406583892178       -0.84770940897447
C          -16.88924523298257       25.93156804168023       -1.77278846813988
C          -17.10491350454493       24.58430289397973       -1.73581847879804
N          -16.26027500975029       23.99711601906784       -0.84151038527344
C          -15.47627035899372       24.95430533196942       -0.28009764974857
N          -14.53219988792656       24.72126818409912        0.63806750922262
C          -13.85770522447409       25.76476183673164        1.07257656545583
H          -17.60343606738247       33.00532825445112       -2.00264163610619
H          -14.95463041092150       32.10191584893159       -1.06335943787834
H          -16.54641413112345       31.29267942192084       -3.53949011637155
H          -14.88742329465516       31.91322390984896       -3.50749417117683
H          -14.06315603078209       29.90274060039426       -2.45596246447477
H          -15.24247974316047       29.24336044573800       -3.59102193154937
H          -16.72013910866476       28.69126686915037       -1.83222707134469
H          -16.40615474804137       30.64860127156898        0.21236709321868
H          -17.62743591975658       30.66099144938842       -1.05974697430473
H          -13.89063524661039       30.18906842137842        0.23712653416146
H          -17.41156012323313       26.63287446552745       -2.39158172627506
H          -17.81005123909889       23.99905355883022       -2.29154604111038
H          -13.09424498863718       25.57655001269877        1.81244952536165
H          -16.20972746875236       23.01586189284432       -0.62552552836924
H          -18.58745562113721       37.11464395106118       -1.96208811396783
H          -18.51016453991029       38.10867067915157       -0.49916776831730
H          -19.34609990383194       36.54845862796754       -0.47238218498514
H          -16.16232218289840       35.80680634409479        1.32435672054977
H          -17.92573693731772       35.77772136153091        1.45530903659565
H          -17.06162894608526       37.32292241100062        1.46353165358821
H          -15.07201965419956       36.62018928888826       -0.81466929812184
H          -16.07978343287034       37.14998614526618       -2.16826499548402
H          -15.95650962504386       38.14776983122613       -0.71092655998732
48
 energy: -73.172256396944 gnorm: 0.000048218558 xtb: 6.7.1 (edcfbbe)
C          -17.07850441900752       36.32168691711672        1.04503076780207
C          -17.19440708672323       36.40570243387978       -0.47619938394843
C          -18.49890447906984       37.09292328885887       -0.87991542009157
C          -15.99372646743305       37.12951900417851       -1.08365629216992
O          -17.31645645447190       35.07016560232679       -1.04671858655299
C          -16.35135499585624       34.15175572355542       -0.90634667653467
O          -15.30122824645611       34.29914893894284       -0.30267556849514
N          -16.70673664056117       33.01926610297407       -1.53956108187227
C          -15.89098450053083       31.83204794869861       -1.56192205931285
C          -15.61547177469556       31.30744901565858       -2.97371444278387
C          -15.12150421224770       29.88631765939004       -2.72294696884325
C          -15.93734281544042       29.37927051828678       -1.51224158567266
C          -16.55615387663483       30.63397146176587       -0.86586417525800
N          -15.11029722591239       28.63914436505504       -0.58987868777724
C          -14.12804300540728       29.14385969245121        0.20998843048616
N          -13.51649649621964       28.25464360742822        0.93274503744722
C          -14.11198460279716       27.05825029819162        0.60370909375358
C          -15.11877920737390       27.29203517837416       -0.36316585147898
C          -15.84841696468892       26.20410415730531       -0.84764177019971
C          -16.88887752723726       25.93132955238526       -1.77294877451579
C          -17.10437009499335       24.58403998880596       -1.73584172726925
N          -16.25987156335216       23.99709543616214       -0.84124612325474
C          -15.47612703267530       24.95447033588426       -0.27978707285361
N          -14.53223344616753       24.72168341671864        0.63862227285128
C          -13.85794672240753       25.76532018292304        1.07310504888972
H          -17.60300406205960       33.00576095603748       -2.00321376768018
H          -14.95448582804189       32.10159449600395       -1.06389179671546
H          -16.54682887946910       31.29263217925464       -3.53971049537994
H          -14.88771752503519       31.91286507925700       -3.50811742020362
H          -14.06364408694197       29.90226832569603       -2.45663243096057
H          -15.24333926632435       29.24303801907930       -3.59139514982752
H          -16.72056165833666       28.69119324644816       -1.83215927737912
H          -16.40646935104729       30.64878596735224        0.21205180428116
H          -17.62759945011516       30.66128056005659       -1.06021223356442
H          -13.89112633206127       30.18947256409414        0.23688430476903
H          -17.41112098167523       26.63247612170880       -2.39198298350674
H          -17.80929072948073       23.99862159622466       -2.29166514442939
H          -13.09462777975215       25.57731860017710        1.81317649000932
H          -16.20910657874933       23.01586945936145       -0.62518606536424
H          -18.58680162966682       37.11458586550494       -1.96226090118489
H          -18.51003820683239       38.10853395280681       -0.49925892652527
H          -19.34588162473867       36.54826712656735       -0.47282947187199
H          -16.16274336081148       35.80639753600990        1.32479873942460
H          -17.92619561979641       35.77772548507717        1.45531405852185
H          -17.06171938971471       37.32271335985386        1.46381371176474
H          -15.07172800509258       36.62011514570985       -0.81387707722021
H          -16.07909304767319       37.15016212389762       -2.16764220119363
H          -15.95615674811590       38.14772141047916       -0.71013216711419
48
 energy: -73.172256593121 gnorm: 0.000046806657 xtb: 6.7.1 (edcfbbe)
C          -17.07873078698967       36.32142426190976        1.04527592462936
C          -17.19420950728944       36.40559991365011       -0.47597651373475
C          -18.49860388009994       37.09282681343265       -0.88003084068191
C          -15.99333264548098       37.12947636677897       -1.08296748159765
O          -17.31606088020783       35.07015062703228       -1.04672141429108
C          -16.35104267502442       34.15165998026727       -0.90628596150780
O          -15.30112174205615       34.29880418506541       -0.30220789756414
N          -16.70627787256752       33.01944048649207       -1.54006764873248
C          -15.89085070111144       31.83200660250616       -1.56240221842667
C          -15.61574079985289       31.30720574872148       -2.97419543868709
C          -15.12216755918241       29.88593760889911       -2.72340013397607
C          -15.93779043081140       29.37925893708112       -1.51238416568750
C          -16.55636773242768       30.63417856545279       -0.86623565036771
N          -15.11058367490292       28.63935258181183       -0.58998347614895
C          -14.12850622595000       29.14430231374928        0.20995114711029
N          -13.51698528496753       28.25526930686003        0.93295759380685
C          -14.11228353161656       27.05875599107851        0.60401228051269
C          -15.11892388201754       27.29227222502492       -0.36308776946536
C          -15.84829003471490       26.20416949327850       -0.84758993057612
C          -16.88846619114361       25.93110935125318       -1.77313213286459
C          -17.10374644272490       24.58378570009988       -1.73592255001603
N          -16.25942727294825       23.99709691107629       -0.84099163472436
C          -15.47596812210338       24.95466922261422       -0.27946282136346
N          -14.53226744403232       24.72214418488810        0.63921285966689
C          -13.85819880030394       25.76593089458524        1.07367662563261
H          -17.60245407738175       33.00619455346960       -2.00391264632302
H          -14.95421460570647       32.10130216742684       -1.06448626204098
H          -16.54719726924897       31.29262014576731       -3.54004191152412
H          -14.88788881277965       31.91234330791834       -3.50877643026335
H          -14.06420803647102       29.90155420020545       -2.45745615791181
H          -15.24451615632295       29.24262459067547       -3.59174781388317
H          -16.72112927158341       28.69113185310597       -1.83190984262995
H          -16.40678938629683       30.64910048022544        0.21169030339566
H          -17.62779040667485       30.66168639705501       -1.06070361144430
H          -13.89169858655674       30.18994314831907        0.23671893540470
H          -17.41063341668703       26.63209104918214       -2.39241764589251
H          -17.80842091754036       23.99818672030461       -2.29186735487229
H          -13.09501880880379       25.57813990966234        1.81394484922843
H          -16.20851640365754       23.01591456775995       -0.62476792196207
H          -18.58614059519201       37.11460955193681       -1.96240385221247
H          -18.50994464787066       38.10838819660906       -0.49924745857403
H          -19.34567261620396       36.54804442912675       -0.47330488965654
H          -16.16315989942305       35.80590675708887        1.32525424486371
H          -17.92665511256602       35.77762019498629        1.45527881442953
H          -17.06183757329603       37.32241574437734        1.46414579464994
H          -15.07140876207710       36.62003684189914       -0.81298018085073
H          -16.07837611301532       37.15029760023549       -2.16697749833509
H          -15.95588440400975       38.14761932302945       -0.70927221354605
48
 energy: -73.172256795441 gnorm: 0.000044715280 xtb: 6.7.1 (edcfbbe)
C          -17.07897405061439       36.32103983352554        1.04551316980243
C          -17.19400126046499       36.40547555339854       -0.47575877962854
C          -18.49829011132213       37.09274486588480       -0.88008399126171
C          -15.99294598570509       37.12945677728359       -1.08227090012077
O          -17.31570324402434       35.07014234944518       -1.04679290066903
C          -16.35075067745138       34.15157947861695       -0.90634794836938
O          -15.30105005253551       34.29845446442688       -0.30182088046593
N          -16.70580722635201       33.01964647489575       -1.54074145368770
C          -15.89072522026910       31.83197327463466       -1.56295500368983
C          -15.61592601165317       31.30691112606600       -2.97470414893727
C          -15.12289595984817       29.88544604541059       -2.72386781165530
C          -15.93826734151187       29.37926098929873       -1.51246877268527
C          -16.55656034090554       30.63444289379824       -0.86658457061838
N          -15.11089822543551       28.63959992900935       -0.59000922807893
C          -14.12901326973894       29.14478110335827        0.21001288162877
N          -13.51748545166675       28.25591888243678        0.93322500147914
C          -14.11257025767454       27.05928363976991        0.60433487646417
C          -15.11906966741065       27.29254196574574       -0.36297046752457
C          -15.84815304534449       26.20427131670764       -0.84752347530990
C          -16.88801564731848       25.93093527643603       -1.77333616799381
C          -17.10311969548672       24.58358849283657       -1.73599911819580
N          -16.25895366895619       23.99713528536117       -0.84076959798288
C          -15.47579224579824       24.95489906386251       -0.27914516875603
N          -14.53227478502368       24.72262562393079        0.63978225200309
C          -13.85842456532331       25.76655657136831        1.07423694172119
H          -17.60191391419165       33.00661365379116       -2.00472782550968
H          -14.95397277931635       32.10103978353508       -1.06514212702860
H          -16.54745296283420       31.29268139049117       -3.54044260706611
H          -14.88788689301419       31.91170153601578       -3.50942058448926
H          -14.06482863910567       29.90057956317016       -2.45832921256967
H          -15.24588318544788       29.24207887559029       -3.59208464400163
H          -16.72174679954264       28.69107892996055       -1.83153200240217
H          -16.40709425333963       30.64953665492091        0.21135636471502
H          -17.62795373974803       30.66220972201654       -1.06117786919962
H          -13.89233236231734       30.19045256263889        0.23667842447972
H          -17.41007397128734       26.63175312718360       -2.39290010577457
H          -17.80753534669159       23.99781118342770       -2.29208480130736
H          -13.09537741407601       25.57896249888846        1.81469065225814
H          -16.20796800714474       23.01600197084057       -0.62433784288756
H          -18.58546864658717       37.11475735823170       -1.96248212259847
H          -18.50980261185221       38.10822134128686       -0.49908099369924
H          -19.34547089980672       36.54783148570742       -0.47376220044759
H          -16.16356392758824       35.80532572036568        1.32566168499660
H          -17.92710697494698       35.77733134150895        1.45521421182578
H          -17.06201337317436       37.32197171135942        1.46452279976216
H          -15.07110707718571       36.61997750096728       -0.81205150597273
H          -16.07764781211391       37.15041897257624       -2.16630550553841
H          -15.95563040074507       38.14755184199299       -0.70841692401809
48
 energy: -73.172257003958 gnorm: 0.000043236815 xtb: 6.7.1 (edcfbbe)
C          -17.07920838833448       36.32053974487122        1.04572361697013
C          -17.19381787626206       36.40532208067303       -0.47556146181170
C          -18.49797146411646       37.09273129156717       -0.88008926955707
C          -15.99256821165744       37.12941046191668       -1.08156492553815
O          -17.31540714403201       35.07013100124409       -1.04695361285500
C          -16.35051529284366       34.15149960961939       -0.90652034875374
O          -15.30102096403490       34.29812083916212       -0.30157830382202
N          -16.70535058859693       33.01985491126061       -1.54154756615644
C          -15.89057699018676       31.83196373514260       -1.56353927404426
C          -15.61604420310422       31.30657469534261       -2.97521587008813
C          -15.12365405327784       29.88489574933653       -2.72430190493147
C          -15.93877554118446       29.37927626736346       -1.51248731619519
C          -16.55676347547396       30.63475915435802       -0.86693935168747
N          -15.11124896363969       28.63988247844507       -0.58994334115892
C          -14.12955795805348       29.14528745341753        0.21017249503608
N          -13.51798578541831       28.25658013284471        0.93353986492919
C          -14.11283381292922       27.05982045968080        0.60466987931405
C          -15.11920795799254       27.29283644462883       -0.36281975038624
C          -15.84799976458343       26.20440476822079       -0.84744819142351
C          -16.88756714400842       25.93081524619709       -1.77351810604803
C          -17.10247553246552       24.58343790063655       -1.73610200643553
N          -16.25846549821819       23.99720516042272       -0.84058050207896
C          -15.47559608185292       24.95514856809972       -0.27884753830755
N          -14.53224364085099       24.72311065729022        0.64030932115886
C          -13.85860206638620       25.76717808859603        1.07476294419970
H          -17.60141821520820       33.00696143280593       -2.00561666123115
H          -14.95373412812550       32.10086278924764       -1.06580675761335
H          -16.54758503542748       31.29270799322606       -3.54093878187197
H          -14.88774311763322       31.91096545716459       -3.51002623572860
H          -14.06546871803345       29.89952117886408       -2.45921564356594
H          -15.24733726641331       29.24146012674346       -3.59237049482508
H          -16.72241603656023       28.69103892322824       -1.83103977817954
H          -16.40739232223109       30.65006734847802        0.21101051666925
H          -17.62813375546849       30.66274595240534       -1.06164070412031
H          -13.89302337647415       30.19099323093986        0.23676580096976
H          -17.40952830526803       26.63148574298148       -2.39332939696322
H          -17.80663687305040       23.99749095533506       -2.29233071785583
H          -13.09567214606539       25.57976299857545        1.81538298829886
H          -16.20746897001005       23.01612202620165       -0.62392494216034
H          -18.58481172092787       37.11508866631646       -1.96250794437699
H          -18.50960375070062       38.10808604511124       -0.49876791596830
H          -19.34528097875866       36.54769430009542       -0.47420403823388
H          -16.16394380822189       35.80464768363268        1.32601151304427
H          -17.92751810804301       35.77685389425724        1.45508013988905
H          -17.06222932296595       37.32137580535235        1.46496214702644
H          -15.07081249212705       36.61991065548992       -0.81111836984883
H          -16.07690637588785       37.15051391773398       -2.16561908566789
H          -15.95537677678686       38.14745597945215       -0.70757511702055
48
 energy: -73.172257215605 gnorm: 0.000039465210 xtb: 6.7.1 (edcfbbe)
C          -17.07943999162518       36.31992496444970        1.04590130632010
C          -17.19363883965057       36.40516759093087       -0.47538865894324
C          -18.49763992201050       37.09279568928983       -0.88003689668018
C          -15.99217943258419       37.12933081137983       -1.08088274222582
O          -17.31516330641344       35.07015115643240       -1.04720755767354
C          -16.35034098176593       34.15143409159735       -0.90682377281442
O          -15.30103331989670       34.29779034250058       -0.30149083199885
N          -16.70496076263543       33.02006929207431       -1.54247334581380
C          -15.89048008894674       31.83196269914880       -1.56416727873298
C          -15.61611584401028       31.30620528177265       -2.97573557772934
C          -15.12437218047945       29.88431553630631       -2.72466171665470
C          -15.93929210915134       29.37930664325014       -1.51244789765180
C          -16.55698605161192       30.63510730888319       -0.86727344500355
N          -15.11162940440601       28.64018865645306       -0.58979449512637
C          -14.13012372750760       29.14580703869951        0.21041258735775
N          -13.51848648647843       28.25724157251848        0.93390357447011
C          -14.11307324742234       27.06035560076342        0.60501101637585
C          -15.11934092739786       27.29314562814719       -0.36264016704757
C          -15.84784476030002       26.20456131207057       -0.84735798927268
C          -16.88713912678210       25.93074118715725       -1.77366634472561
C          -17.10185654204293       24.58333507845373       -1.73619186944152
N          -16.25795278406449       23.99729490409874       -0.84043822911422
C          -15.47536974073357       24.95540620835732       -0.27858547929387
N          -14.53214948753834       24.72358465533496        0.64076371236454
C          -13.85872338966166       25.76778408590246        1.07524027133274
H          -17.60101810570625       33.00726133373156       -2.00656588188549
H          -14.95357694131787       32.10074006093482       -1.06648850023937
H          -16.54764041259649       31.29272990276768       -3.54149329905080
H          -14.88750925043509       31.91018003001245       -3.51060032264253
H          -14.06607723684723       29.89839927449574       -2.45998691191766
H          -15.24873854384620       29.24078348535151       -3.59256022847721
H          -16.72308397610523       28.69100875857954       -1.83049856921016
H          -16.40770804741465       30.65067794657022        0.21068741857416
H          -17.62833204218467       30.66331941972475       -1.06207979796877
H          -13.89376808702680       30.19155402419053        0.23698139226686
H          -17.40902076824906       26.63128105226427       -2.39369341822916
H          -17.80577542219201       23.99722950309273       -2.29256055413167
H          -13.09588377821544       25.58052958297843        1.81599438870343
H          -16.20696195255742       23.01625284749360       -0.62359200016323
H          -18.58414989324602       37.11560003992827       -1.96247188174248
H          -18.50933432711572       38.10799750485782       -0.49830475101729
H          -19.34510313745303       36.54763781236903       -0.47463075327067
H          -16.16429081547305       35.80387371300869        1.32627435715572
H          -17.92790625609089       35.77619234046092        1.45487523127590
H          -17.06248320253310       37.32063946779918        1.46543125346135
H          -15.07051450114812       36.61976965325265       -0.81022379034293
H          -16.07618073095614       37.15062141013843       -2.16496432084089
H          -15.95511011606530       38.14731350400038       -0.70669723158963
48
 energy: -73.172257424295 gnorm: 0.000037538963 xtb: 6.7.1 (edcfbbe)
C          -17.07964385318020       36.31921937095612        1.04603850880983
C          -17.19346614556653       36.40500090625129       -0.47525102623975
C          -18.49728988191758       37.09292549724579       -0.87996395520704
C          -15.99179625995883       37.12926242618605       -1.08021189830948
O          -17.31498335693297       35.07018233692735       -1.04755007593465
C          -16.35023704385950       34.15137543128869       -0.90723442637447
O          -15.30109541275148       34.29747348056934       -0.30154997210989
N          -16.70465221710160       33.02027155736251       -1.54346078292261
C          -15.89042314306573       31.83197827825710       -1.56479694412389
C          -15.61617252809960       31.30581546140049       -2.97623356389774
C          -15.12503375995606       29.88374737277388       -2.72494081547140
C          -15.93979863161839       29.37934711504187       -1.51236202771850
C          -16.55724481627518       30.63546672674126       -0.86761332751940
N          -15.11204300748831       28.64050595680129       -0.58955936320651
C          -14.13071660902894       29.14632467575046        0.21073860684935
N          -13.51898000381648       28.25788332469527        0.93430084317782
C          -14.11328900337392       27.06087303363098        0.60535263760185
C          -15.11947962886783       27.29345762818614       -0.36242308852203
C          -15.84769840240956       26.20473060839683       -0.84724636757291
C          -16.88676216854164       25.93070651112453       -1.77375424235506
C          -17.10126411588883       24.58326715806987       -1.73627037474515
N          -16.25742277075082       23.99739541452583       -0.84034551727719
C          -15.47510923646575       24.95565845026352       -0.27837161286528
N          -14.53198303451069       24.72403171436218        0.64112356387108
C          -13.85877916344436       25.76835611005115        1.07564809088346
H          -17.60071959487667       33.00749961270864       -2.00753624283414
H          -14.95348183234859       32.10068613039775       -1.06715228308669
H          -16.54764394114742       31.29265303408887       -3.54208365413815
H          -14.88725909607700       31.90938676889517       -3.51113414015130
H          -14.06664947054858       29.89736644861258       -2.46060816947676
H          -15.24998808626771       29.24008385608238       -3.59265830471318
H          -16.72372428308276       28.69098921864481       -1.82995252806320
H          -16.40805476205249       30.65132822955923        0.21035448535223
H          -17.62857080945555       30.66384846500807       -1.06251860521965
H          -13.89455273820938       30.19211457005421        0.23731133596136
H          -17.40861096421913       26.63113696449601       -2.39393231164366
H          -17.80496421460317       23.99701790365150       -2.29276438698896
H          -13.09600340475408       25.58124320979208        1.81650365161950
H          -16.20641955534187       23.01638227719771       -0.62337033659393
H          -18.58349709893891       37.11626740598950       -1.96241152833792
H          -18.50899938766146       38.10794372577688       -0.49774336871395
H          -19.34491759447630       36.54765785582380       -0.47505229025212
H          -16.16459523169104       35.80302294044866        1.32646872147503
H          -17.92824265804618       35.77538807265547        1.45460259745917
H          -17.06274533617550       37.31978273826751        1.46592748745611
H          -15.07023707298070       36.61960019787706       -0.80939688709706
H          -16.07547321587645       37.15077776336184       -2.16430996721937
H          -15.95478545619105       38.14716606772629       -0.70580614261927
48
 energy: -73.172257425803 gnorm: 0.000035411878 xtb: 6.7.1 (edcfbbe)
C          -17.07964519569874       36.31921757238928        1.04603836966970
C          -17.19346432750440       36.40500244576281       -0.47524949017859
C          -18.49728734037786       37.09292830004380       -0.87996439580754
C          -15.99179261516506       37.12925992108126       -1.08020922985233
O          -17.31498224234446       35.07018529506167       -1.04755266006085
C          -16.35024014591918       34.15137609346313       -0.90723635229887
O          -15.30109477971333       34.29747209290189       -0.30155147869820
N          -16.70465570859660       33.02027181072479       -1.54346514502828
C          -15.89042652146005       31.83197742523065       -1.56479859627885
C          -15.61617304214992       31.30581371350993       -2.97623486081915
C          -15.12503492793930       29.88374690910091       -2.72494064031107
C          -15.93979843263740       29.37934669954061       -1.51236379016275
C          -16.55724724023328       30.63546671055896       -0.86761417490699
N          -15.11205087500211       28.64050710077951       -0.58955551781689
C          -14.13071765907113       29.14632641527635        0.21073826087133
N          -13.51898176904196       28.25788535700755        0.93430211635626
C          -14.11328920506782       27.06087501029578        0.60535421003981
C          -15.11947944572178       27.29345802900595       -0.36242488101095
C          -15.84769771005513       26.20473112888772       -0.84724579646491
C          -16.88676167684385       25.93070492912254       -1.77375400482966
C          -17.10126230867866       24.58326575194387       -1.73627217847977
N          -16.25741574452584       23.99739668123263       -0.84033937558238
C          -15.47510787973358       24.95565809497058       -0.27837280621300
N          -14.53197991943080       24.72403334704439        0.64112510963365
C          -13.85877865608189       25.76835827630763        1.07564847339464
H          -17.60072219400628       33.00749851267408       -2.00753692088342
H          -14.95348503260079       32.10068578484403       -1.06715287849342
H          -16.54764506162944       31.29265198482645       -3.54208485326863
H          -14.88726018532114       31.90938604375351       -3.51113526257081
H          -14.06665055802786       29.89736719427547       -2.46060698907588
H          -15.24998773948474       29.24008249345097       -3.59265783296531
H          -16.72372631287141       28.69098852745596       -1.82995395807971
H          -16.40805776319330       30.65132903968398        0.21035353897322
H          -17.62857329603718       30.66384808313790       -1.06252005291733
H          -13.89455719196219       30.19211670286144        0.23731273803811
H          -17.40861089758954       26.63113549373717       -2.39393207154146
H          -17.80496111211664       23.99701536012141       -2.29276460923395
H          -13.09600204965378       25.58124623824194        1.81650525156100
H          -16.20641680467843       23.01638102253408       -0.62337362451686
H          -18.58349287879003       37.11627187585063       -1.96241058940780
H          -18.50899525823017       38.10794481469712       -0.49774227285527
H          -19.34491653240740       36.54766123617116       -0.47505474366682
H          -16.16459662149421       35.80301996354542        1.32646881088746
H          -17.92824435604900       35.77538489608415        1.45460091594764
H          -17.06274635216588       37.31977918858009        1.46592918979617
H          -15.07023502012597       36.61959821636774       -0.80939400813617
H          -16.07546894911597       37.15077884489195       -2.16430860312521
H          -15.95478246334732       38.14716337494499       -0.70580233863536
