    -73.171989280790    -73.171989280790         0.15808E-03
    -73.172053173670    -73.172053173670         0.18265E-03
    -73.172718272989    -73.172718272989         0.13552E-03
    -73.171887301837    -73.171887301837         0.89822E-04
    -73.172054731646    -73.172054731646         0.13117E-03
    -73.172056431611    -73.172056431611         0.15551E-03
    -73.172717140856    -73.172717140856         0.69456E-04
    -73.172713533300    -73.172713533300         0.14030E-03
    -73.172718208210    -73.172718208210         0.19564E-03
    -73.171897968625    -73.171897968625         0.16540E-03
    -73.172720846375    -73.172720846375         0.12159E-03
    -73.171942735681    -73.171942735681         0.15601E-03
    -73.172070376997    -73.172070376997         0.85943E-04
    -73.172264200275    -73.172264200275         0.17482E-03
    -73.172258615794    -73.172258615794         0.12082E-03
    -73.172268805335    -73.172268805335         0.17837E-03
    -73.172721670121    -73.172721670121         0.12994E-03
    -73.172713410772    -73.172713410772         0.19474E-03
    -73.172266593361    -73.172266593361         0.16842E-03
    -73.172270124302    -73.172270124302         0.13750E-03
    -73.172068936106    -73.172068936106         0.17575E-03
    -73.172713988218    -73.172713988218         0.12806E-03
    -73.172721365519    -73.172721365519         0.14614E-03
    -73.172064299612    -73.172064299612         0.80073E-04
    -73.172229468216    -73.172229468216         0.10212E-03
    -73.172255330509    -73.172255330509         0.13578E-03
    -73.172041464003    -73.172041464003         0.15792E-03
    -73.172713896155    -73.172713896155         0.11503E-03
    -73.171878572588    -73.171878572588         0.19034E-03
    -73.172727677457    -73.172727677457         0.12302E-03
    -73.172719872047    -73.172719872047         0.94723E-04
    -73.172253603043    -73.172253603043         0.18905E-03
    -73.172051799232    -73.172051799232         0.16752E-03
    -73.172266599756    -73.172266599756         0.16127E-03
    -73.172708398941    -73.172708398941         0.47593E-04
    -73.172064372075    -73.172064372075         0.65581E-04
    -73.171909958019    -73.171909958019         0.13810E-03
    -73.172700407898    -73.172700407898         0.19052E-03
    -73.172255757586    -73.172255757586         0.18667E-03
    -73.172063867155    -73.172063867155         0.15311E-03
    -73.171912305483    -73.171912305483         0.65289E-04
    -73.172255669552    -73.172255669552         0.19155E-03
    -73.171900667344    -73.171900667344         0.12203E-03
    -73.172262539630    -73.172262539630         0.14448E-03
    -73.172277684684    -73.172277684684         0.13470E-03
    -73.171878813060    -73.171878813060         0.66716E-04
    -73.171965421086    -73.171965421086         0.17675E-03
    -73.171914658399    -73.171914658399         0.19977E-03
    -73.172263606804    -73.172263606804         0.14819E-03
    -73.172245031975    -73.172245031975         0.18308E-03
    -73.171437251165    -73.171437251165         0.81564E-04
    -73.172054495282    -73.172054495282         0.15874E-03
    -73.172715152586    -73.172715152586         0.16152E-03
    -73.172273669221    -73.172273669221         0.13002E-03
    -73.172716976538    -73.172716976538         0.15769E-03
    -73.172263245738    -73.172263245738         0.81945E-04
    -73.172076695393    -73.172076695393         0.11124E-03
    -73.171699736773    -73.171699736773         0.18194E-03
    -73.171671414729    -73.171671414729         0.15163E-03
    -73.172721143300    -73.172721143300         0.86789E-04
    -73.171977149710    -73.171977149710         0.18501E-03
    -73.172720308469    -73.172720308469         0.19643E-03
    -73.172716201400    -73.172716201400         0.19396E-03
    -73.172255762950    -73.172255762950         0.19263E-03
    -73.172036368335    -73.172036368335         0.19960E-03
    -73.172066065073    -73.172066065073         0.15297E-03
    -73.172065438015    -73.172065438015         0.15543E-03
    -73.171737492127    -73.171737492127         0.11004E-03
    -73.172251732549    -73.172251732549         0.13147E-03
    -73.172057034110    -73.172057034110         0.56808E-04
    -73.172712887364    -73.172712887364         0.14503E-03
    -73.172026093581    -73.172026093581         0.10336E-03
    -73.171438765287    -73.171438765287         0.10610E-03
    -73.172058696378    -73.172058696378         0.11473E-03
    -73.171973511293    -73.171973511293         0.19971E-03
    -73.171435420076    -73.171435420076         0.19115E-03
    -73.171920077049    -73.171920077049         0.31695E-04
    -73.171419911986    -73.171419911986         0.17670E-03
    -73.172269314519    -73.172269314519         0.18440E-03
    -73.171920108350    -73.171920108350         0.11967E-03
    -73.171410828550    -73.171410828550         0.16212E-03
    -73.172046941853    -73.172046941853         0.16421E-03
    -73.172266809403    -73.172266809403         0.87296E-04
    -73.171414905255    -73.171414905255         0.11370E-03
    -73.172262740239    -73.172262740239         0.16442E-03
    -73.172064801330    -73.172064801330         0.16436E-03
    -73.172281894740    -73.172281894740         0.11903E-03
    -73.171869674507    -73.171869674507         0.12880E-03
    -73.172251790303    -73.172251790303         0.19937E-03
    -73.172043606432    -73.172043606432         0.37373E-04
    -73.172275374020    -73.172275374020         0.95064E-04
    -73.171288815213    -73.171288815213         0.15752E-03
    -73.172062667714    -73.172062667714         0.16251E-03
    -73.172701396887    -73.172701396887         0.13945E-03
    -73.171880569636    -73.171880569636         0.16323E-03
    -73.172241578463    -73.172241578463         0.10031E-03
    -73.171699866083    -73.171699866083         0.16405E-03
    -73.172073342455    -73.172073342455         0.15680E-03
    -73.172258124355    -73.172258124355         0.15962E-03
    -73.172034285582    -73.172034285582         0.95000E-04
    -73.172072025942    -73.172072025942         0.16418E-03
    -73.172242756380    -73.172242756380         0.19881E-03
    -73.171974319567    -73.171974319567         0.13880E-03
    -73.172721915882    -73.172721915882         0.94124E-04
    -73.172706838355    -73.172706838355         0.17780E-03
    -73.172066054441    -73.172066054441         0.44468E-04
    -73.171884078215    -73.171884078215         0.98917E-04
    -73.171905424548    -73.171905424548         0.11507E-03
    -73.172068852390    -73.172068852390         0.81039E-04
    -73.172002146201    -73.172002146201         0.63160E-04
    -73.172076065913    -73.172076065913         0.18166E-03
    -73.171429920702    -73.171429920702         0.76361E-04
    -73.171873952794    -73.171873952794         0.26628E-04
    -73.171693223175    -73.171693223175         0.17765E-03
    -73.172077211042    -73.172077211042         0.17486E-03
    -73.172051903141    -73.172051903141         0.67328E-04
    -73.171990344586    -73.171990344586         0.89485E-04
    -73.172259439177    -73.172259439177         0.14537E-03
    -73.172272113427    -73.172272113427         0.10391E-03
    -73.171425157378    -73.171425157378         0.10774E-03
    -73.172252756783    -73.172252756783         0.13944E-03
    -73.172238311794    -73.172238311794         0.71013E-04
    -73.172716153783    -73.172716153783         0.95776E-04
    -73.171793838916    -73.171793838916         0.10280E-03
    -73.171811126677    -73.171811126677         0.10625E-03
    -73.172255826546    -73.172255826546         0.17776E-03
    -73.172253348198    -73.172253348198         0.10286E-03
    -73.172715369483    -73.172715369483         0.12843E-03
    -73.172718838375    -73.172718838375         0.16612E-03
    -73.172264762149    -73.172264762149         0.11326E-03
    -73.171774142960    -73.171774142960         0.11089E-03
    -73.171416285538    -73.171416285538         0.19657E-03
    -73.172061005999    -73.172061005999         0.41262E-04
    -73.172067661220    -73.172067661220         0.13960E-03
    -73.172062325722    -73.172062325722         0.91927E-04
    -73.171814110583    -73.171814110583         0.19118E-03
    -73.171705635332    -73.171705635332         0.19603E-03
    -73.172713124465    -73.172713124465         0.16090E-03
    -73.171296868367    -73.171296868367         0.17578E-03
    -73.171950407358    -73.171950407358         0.90008E-04
    -73.171439895243    -73.171439895243         0.11919E-03
    -73.171744890333    -73.171744890333         0.79693E-04
    -73.171877408373    -73.171877408373         0.19428E-03
    -73.172274689012    -73.172274689012         0.14545E-03
    -73.171722653332    -73.171722653332         0.12568E-03
    -73.171701869564    -73.171701869564         0.17044E-03
    -73.172708096491    -73.172708096491         0.17078E-03
    -73.171898834010    -73.171898834010         0.92986E-04
    -73.172074665806    -73.172074665806         0.12544E-03
    -73.172713539257    -73.172713539257         0.82066E-04
    -73.172000584245    -73.172000584245         0.19916E-03
    -73.172054033325    -73.172054033325         0.16245E-03
    -73.171738658975    -73.171738658975         0.15135E-03
    -73.172034391224    -73.172034391224         0.87439E-04
    -73.171426419004    -73.171426419004         0.15575E-03
    -73.172259468125    -73.172259468125         0.15050E-03
    -73.171969259006    -73.171969259006         0.19162E-03
    -73.172059663634    -73.172059663634         0.19784E-03
    -73.172256758285    -73.172256758285         0.13728E-03
    -73.172274054854    -73.172274054854         0.85237E-04
    -73.172712036792    -73.172712036792         0.58775E-04
    -73.171434140178    -73.171434140178         0.14015E-03
    -73.172025422558    -73.172025422558         0.45390E-04
    -73.171730796402    -73.171730796402         0.12345E-03
    -73.171420461830    -73.171420461830         0.12849E-03
    -73.171883521284    -73.171883521284         0.12805E-03
    -73.172719293335    -73.172719293335         0.73980E-04
    -73.171703489007    -73.171703489007         0.16590E-03
    -73.172275137033    -73.172275137033         0.17762E-03
    -73.172701334076    -73.172701334076         0.16592E-03
    -73.171426530412    -73.171426530412         0.15310E-03
    -73.172272382151    -73.172272382151         0.15994E-03
    -73.171303541759    -73.171303541759         0.27373E-04
    -73.172716433702    -73.172716433702         0.14729E-03
    -73.171149459371    -73.171149459371         0.18459E-03
    -73.171994704571    -73.171994704571         0.18405E-03
    -73.172067684743    -73.172067684743         0.18405E-03
    -73.171872604619    -73.171872604619         0.11340E-03
    -73.172706225300    -73.172706225300         0.16107E-03
    -73.171308881608    -73.171308881608         0.14517E-03
    -73.171865189288    -73.171865189288         0.11441E-03
    -73.171434087216    -73.171434087216         0.79932E-04
    -73.171409816099    -73.171409816099         0.72899E-04
    -73.172255652375    -73.172255652375         0.17951E-03
    -73.172076058177    -73.172076058177         0.12323E-03
    -73.172048961134    -73.172048961134         0.12730E-03
    -73.171898576557    -73.171898576557         0.16478E-03
    -73.171808697670    -73.171808697670         0.99576E-04
    -73.171434361431    -73.171434361431         0.10038E-03
    -73.171293339754    -73.171293339754         0.19892E-03
    -73.171922135495    -73.171922135495         0.82298E-04
    -73.172262665554    -73.172262665554         0.17940E-03
    -73.172070082199    -73.172070082199         0.11516E-03
    -73.171802304573    -73.171802304573         0.17601E-03
    -73.172068012003    -73.172068012003         0.13400E-03
    -73.171410529751    -73.171410529751         0.13106E-03
    -73.171441736512    -73.171441736512         0.83987E-04
    -73.172720094921    -73.172720094921         0.72031E-04
    -73.172713564709    -73.172713564709         0.92859E-04
    -73.171423972834    -73.171423972834         0.14233E-03
    -73.171404632868    -73.171404632868         0.17592E-03
    -73.172062912067    -73.172062912067         0.11893E-03
    -73.172710371614    -73.172710371614         0.68141E-04
    -73.171171191326    -73.171171191326         0.11652E-03
    -73.172290631825    -73.172290631825         0.17743E-03
    -73.171869489892    -73.171869489892         0.13650E-03
    -73.172231530865    -73.172231530865         0.69910E-04
    -73.172044830372    -73.172044830372         0.13001E-03
    -73.172262117041    -73.172262117041         0.17562E-03
    -73.171438798428    -73.171438798428         0.11438E-03
    -73.171926259554    -73.171926259554         0.16578E-03
    -73.171879517561    -73.171879517561         0.12752E-03
    -73.172254229164    -73.172254229164         0.31696E-04
    -73.172716376838    -73.172716376838         0.11520E-03
    -73.171302314541    -73.171302314541         0.18640E-03
    -73.171878956586    -73.171878956586         0.29599E-04
    -73.171912243823    -73.171912243823         0.18937E-03
    -73.171883356248    -73.171883356248         0.19282E-03
    -73.172244222964    -73.172244222964         0.15233E-03
    -73.170911521768    -73.170911521768         0.98713E-04
    -73.172069389027    -73.172069389027         0.16176E-03
    -73.172259463721    -73.172259463721         0.19847E-03
    -73.172269425907    -73.172269425907         0.60522E-04
    -73.171407405217    -73.171407405217         0.19669E-03
    -73.171412990771    -73.171412990771         0.84100E-04
    -73.171805365222    -73.171805365222         0.11247E-03
    -73.171709937697    -73.171709937697         0.78753E-04
    -73.172706162571    -73.172706162571         0.13667E-03
    -73.171676184516    -73.171676184516         0.11717E-03
    -73.172656329287    -73.172656329287         0.10497E-03
    -73.171728294907    -73.171728294907         0.11141E-03
    -73.172067533102    -73.172067533102         0.17915E-03
    -73.171981367370    -73.171981367370         0.22792E-04
    -73.171445015362    -73.171445015362         0.12761E-03
    -73.172069227939    -73.172069227939         0.20446E-04
    -73.171962755784    -73.171962755784         0.29449E-04
    -73.171414866465    -73.171414866465         0.17666E-03
    -73.171814753899    -73.171814753899         0.86577E-04
    -73.171911868695    -73.171911868695         0.13892E-03
    -73.172073316361    -73.172073316361         0.12948E-03
    -73.171857168697    -73.171857168697         0.30021E-04
    -73.171917898471    -73.171917898471         0.48739E-04
    -73.171731296923    -73.171731296923         0.20006E-03
    -73.171998226697    -73.171998226697         0.94205E-04
    -73.171434509565    -73.171434509565         0.15736E-03
    -73.171729832802    -73.171729832802         0.15706E-03
    -73.171413908460    -73.171413908460         0.78271E-04
    -73.171877298009    -73.171877298009         0.18332E-03
    -73.171507425149    -73.171507425149         0.18788E-03
    -73.172706510187    -73.172706510187         0.97010E-04
    -73.171915065992    -73.171915065992         0.14319E-03
    -73.172069113533    -73.172069113533         0.19239E-03
    -73.171871449016    -73.171871449016         0.19126E-03
    -73.171421115547    -73.171421115547         0.10287E-03
    -73.172712658436    -73.172712658436         0.74865E-04
    -73.171892966287    -73.171892966287         0.66378E-04
    -73.171701828283    -73.171701828283         0.16983E-03
    -73.172050386587    -73.172050386587         0.17063E-03
    -73.172276366049    -73.172276366049         0.19549E-03
    -73.172707510160    -73.172707510160         0.11202E-03
    -73.171780645726    -73.171780645726         0.12052E-03
    -73.172719899317    -73.172719899317         0.14142E-03
    -73.171405302015    -73.171405302015         0.20042E-03
    -73.172704430192    -73.172704430192         0.69753E-04
    -73.172719803290    -73.172719803290         0.19373E-03
    -73.171882386099    -73.171882386099         0.18161E-03
    -73.172043746665    -73.172043746665         0.18225E-03
    -73.171982961495    -73.171982961495         0.13971E-03
    -73.172260613855    -73.172260613855         0.10759E-03
    -73.171803017997    -73.171803017997         0.18838E-03
    -73.171440278737    -73.171440278737         0.71373E-04
    -73.171419304641    -73.171419304641         0.14442E-03
    -73.172271389485    -73.172271389485         0.14175E-03
    -73.171887888311    -73.171887888311         0.10557E-03
    -73.172274051372    -73.172274051372         0.39482E-04
    -73.171982435342    -73.171982435342         0.14196E-03
    -73.171145890094    -73.171145890094         0.11240E-03
    -73.171256436166    -73.171256436166         0.17921E-03
    -73.171886772653    -73.171886772653         0.16974E-03
    -73.171168290135    -73.171168290135         0.98410E-04
    -73.171800409042    -73.171800409042         0.17546E-03
    -73.172074207581    -73.172074207581         0.12143E-03
    -73.171814304166    -73.171814304166         0.17161E-03
    -73.171921411353    -73.171921411353         0.93957E-04
    -73.171442455420    -73.171442455420         0.18359E-03
    -73.171878612608    -73.171878612608         0.12342E-03
    -73.172054009737    -73.172054009737         0.17276E-03
    -73.172053892993    -73.172053892993         0.15702E-03
    -73.171303911392    -73.171303911392         0.17281E-03
    -73.172077633310    -73.172077633310         0.12093E-03
    -73.172250040287    -73.172250040287         0.14608E-03
    -73.171794104048    -73.171794104048         0.18073E-03
    -73.171935754532    -73.171935754532         0.13128E-03
    -73.171872011439    -73.171872011439         0.91307E-04
    -73.171427915825    -73.171427915825         0.18757E-03
    -73.171787807805    -73.171787807805         0.11902E-03
    -73.171434563302    -73.171434563302         0.11797E-03
    -73.171836067161    -73.171836067161         0.69294E-04
    -73.171973966241    -73.171973966241         0.68857E-04
    -73.172718694567    -73.172718694567         0.12993E-03
    -73.171882541638    -73.171882541638         0.17273E-03
    -73.172243009606    -73.172243009606         0.88377E-04
    -73.172704104798    -73.172704104798         0.90804E-04
    -73.172700829060    -73.172700829060         0.13273E-03
    -73.171435656850    -73.171435656850         0.13430E-03
    -73.172061899280    -73.172061899280         0.90926E-04
    -73.171551996149    -73.171551996149         0.13448E-03
    -73.172701198171    -73.172701198171         0.15168E-03
    -73.171407178499    -73.171407178499         0.85354E-04
    -73.171439966208    -73.171439966208         0.10630E-03
    -73.170630151601    -73.170630151601         0.12045E-03
    -73.171885149965    -73.171885149965         0.15394E-03
    -73.171312603169    -73.171312603169         0.97529E-04
    -73.171304768640    -73.171304768640         0.15777E-03
    -73.171710559635    -73.171710559635         0.17355E-03
    -73.171408553305    -73.171408553305         0.16166E-03
    -73.172278581709    -73.172278581709         0.67161E-04
    -73.172030232201    -73.172030232201         0.10564E-03
    -73.172253110407    -73.172253110407         0.19565E-03
    -73.171790154304    -73.171790154304         0.19736E-03
    -73.170860518478    -73.170860518478         0.13874E-03
    -73.171284836802    -73.171284836802         0.14542E-03
    -73.171980291038    -73.171980291038         0.70163E-04
    -73.171873206739    -73.171873206739         0.19282E-03
    -73.172035346183    -73.172035346183         0.64050E-04
    -73.171860874642    -73.171860874642         0.60744E-04
    -73.171701069351    -73.171701069351         0.89522E-04
    -73.172247129639    -73.172247129639         0.19433E-03
    -73.171872933081    -73.171872933081         0.54464E-04
    -73.170629914387    -73.170629914387         0.19305E-03
    -73.170878967865    -73.170878967865         0.16400E-03
    -73.171406587622    -73.171406587622         0.19103E-03
    -73.171414276074    -73.171414276074         0.95000E-04
    -73.171150387410    -73.171150387410         0.12420E-03
    -73.171761043765    -73.171761043765         0.13804E-03
    -73.172041861238    -73.172041861238         0.12793E-03
    -73.171035730791    -73.171035730791         0.81898E-04
    -73.172704566316    -73.172704566316         0.13320E-03
    -73.171869793501    -73.171869793501         0.18306E-03
    -73.171871235725    -73.171871235725         0.17508E-03
    -73.171353398096    -73.171353398096         0.16726E-03
    -73.171417498518    -73.171417498518         0.11188E-03
    -73.171304411645    -73.171304411645         0.13713E-03
    -73.170777912512    -73.170777912512         0.17869E-03
    -73.171970408703    -73.171970408703         0.17927E-03
    -73.170804777236    -73.170804777236         0.13373E-03
    -73.171796547843    -73.171796547843         0.14595E-03
    -73.171933620285    -73.171933620285         0.28453E-04
    -73.171435225170    -73.171435225170         0.11773E-03
    -73.171975090489    -73.171975090489         0.12865E-03
    -73.171363101342    -73.171363101342         0.94050E-04
    -73.171873996248    -73.171873996248         0.62502E-04
    -73.172075972621    -73.172075972621         0.83272E-04
    -73.170924886936    -73.170924886936         0.93097E-04
    -73.171419036703    -73.171419036703         0.13089E-03
    -73.172715511563    -73.172715511563         0.96710E-04
    -73.171412176410    -73.171412176410         0.98567E-04
    -73.172231333985    -73.172231333985         0.36248E-04
    -73.172057125330    -73.172057125330         0.95874E-04
    -73.171910257878    -73.171910257878         0.15082E-03
    -73.172704247623    -73.172704247623         0.12926E-03
    -73.172700753771    -73.172700753771         0.15894E-03
    -73.170632070505    -73.170632070505         0.66221E-04
    -73.171989599971    -73.171989599971         0.10214E-03
    -73.171311437966    -73.171311437966         0.17733E-03
    -73.171909987652    -73.171909987652         0.15777E-03
    -73.172710448915    -73.172710448915         0.72921E-04
    -73.171801453966    -73.171801453966         0.19082E-03
    -73.171904907600    -73.171904907600         0.10813E-03
    -73.171402746536    -73.171402746536         0.19389E-03
    -73.172272948929    -73.172272948929         0.59593E-04
    -73.171423015038    -73.171423015038         0.13127E-03
    -73.171870797228    -73.171870797228         0.18817E-03
    -73.171866453701    -73.171866453701         0.69551E-04
    -73.171884456322    -73.171884456322         0.55627E-04
    -73.171419290353    -73.171419290353         0.10827E-03
    -73.171280596729    -73.171280596729         0.19781E-03
    -73.170780365628    -73.170780365628         0.12017E-03
    -73.172272926924    -73.172272926924         0.82917E-04
    -73.171420856009    -73.171420856009         0.15646E-03
    -73.172052305929    -73.172052305929         0.13830E-03
    -73.171421456508    -73.171421456508         0.18012E-03
    -73.171758324279    -73.171758324279         0.14157E-03
    -73.171292849958    -73.171292849958         0.17651E-03
    -73.171430174147    -73.171430174147         0.10640E-03
    -73.172255367975    -73.172255367975         0.23913E-04
    -73.172258926797    -73.172258926797         0.10319E-03
    -73.171370028964    -73.171370028964         0.10594E-03
    -73.171968657615    -73.171968657615         0.81224E-04
    -73.172044003789    -73.172044003789         0.10968E-03
    -73.172181337128    -73.172181337128         0.11367E-03
    -73.171495334083    -73.171495334083         0.86161E-04
    -73.172714880003    -73.172714880003         0.17409E-03
    -73.171733044333    -73.171733044333         0.13700E-03
    -73.171707380190    -73.171707380190         0.13623E-03
    -73.171736018093    -73.171736018093         0.17566E-03
    -73.172243660243    -73.172243660243         0.11240E-03
    -73.170829412864    -73.170829412864         0.19663E-03
    -73.171746254026    -73.171746254026         0.14765E-03
    -73.171389955381    -73.171389955381         0.12615E-03
    -73.171412055611    -73.171412055611         0.78899E-04
    -73.171174058777    -73.171174058777         0.19578E-03
    -73.171426160653    -73.171426160653         0.87742E-04
    -73.172706005368    -73.172706005368         0.13734E-03
    -73.172700422364    -73.172700422364         0.15282E-03
    -73.171421765674    -73.171421765674         0.92862E-04
    -73.171296538055    -73.171296538055         0.11358E-03
    -73.172279063957    -73.172279063957         0.15383E-03
    -73.172070285199    -73.172070285199         0.67006E-04
    -73.171793762606    -73.171793762606         0.36026E-04
    -73.172065734368    -73.172065734368         0.96436E-04
    -73.172268781432    -73.172268781432         0.14832E-03
    -73.171419676168    -73.171419676168         0.17552E-03
    -73.171299125655    -73.171299125655         0.12815E-03
    -73.171416221352    -73.171416221352         0.12809E-03
    -73.170774952444    -73.170774952444         0.11959E-03
    -73.171867033066    -73.171867033066         0.18750E-03
    -73.172256264452    -73.172256264452         0.10754E-03
    -73.171412495074    -73.171412495074         0.91972E-04
    -73.172285224836    -73.172285224836         0.17466E-03
    -73.171359018156    -73.171359018156         0.11701E-03
    -73.172044199866    -73.172044199866         0.18712E-03
    -73.172033491729    -73.172033491729         0.92818E-04
    -73.172707864416    -73.172707864416         0.19415E-03
    -73.171423067204    -73.171423067204         0.12376E-03
    -73.172259818722    -73.172259818722         0.19902E-03
    -73.171798311229    -73.171798311229         0.12677E-03
    -73.171413424451    -73.171413424451         0.12849E-03
    -73.171755967178    -73.171755967178         0.11846E-03
    -73.171932689319    -73.171932689319         0.87171E-04
    -73.171432314237    -73.171432314237         0.16128E-03
    -73.171864960421    -73.171864960421         0.40349E-04
    -73.171369592704    -73.171369592704         0.18115E-03
    -73.170788326212    -73.170788326212         0.71394E-04
    -73.170978774376    -73.170978774376         0.17533E-03
    -73.171402650067    -73.171402650067         0.88510E-04
    -73.172039904052    -73.172039904052         0.15168E-03
    -73.171416520258    -73.171416520258         0.12100E-03
    -73.171720508833    -73.171720508833         0.96748E-04
    -73.170836964333    -73.170836964333         0.98290E-04
    -73.172261546532    -73.172261546532         0.13223E-03
    -73.171393725815    -73.171393725815         0.95698E-04
    -73.170831816479    -73.170831816479         0.19473E-03
    -73.172059670373    -73.172059670373         0.12002E-03
    -73.170768314453    -73.170768314453         0.96884E-04
    -73.171421161171    -73.171421161171         0.76377E-04
    -73.171441222704    -73.171441222704         0.10726E-03
    -73.172249878980    -73.172249878980         0.16997E-03
    -73.171986403189    -73.171986403189         0.12432E-03
    -73.171413944603    -73.171413944603         0.19508E-03
    -73.171876628810    -73.171876628810         0.10712E-03
    -73.172718366621    -73.172718366621         0.13560E-03
    -73.172068286890    -73.172068286890         0.10041E-03
    -73.172069102956    -73.172069102956         0.19024E-03
    -73.171869304806    -73.171869304806         0.17002E-03
    -73.172252357976    -73.172252357976         0.18305E-03
    -73.171867967417    -73.171867967417         0.28136E-04
    -73.172702641239    -73.172702641239         0.18913E-03
    -73.170775141945    -73.170775141945         0.20033E-03
    -73.171881691872    -73.171881691872         0.13075E-03
    -73.172266262139    -73.172266262139         0.22454E-04
    -73.171429772607    -73.171429772607         0.15567E-03
    -73.171404327063    -73.171404327063         0.18263E-03
    -73.170628964420    -73.170628964420         0.16268E-03
    -73.171297778027    -73.171297778027         0.16727E-03
    -73.171296142354    -73.171296142354         0.18074E-03
    -73.171409143828    -73.171409143828         0.78926E-04
    -73.171799706989    -73.171799706989         0.11066E-03
    -73.171999577595    -73.171999577595         0.12256E-03
    -73.172253537546    -73.172253537546         0.10048E-03
    -73.172071043929    -73.172071043929         0.12581E-03
    -73.171927807491    -73.171927807491         0.11347E-03
    -73.171440015202    -73.171440015202         0.12959E-03
    -73.172036145385    -73.172036145385         0.19448E-03
    -73.171791261189    -73.171791261189         0.90022E-04
    -73.172269454122    -73.172269454122         0.15319E-03
    -73.171880082100    -73.171880082100         0.12880E-03
    -73.171419984216    -73.171419984216         0.11350E-03
    -73.172074116532    -73.172074116532         0.11432E-03
    -73.172077326216    -73.172077326216         0.14898E-03
    -73.171427985007    -73.171427985007         0.97119E-04
    -73.172061068131    -73.172061068131         0.17496E-03
    -73.170794206799    -73.170794206799         0.13421E-03
    -73.171879442992    -73.171879442992         0.17996E-03
    -73.170766075672    -73.170766075672         0.16434E-03
    -73.170700161527    -73.170700161527         0.16864E-03
    -73.172066841877    -73.172066841877         0.54958E-04
    -73.170822459386    -73.170822459386         0.12696E-03
    -73.172257529299    -73.172257529299         0.87047E-04
    -73.172274375344    -73.172274375344         0.18466E-03
    -73.171141395944    -73.171141395944         0.13476E-03
    -73.171879723255    -73.171879723255         0.18363E-03
    -73.171875319328    -73.171875319328         0.19722E-03
    -73.171714299739    -73.171714299739         0.95528E-04
    -73.171171317976    -73.171171317976         0.16436E-03
    -73.172721508404    -73.172721508404         0.10295E-03
    -73.171408720099    -73.171408720099         0.17307E-03
    -73.171787822314    -73.171787822314         0.16995E-03
    -73.171405744410    -73.171405744410         0.17758E-03
    -73.171707936312    -73.171707936312         0.82117E-04
    -73.171398496996    -73.171398496996         0.56862E-04
    -73.172029212810    -73.172029212810         0.10290E-03
    -73.170830798933    -73.170830798933         0.91220E-04
    -73.172061408829    -73.172061408829         0.56420E-04
    -73.171299707557    -73.171299707557         0.12497E-03
    -73.171765645807    -73.171765645807         0.11546E-03
    -73.171966798801    -73.171966798801         0.75411E-04
    -73.171435300380    -73.171435300380         0.82390E-04
    -73.171294127770    -73.171294127770         0.10762E-03
    -73.170928841050    -73.170928841050         0.62152E-04
    -73.171304966318    -73.171304966318         0.88878E-04
    -73.171858164574    -73.171858164574         0.58826E-04
    -73.171689656757    -73.171689656757         0.14787E-03
    -73.171910682959    -73.171910682959         0.15248E-03
    -73.171423695652    -73.171423695652         0.15077E-03
    -73.171399477073    -73.171399477073         0.17152E-03
    -73.172228781501    -73.172228781501         0.14305E-03
    -73.172706289892    -73.172706289892         0.10389E-03
    -73.172072684947    -73.172072684947         0.19151E-03
    -73.171408701620    -73.171408701620         0.94322E-04
    -73.171300334101    -73.171300334101         0.16562E-03
    -73.171306117388    -73.171306117388         0.18663E-03
    -73.171865523479    -73.171865523479         0.10990E-03
    -73.171155935648    -73.171155935648         0.11454E-03
    -73.171863039604    -73.171863039604         0.64068E-04
    -73.171197956805    -73.171197956805         0.19714E-03
    -73.172036611201    -73.172036611201         0.18235E-03
    -73.171305264854    -73.171305264854         0.73855E-04
    -73.171423338852    -73.171423338852         0.18009E-03
    -73.172249705429    -73.172249705429         0.16212E-03
    -73.172249121385    -73.172249121385         0.15237E-03
    -73.171868994211    -73.171868994211         0.12335E-03
    -73.171869950743    -73.171869950743         0.11155E-03
    -73.171720575941    -73.171720575941         0.13975E-03
    -73.171165543499    -73.171165543499         0.81620E-04
    -73.171667024697    -73.171667024697         0.11392E-03
    -73.172710799787    -73.172710799787         0.11346E-03
    -73.170636408563    -73.170636408563         0.18913E-03
    -73.171996988413    -73.171996988413         0.19040E-03
    -73.171991287792    -73.171991287792         0.63168E-04
    -73.171870627105    -73.171870627105         0.18626E-03
    -73.171447956911    -73.171447956911         0.16348E-03
    -73.170630485003    -73.170630485003         0.13250E-03
    -73.171417825161    -73.171417825161         0.11640E-03
    -73.171869756121    -73.171869756121         0.12850E-03
    -73.170923367485    -73.170923367485         0.17367E-03
    -73.172034897229    -73.172034897229         0.36637E-04
    -73.172698110044    -73.172698110044         0.14698E-03
    -73.171409704965    -73.171409704965         0.15978E-03
    -73.172044432807    -73.172044432807         0.17306E-03
    -73.171939909729    -73.171939909729         0.94006E-04
    -73.171430752724    -73.171430752724         0.14506E-03
    -73.171427372752    -73.171427372752         0.98115E-04
    -73.171415190695    -73.171415190695         0.13512E-03
    -73.170764662123    -73.170764662123         0.18789E-03
    -73.171806509192    -73.171806509192         0.90634E-04
    -73.171420655356    -73.171420655356         0.16369E-03
    -73.171855884656    -73.171855884656         0.87225E-04
    -73.172717532628    -73.172717532628         0.19273E-03
    -73.172256451696    -73.172256451696         0.10013E-03
    -73.171315560490    -73.171315560490         0.10718E-03
    -73.171773198751    -73.171773198751         0.13423E-03
    -73.170804653736    -73.170804653736         0.19929E-03
    -73.171881732540    -73.171881732540         0.92742E-04
    -73.171740166246    -73.171740166246         0.11396E-03
    -73.171913930946    -73.171913930946         0.88062E-04
    -73.170843299319    -73.170843299319         0.62910E-04
    -73.171434964830    -73.171434964830         0.15062E-03
    -73.171408260079    -73.171408260079         0.16077E-03
    -73.171132296387    -73.171132296387         0.18394E-03
    -73.172070116196    -73.172070116196         0.18212E-03
    -73.171682118354    -73.171682118354         0.15879E-03
    -73.172705464706    -73.172705464706         0.18297E-03
    -73.171879149221    -73.171879149221         0.18745E-03
    -73.172252788731    -73.172252788731         0.19923E-03
    -73.171406226760    -73.171406226760         0.19462E-03
    -73.171701626126    -73.171701626126         0.94489E-04
    -73.172253190253    -73.172253190253         0.24412E-04
    -73.172074081124    -73.172074081124         0.53160E-04
    -73.170621109509    -73.170621109509         0.18589E-03
    -73.170915706092    -73.170915706092         0.19727E-03
    -73.172068302858    -73.172068302858         0.10440E-03
    -73.171981792477    -73.171981792477         0.12189E-03
    -73.171802416301    -73.171802416301         0.14455E-03
    -73.171303956383    -73.171303956383         0.90447E-04
    -73.171866440856    -73.171866440856         0.11130E-03
    -73.171170215185    -73.171170215185         0.17465E-03
    -73.171349832736    -73.171349832736         0.11123E-03
    -73.171644329717    -73.171644329717         0.10331E-03
    -73.170479691811    -73.170479691811         0.18478E-03
    -73.171864649901    -73.171864649901         0.31245E-04
    -73.172278000303    -73.172278000303         0.11576E-03
    -73.172046027270    -73.172046027270         0.17450E-03
    -73.171288023405    -73.171288023405         0.12718E-03
    -73.170825107315    -73.170825107315         0.14816E-03
    -73.171930987098    -73.171930987098         0.17939E-03
    -73.171426272855    -73.171426272855         0.66160E-04
    -73.172064205607    -73.172064205607         0.11814E-03
    -73.172704125466    -73.172704125466         0.41921E-04
    -73.171906070731    -73.171906070731         0.86815E-04
    -73.172714688787    -73.172714688787         0.72880E-04
    -73.172074462770    -73.172074462770         0.16402E-03
    -73.171871805323    -73.171871805323         0.12760E-03
    -73.171163578360    -73.171163578360         0.91348E-04
    -73.171301536111    -73.171301536111         0.14274E-03
    -73.171863184799    -73.171863184799         0.16305E-03
    -73.171434758999    -73.171434758999         0.12701E-03
    -73.171146987428    -73.171146987428         0.15150E-03
    -73.170877808152    -73.170877808152         0.99901E-04
    -73.171412159118    -73.171412159118         0.16553E-03
    -73.170831631352    -73.170831631352         0.19902E-03
    -73.171409754952    -73.171409754952         0.16134E-03
    -73.170768084457    -73.170768084457         0.10227E-03
    -73.172231219835    -73.172231219835         0.19948E-03
    -73.171425080678    -73.171425080678         0.18274E-03
    -73.171973371597    -73.171973371597         0.17242E-03
    -73.172066320758    -73.172066320758         0.10693E-03
    -73.170632642140    -73.170632642140         0.14890E-03
    -73.172286396609    -73.172286396609         0.12842E-03
    -73.171396036701    -73.171396036701         0.12598E-03
    -73.172266004527    -73.172266004527         0.13277E-03
    -73.172241253178    -73.172241253178         0.42735E-04
    -73.170805192080    -73.170805192080         0.18960E-03
    -73.171717098565    -73.171717098565         0.14333E-03
    -73.171277937128    -73.171277937128         0.67600E-04
    -73.172256454762    -73.172256454762         0.11372E-03
    -73.171798419691    -73.171798419691         0.25647E-04
    -73.171790579692    -73.171790579692         0.87072E-04
    -73.171407755756    -73.171407755756         0.11705E-03
    -73.171418776537    -73.171418776537         0.19518E-03
    -73.170806148281    -73.170806148281         0.19563E-03
    -73.171931427038    -73.171931427038         0.12754E-03
    -73.172706485691    -73.172706485691         0.80705E-04
    -73.172281552047    -73.172281552047         0.19881E-03
    -73.170389436040    -73.170389436040         0.15321E-03
    -73.172074341506    -73.172074341506         0.17293E-03
    -73.171407537601    -73.171407537601         0.10221E-03
    -73.171163181147    -73.171163181147         0.17522E-03
    -73.171430838239    -73.171430838239         0.16441E-03
    -73.170550907724    -73.170550907724         0.55811E-04
    -73.172234118831    -73.172234118831         0.94938E-04
    -73.171877376275    -73.171877376275         0.80682E-04
    -73.171712514816    -73.171712514816         0.11214E-03
    -73.171169087463    -73.171169087463         0.10991E-03
    -73.171293707505    -73.171293707505         0.10570E-03
    -73.171422237665    -73.171422237665         0.26408E-04
    -73.172056193761    -73.172056193761         0.19354E-03
    -73.171300390653    -73.171300390653         0.98968E-04
    -73.172046101978    -73.172046101978         0.18522E-03
    -73.171365391445    -73.171365391445         0.10872E-03
    -73.171862358035    -73.171862358035         0.12156E-03
    -73.171007236874    -73.171007236874         0.42996E-04
    -73.171789067818    -73.171789067818         0.17405E-03
    -73.172257115795    -73.172257115795         0.82725E-04
    -73.172703837587    -73.172703837587         0.15168E-03
    -73.171415449615    -73.171415449615         0.17697E-03
    -73.171917319141    -73.171917319141         0.19551E-03
    -73.170611235051    -73.170611235051         0.19802E-03
    -73.171412312969    -73.171412312969         0.15471E-03
    -73.171319261054    -73.171319261054         0.18088E-03
    -73.171163099251    -73.171163099251         0.68785E-04
    -73.172258236952    -73.172258236952         0.11911E-03
    -73.171741536663    -73.171741536663         0.10296E-03
    -73.172047512368    -73.172047512368         0.15659E-03
    -73.171379256960    -73.171379256960         0.97693E-04
    -73.170913421724    -73.170913421724         0.71868E-04
    -73.171724587848    -73.171724587848         0.14505E-03
    -73.171927224699    -73.171927224699         0.15762E-03
    -73.170629869511    -73.170629869511         0.10310E-03
    -73.170766717873    -73.170766717873         0.16728E-03
    -73.171369395329    -73.171369395329         0.10199E-03
    -73.171413910921    -73.171413910921         0.12033E-03
    -73.170769618510    -73.170769618510         0.16082E-03
    -73.170775875421    -73.170775875421         0.80958E-04
    -73.170854682430    -73.170854682430         0.70538E-04
    -73.172269761597    -73.172269761597         0.19192E-03
    -73.171806068241    -73.171806068241         0.18875E-03
    -73.171946849691    -73.171946849691         0.20017E-03
    -73.170631358561    -73.170631358561         0.16196E-03
    -73.171874842176    -73.171874842176         0.69092E-04
    -73.171401602740    -73.171401602740         0.11756E-03
    -73.171429972913    -73.171429972913         0.10042E-03
    -73.170488182588    -73.170488182588         0.99352E-04
    -73.170769998942    -73.170769998942         0.19535E-03
    -73.172271427974    -73.172271427974         0.14159E-03
    -73.172258097737    -73.172258097737         0.11674E-03
    -73.171765859167    -73.171765859167         0.80176E-04
    -73.172066534916    -73.172066534916         0.72068E-04
    -73.171404265527    -73.171404265527         0.18209E-03
    -73.170844557891    -73.170844557891         0.63332E-04
    -73.170816107458    -73.170816107458         0.10558E-03
    -73.170776420404    -73.170776420404         0.18805E-03
    -73.172261899367    -73.172261899367         0.19824E-03
    -73.171876565956    -73.171876565956         0.14169E-03
    -73.172234540314    -73.172234540314         0.99293E-04
    -73.171862941279    -73.171862941279         0.84774E-04
    -73.172254684568    -73.172254684568         0.13119E-03
    -73.171439121501    -73.171439121501         0.10456E-03
    -73.171924249233    -73.171924249233         0.81486E-04
    -73.172719321587    -73.172719321587         0.13870E-03
    -73.171420177210    -73.171420177210         0.13995E-03
    -73.171810724381    -73.171810724381         0.10464E-03
    -73.171799870270    -73.171799870270         0.16849E-03
    -73.171863562969    -73.171863562969         0.16556E-03
    -73.171161651080    -73.171161651080         0.19303E-03
    -73.170988651198    -73.170988651198         0.18252E-03
    -73.171293076742    -73.171293076742         0.78242E-04
    -73.172062747031    -73.172062747031         0.12509E-03
    -73.171998976245    -73.171998976245         0.11865E-03
    -73.172707626369    -73.172707626369         0.15165E-03
    -73.172046609476    -73.172046609476         0.14228E-03
    -73.171410481718    -73.171410481718         0.16655E-03
    -73.171505349264    -73.171505349264         0.17800E-03
    -73.171178256825    -73.171178256825         0.12219E-03
    -73.171298269976    -73.171298269976         0.10311E-03
    -73.172072978003    -73.172072978003         0.12688E-03
    -73.171300653286    -73.171300653286         0.11619E-03
    -73.172040733522    -73.172040733522         0.77043E-04
    -73.171436982954    -73.171436982954         0.18364E-03
    -73.172244095015    -73.172244095015         0.13202E-03
    -73.171311247632    -73.171311247632         0.18099E-03
    -73.170805044031    -73.170805044031         0.17449E-03
    -73.171749093920    -73.171749093920         0.16580E-03
    -73.171907110491    -73.171907110491         0.93855E-04
    -73.171727853597    -73.171727853597         0.98294E-04
    -73.171858505061    -73.171858505061         0.15476E-03
    -73.171360150218    -73.171360150218         0.16461E-03
    -73.170838379650    -73.170838379650         0.19680E-03
    -73.172055985581    -73.172055985581         0.12255E-03
    -73.171408127930    -73.171408127930         0.13228E-03
    -73.171427050662    -73.171427050662         0.14189E-03
    -73.172243388916    -73.172243388916         0.98187E-04
    -73.170504855851    -73.170504855851         0.15714E-03
    -73.170754672873    -73.170754672873         0.13567E-03
    -73.171868234852    -73.171868234852         0.78157E-04
    -73.171186444765    -73.171186444765         0.12107E-03
    -73.172262975611    -73.172262975611         0.16878E-03
    -73.172064045749    -73.172064045749         0.94241E-04
    -73.171747778329    -73.171747778329         0.11389E-03
    -73.171367511031    -73.171367511031         0.17489E-03
    -73.171797436343    -73.171797436343         0.11535E-03
    -73.172698296554    -73.172698296554         0.16475E-03
    -73.171171639121    -73.171171639121         0.16515E-03
    -73.171423828990    -73.171423828990         0.11244E-03
    -73.170859449664    -73.170859449664         0.11596E-03
    -73.172246782895    -73.172246782895         0.12357E-03
    -73.171790039078    -73.171790039078         0.17530E-03
    -73.171436506804    -73.171436506804         0.14748E-03
    -73.170913218657    -73.170913218657         0.19388E-03
    -73.172070647182    -73.172070647182         0.11183E-03
    -73.170501533270    -73.170501533270         0.15079E-03
    -73.171383897731    -73.171383897731         0.11541E-03
    -73.172256337457    -73.172256337457         0.12682E-03
    -73.170794948328    -73.170794948328         0.76549E-04
    -73.171792623156    -73.171792623156         0.90734E-04
    -73.170922636462    -73.170922636462         0.83057E-04
    -73.170811994529    -73.170811994529         0.14044E-03
    -73.171861898737    -73.171861898737         0.69385E-04
    -73.171756959140    -73.171756959140         0.15019E-03
    -73.171311843652    -73.171311843652         0.58785E-04
    -73.171286776541    -73.171286776541         0.10288E-03
    -73.171377018256    -73.171377018256         0.10744E-03
    -73.171896600054    -73.171896600054         0.62269E-04
    -73.172250835866    -73.172250835866         0.19503E-03
    -73.171745407647    -73.171745407647         0.96294E-04
    -73.171092193011    -73.171092193011         0.76794E-04
    -73.171910515205    -73.171910515205         0.11560E-03
    -73.170799247351    -73.170799247351         0.13781E-03
    -73.171993687360    -73.171993687360         0.14957E-03
    -73.170633419600    -73.170633419600         0.15631E-03
    -73.172256550480    -73.172256550480         0.13704E-03
    -73.171312333225    -73.171312333225         0.10520E-03
    -73.171312540490    -73.171312540490         0.59779E-04
    -73.171550950461    -73.171550950461         0.16274E-03
    -73.171006107669    -73.171006107669         0.67183E-04
    -73.172724098292    -73.172724098292         0.10863E-03
    -73.172705701788    -73.172705701788         0.11149E-03
    -73.171702084973    -73.171702084973         0.18711E-03
    -73.171866942764    -73.171866942764         0.17977E-03
    -73.170607710558    -73.170607710558         0.58490E-04
    -73.171879153502    -73.171879153502         0.10751E-03
    -73.171415232776    -73.171415232776         0.17531E-03
    -73.171865026749    -73.171865026749         0.63020E-04
    -73.171294955919    -73.171294955919         0.11251E-03
    -73.171885467869    -73.171885467869         0.88779E-04
    -73.169844606372    -73.169844606372         0.96217E-04
    -73.171443287010    -73.171443287010         0.15807E-03
    -73.170643007349    -73.170643007349         0.13782E-03
    -73.170776547392    -73.170776547392         0.14090E-03
    -73.171419613230    -73.171419613230         0.65521E-04
    -73.172060512534    -73.172060512534         0.14703E-03
    -73.170881759963    -73.170881759963         0.79124E-04
    -73.171807644880    -73.171807644880         0.17969E-03
    -73.172251218217    -73.172251218217         0.16088E-03
    -73.172276841240    -73.172276841240         0.11873E-03
    -73.172257433075    -73.172257433075         0.14386E-03
    -73.171801540630    -73.171801540630         0.18483E-03
    -73.171866926831    -73.171866926831         0.22938E-04
    -73.172060199497    -73.172060199497         0.27412E-04
    -73.169791434397    -73.169791434397         0.11483E-03
    -73.170850548706    -73.170850548706         0.18085E-03
    -73.170782364136    -73.170782364136         0.12128E-03
    -73.171868525921    -73.171868525921         0.18912E-03
    -73.171790251144    -73.171790251144         0.12277E-03
    -73.171875081559    -73.171875081559         0.14486E-03
    -73.171298487668    -73.171298487668         0.19679E-03
    -73.171297392448    -73.171297392448         0.15749E-03
    -73.170630402177    -73.170630402177         0.86265E-04
    -73.172057558847    -73.172057558847         0.14120E-03
    -73.172255503783    -73.172255503783         0.83550E-04
    -73.169839512857    -73.169839512857         0.13951E-03
    -73.172076867510    -73.172076867510         0.15982E-03
    -73.170779097719    -73.170779097719         0.13217E-03
    -73.172255398358    -73.172255398358         0.18865E-03
    -73.171304633070    -73.171304633070         0.69303E-04
    -73.171736610435    -73.171736610435         0.19846E-03
    -73.170755620821    -73.170755620821         0.44603E-04
    -73.170631650936    -73.170631650936         0.19996E-03
    -73.170818216875    -73.170818216875         0.82857E-04
    -73.172274681205    -73.172274681205         0.31189E-04
    -73.172076058224    -73.172076058224         0.18860E-03
    -73.171874926716    -73.171874926716         0.45316E-04
    -73.172066926225    -73.172066926225         0.19887E-03
    -73.170385149231    -73.170385149231         0.17909E-03
    -73.171285583621    -73.171285583621         0.19406E-03
    -73.172275028305    -73.172275028305         0.55886E-04
    -73.170771814650    -73.170771814650         0.18968E-03
    -73.170826069041    -73.170826069041         0.19408E-03
    -73.171790408493    -73.171790408493         0.17143E-03
    -73.170616139121    -73.170616139121         0.13886E-03
    -73.171739138292    -73.171739138292         0.11790E-03
    -73.171135952642    -73.171135952642         0.10704E-03
    -73.171426548148    -73.171426548148         0.16155E-03
    -73.171979247526    -73.171979247526         0.14863E-03
    -73.171537226415    -73.171537226415         0.11887E-03
    -73.170845836993    -73.170845836993         0.14980E-03
    -73.170501361416    -73.170501361416         0.15872E-03
    -73.171426847119    -73.171426847119         0.19947E-03
    -73.171443854745    -73.171443854745         0.15287E-03
    -73.171871516576    -73.171871516576         0.10062E-03
    -73.171408820142    -73.171408820142         0.16187E-03
    -73.172261124893    -73.172261124893         0.12197E-03
    -73.171865551046    -73.171865551046         0.16478E-03
    -73.171736466753    -73.171736466753         0.16323E-03
    -73.171429152545    -73.171429152545         0.15240E-03
    -73.171406809378    -73.171406809378         0.11469E-03
    -73.171869140571    -73.171869140571         0.12174E-03
    -73.171210139268    -73.171210139268         0.13236E-03
    -73.170607902850    -73.170607902850         0.14404E-03
    -73.171143530477    -73.171143530477         0.81183E-04
    -73.171421694394    -73.171421694394         0.63014E-04
    -73.171904436360    -73.171904436360         0.17679E-03
    -73.171371835624    -73.171371835624         0.20010E-03
    -73.170120695867    -73.170120695867         0.14410E-03
    -73.171791071092    -73.171791071092         0.10919E-03
    -73.172272096986    -73.172272096986         0.13162E-03
    -73.170632081116    -73.170632081116         0.10219E-03
    -73.171701246915    -73.171701246915         0.15409E-03
    -73.171972415290    -73.171972415290         0.61297E-04
    -73.170490924668    -73.170490924668         0.18583E-03
    -73.170791850772    -73.170791850772         0.18246E-03
    -73.170830391973    -73.170830391973         0.19682E-03
    -73.172702605749    -73.172702605749         0.11941E-03
    -73.170781195217    -73.170781195217         0.13405E-03
    -73.171788582657    -73.171788582657         0.10576E-03
    -73.170801868008    -73.170801868008         0.18381E-03
    -73.171175939930    -73.171175939930         0.83864E-04
    -73.171880171868    -73.171880171868         0.14538E-03
    -73.172075211695    -73.172075211695         0.19765E-03
    -73.170852169506    -73.170852169506         0.18153E-03
    -73.171405961652    -73.171405961652         0.19310E-03
    -73.171203314979    -73.171203314979         0.16247E-03
    -73.169842783342    -73.169842783342         0.15224E-03
    -73.170926415171    -73.170926415171         0.16825E-03
    -73.171883680777    -73.171883680777         0.15584E-03
    -73.170502672100    -73.170502672100         0.17433E-03
    -73.171867168846    -73.171867168846         0.18745E-03
    -73.170650821909    -73.170650821909         0.12578E-03
    -73.170766841597    -73.170766841597         0.14081E-03
    -73.170618225637    -73.170618225637         0.18453E-03
    -73.171424900345    -73.171424900345         0.15227E-03
    -73.170768243278    -73.170768243278         0.18414E-03
    -73.172274224522    -73.172274224522         0.18830E-03
    -73.170776965911    -73.170776965911         0.10313E-03
    -73.171439135051    -73.171439135051         0.18055E-03
    -73.170856600911    -73.170856600911         0.40671E-04
    -73.171171152204    -73.171171152204         0.17540E-03
    -73.171888774218    -73.171888774218         0.15478E-03
    -73.172298549990    -73.172298549990         0.19189E-03
    -73.171422197060    -73.171422197060         0.12100E-03
    -73.170925988522    -73.170925988522         0.19249E-03
    -73.171879125328    -73.171879125328         0.84279E-04
    -73.170619891095    -73.170619891095         0.84313E-04
    -73.171858763134    -73.171858763134         0.19936E-03
    -73.169713837035    -73.169713837035         0.19906E-03
    -73.170809433637    -73.170809433637         0.18245E-03
    -73.172695035832    -73.172695035832         0.14534E-03
    -73.170769451798    -73.170769451798         0.70836E-04
    -73.171791145172    -73.171791145172         0.17197E-03
    -73.171421738998    -73.171421738998         0.18916E-03
    -73.171318079842    -73.171318079842         0.98739E-04
    -73.171709616301    -73.171709616301         0.19143E-03
    -73.171490303882    -73.171490303882         0.13249E-03
    -73.172719691593    -73.172719691593         0.18504E-03
    -73.171435136054    -73.171435136054         0.11774E-03
    -73.171866907856    -73.171866907856         0.26916E-04
    -73.171317056458    -73.171317056458         0.13262E-03
    -73.171440560137    -73.171440560137         0.12829E-03
    -73.171302183611    -73.171302183611         0.73578E-04
    -73.171797379980    -73.171797379980         0.87665E-04
    -73.170677271866    -73.170677271866         0.63934E-04
    -73.172710451256    -73.172710451256         0.10644E-03
    -73.172074745930    -73.172074745930         0.12473E-03
    -73.171927409355    -73.171927409355         0.17329E-03
    -73.172698158415    -73.172698158415         0.19740E-03
    -73.172245388679    -73.172245388679         0.11470E-03
    -73.171299467823    -73.171299467823         0.17801E-03
    -73.171140422936    -73.171140422936         0.16845E-03
    -73.171151543820    -73.171151543820         0.58745E-04
    -73.172251396184    -73.172251396184         0.90278E-04
    -73.171767698145    -73.171767698145         0.13409E-03
    -73.171860747232    -73.171860747232         0.19222E-03
    -73.170603100569    -73.170603100569         0.38186E-04
    -73.171870385786    -73.171870385786         0.17414E-03
    -73.171320041135    -73.171320041135         0.98737E-04
    -73.170854230189    -73.170854230189         0.13587E-03
    -73.170956727184    -73.170956727184         0.18938E-03
    -73.170924352265    -73.170924352265         0.75325E-04
    -73.171873691782    -73.171873691782         0.72030E-04
    -73.171299962034    -73.171299962034         0.17921E-03
    -73.171854137234    -73.171854137234         0.10177E-03
    -73.169709404043    -73.169709404043         0.18463E-03
    -73.172711657869    -73.172711657869         0.13841E-03
    -73.171862413970    -73.171862413970         0.51317E-04
    -73.170294530599    -73.170294530599         0.10283E-03
    -73.172268730297    -73.172268730297         0.80170E-04
    -73.171392230977    -73.171392230977         0.12371E-03
    -73.172697480560    -73.172697480560         0.73601E-04
    -73.170771209679    -73.170771209679         0.16000E-03
    -73.171042154417    -73.171042154417         0.74873E-04
    -73.170757243495    -73.170757243495         0.63427E-04
    -73.170835760779    -73.170835760779         0.89465E-04
    -73.172035616202    -73.172035616202         0.36047E-04
    -73.171418688721    -73.171418688721         0.14673E-03
    -73.171677118864    -73.171677118864         0.72798E-04
    -73.171720654332    -73.171720654332         0.17368E-03
    -73.171235826300    -73.171235826300         0.19316E-03
    -73.171163065470    -73.171163065470         0.95089E-04
    -73.172068669983    -73.172068669983         0.18280E-03
    -73.171160054089    -73.171160054089         0.17085E-03
    -73.171965934667    -73.171965934667         0.19505E-03
    -73.171175958145    -73.171175958145         0.92865E-04
    -73.170259827393    -73.170259827393         0.10032E-03
    -73.170867146631    -73.170867146631         0.11788E-03
    -73.169842997992    -73.169842997992         0.16185E-03
    -73.169844438499    -73.169844438499         0.18753E-03
    -73.172269385399    -73.172269385399         0.17064E-03
    -73.170739491872    -73.170739491872         0.16151E-03
    -73.170775334282    -73.170775334282         0.15022E-03
    -73.171405952586    -73.171405952586         0.19908E-03
    -73.170815519227    -73.170815519227         0.19352E-03
    -73.171305923770    -73.171305923770         0.11803E-03
    -73.172706514146    -73.172706514146         0.79583E-04
    -73.169833338337    -73.169833338337         0.17758E-03
    -73.171158321331    -73.171158321331         0.12190E-03
    -73.172250360109    -73.172250360109         0.18170E-03
    -73.172056680617    -73.172056680617         0.13816E-03
    -73.170632727836    -73.170632727836         0.17224E-03
    -73.172262113463    -73.172262113463         0.14694E-03
    -73.171407120136    -73.171407120136         0.58749E-04
    -73.171741473354    -73.171741473354         0.16252E-03
    -73.170733716894    -73.170733716894         0.10362E-03
    -73.171164630435    -73.171164630435         0.98707E-04
    -73.169821723369    -73.169821723369         0.11094E-03
    -73.170768033588    -73.170768033588         0.16666E-03
    -73.170484386253    -73.170484386253         0.16048E-03
    -73.170791990496    -73.170791990496         0.14706E-03
    -73.170862896501    -73.170862896501         0.18573E-03
    -73.170758937526    -73.170758937526         0.17144E-03
    -73.172030403670    -73.172030403670         0.78251E-04
    -73.171783699390    -73.171783699390         0.48710E-04
    -73.171368435757    -73.171368435757         0.95638E-04
    -73.171784651511    -73.171784651511         0.10952E-03
    -73.170862427106    -73.170862427106         0.80826E-04
    -73.172057650215    -73.172057650215         0.14742E-03
    -73.171997107821    -73.171997107821         0.16750E-03
    -73.169844319953    -73.169844319953         0.11261E-03
    -73.171388668742    -73.171388668742         0.11949E-03
    -73.170769095800    -73.170769095800         0.87532E-04
    -73.169793776622    -73.169793776622         0.50508E-04
    -73.170772480049    -73.170772480049         0.10028E-03
    -73.171291206214    -73.171291206214         0.64886E-04
    -73.170920525363    -73.170920525363         0.19889E-03
    -73.171939089241    -73.171939089241         0.17571E-03
    -73.171709571805    -73.171709571805         0.97992E-04
    -73.170393688699    -73.170393688699         0.15705E-03
    -73.172278423803    -73.172278423803         0.17109E-03
    -73.171659457958    -73.171659457958         0.85699E-04
    -73.169807458333    -73.169807458333         0.95733E-04
    -73.170817344837    -73.170817344837         0.17619E-03
    -73.171304117320    -73.171304117320         0.11197E-03
    -73.170793646947    -73.170793646947         0.18236E-03
    -73.170473490869    -73.170473490869         0.14004E-03
    -73.171884424411    -73.171884424411         0.15640E-03
    -73.170893280680    -73.170893280680         0.77881E-04
    -73.171114256013    -73.171114256013         0.16930E-03
    -73.172069904822    -73.172069904822         0.16024E-03
    -73.171422009539    -73.171422009539         0.19001E-03
    -73.171870580556    -73.171870580556         0.24576E-04
    -73.172260408072    -73.172260408072         0.11187E-03
    -73.170850791192    -73.170850791192         0.34230E-04
    -73.170875144049    -73.170875144049         0.19749E-03
    -73.170485222100    -73.170485222100         0.12119E-03
    -73.171880726032    -73.171880726032         0.93814E-04
    -73.171082901804    -73.171082901804         0.61533E-04
    -73.171412224591    -73.171412224591         0.14328E-03
    -73.171418985260    -73.171418985260         0.60818E-04
    -73.169729076184    -73.169729076184         0.41354E-04
    -73.170465202720    -73.170465202720         0.11513E-03
    -73.172274831775    -73.172274831775         0.14225E-03
    -73.171160925920    -73.171160925920         0.18454E-03
    -73.172246047043    -73.172246047043         0.18456E-03
    -73.171279523383    -73.171279523383         0.15554E-03
    -73.170831409732    -73.170831409732         0.10010E-03
    -73.170887622977    -73.170887622977         0.60902E-04
    -73.172240450828    -73.172240450828         0.15448E-03
    -73.171804025420    -73.171804025420         0.18626E-03
    -73.170392109645    -73.170392109645         0.12715E-03
    -73.171863252745    -73.171863252745         0.24058E-04
    -73.172252102192    -73.172252102192         0.18780E-03
    -73.169860727497    -73.169860727497         0.97234E-04
    -73.169768352241    -73.169768352241         0.15314E-03
    -73.171853940623    -73.171853940623         0.25392E-04
    -73.170612425620    -73.170612425620         0.12526E-03
    -73.169847502358    -73.169847502358         0.18424E-03
    -73.169842849154    -73.169842849154         0.92734E-04
    -73.171243758632    -73.171243758632         0.58364E-04
    -73.171986386345    -73.171986386345         0.15469E-03
    -73.171376082068    -73.171376082068         0.13535E-03
    -73.171403545087    -73.171403545087         0.14886E-03
    -73.171803925885    -73.171803925885         0.16555E-03
    -73.170070321623    -73.170070321623         0.10252E-03
    -73.171162092907    -73.171162092907         0.11459E-03
    -73.171852695994    -73.171852695994         0.13812E-03
    -73.171819111865    -73.171819111865         0.19258E-03
    -73.171313297127    -73.171313297127         0.16681E-03
    -73.170972565822    -73.170972565822         0.18509E-03
    -73.171740590196    -73.171740590196         0.14226E-03
    -73.172712696388    -73.172712696388         0.77497E-04
    -73.172071180594    -73.172071180594         0.21161E-04
    -73.171005424340    -73.171005424340         0.14176E-03
    -73.169849761858    -73.169849761858         0.50291E-04
    -73.169820384723    -73.169820384723         0.14205E-03
    -73.170815796194    -73.170815796194         0.15086E-03
    -73.169841588690    -73.169841588690         0.53916E-04
    -73.170395096180    -73.170395096180         0.90228E-04
    -73.171375719086    -73.171375719086         0.19987E-03
    -73.171760195740    -73.171760195740         0.89985E-04
    -73.171148963975    -73.171148963975         0.19416E-03
    -73.170273107990    -73.170273107990         0.19866E-03
    -73.171866780018    -73.171866780018         0.14727E-03
    -73.171427554129    -73.171427554129         0.18197E-03
    -73.169857032045    -73.169857032045         0.11246E-03
    -73.171802167562    -73.171802167562         0.16708E-03
    -73.171430128620    -73.171430128620         0.19074E-03
    -73.169485216791    -73.169485216791         0.18580E-03
    -73.171440742125    -73.171440742125         0.10292E-03
    -73.171427412285    -73.171427412285         0.19016E-03
    -73.169826310687    -73.169826310687         0.68428E-04
    -73.171869176838    -73.171869176838         0.12450E-03
    -73.171050673595    -73.171050673595         0.14156E-03
    -73.171875384057    -73.171875384057         0.17690E-03
    -73.171862962203    -73.171862962203         0.14801E-03
    -73.171535918639    -73.171535918639         0.18384E-03
    -73.171118708066    -73.171118708066         0.48983E-04
    -73.171793839778    -73.171793839778         0.59908E-04
    -73.171121744766    -73.171121744766         0.52420E-04
    -73.171868893190    -73.171868893190         0.19512E-03
    -73.171287031146    -73.171287031146         0.16660E-03
    -73.172689145027    -73.172689145027         0.91201E-04
    -73.171111834872    -73.171111834872         0.17686E-03
    -73.169694979433    -73.169694979433         0.16446E-03
    -73.172685052087    -73.172685052087         0.52183E-04
    -73.169708778206    -73.169708778206         0.14723E-03
    -73.170798145591    -73.170798145591         0.12318E-03
    -73.170778754706    -73.170778754706         0.60075E-04
    -73.171802004255    -73.171802004255         0.56924E-04
    -73.169844833134    -73.169844833134         0.14537E-03
    -73.171738719843    -73.171738719843         0.16885E-03
    -73.172268254069    -73.172268254069         0.14300E-03
    -73.171125987133    -73.171125987133         0.13382E-03
    -73.171406875345    -73.171406875345         0.10610E-03
    -73.171907480770    -73.171907480770         0.98034E-04
    -73.172080789267    -73.172080789267         0.15422E-03
    -73.170800857287    -73.170800857287         0.18363E-03
    -73.171494876330    -73.171494876330         0.95746E-04
    -73.171988039994    -73.171988039994         0.82278E-04
    -73.171731499905    -73.171731499905         0.36672E-04
    -73.171284471033    -73.171284471033         0.11018E-03
    -73.171169813082    -73.171169813082         0.12104E-03
    -73.171430351390    -73.171430351390         0.15381E-03
    -73.171339650793    -73.171339650793         0.17226E-03
    -73.172064883506    -73.172064883506         0.18668E-03
    -73.171317377553    -73.171317377553         0.96833E-04
    -73.172279451664    -73.172279451664         0.68204E-04
    -73.170268907523    -73.170268907523         0.53111E-04
    -73.169489603341    -73.169489603341         0.15681E-03
    -73.171661475814    -73.171661475814         0.74940E-04
    -73.170794084403    -73.170794084403         0.91215E-04
    -73.170622723864    -73.170622723864         0.14004E-03
    -73.171872017144    -73.171872017144         0.17056E-03
    -73.170122897147    -73.170122897147         0.14368E-03
    -73.172257822235    -73.172257822235         0.20070E-03
    -73.172252603928    -73.172252603928         0.16326E-03
    -73.170797798023    -73.170797798023         0.11627E-03
    -73.169786531035    -73.169786531035         0.18702E-03
    -73.169850483446    -73.169850483446         0.87411E-04
    -73.169840181422    -73.169840181422         0.14875E-03
    -73.171039892442    -73.171039892442         0.14082E-03
    -73.171399759404    -73.171399759404         0.11635E-03
    -73.170854896182    -73.170854896182         0.13152E-03
    -73.170808148415    -73.170808148415         0.13530E-03
    -73.170198991117    -73.170198991117         0.59153E-04
    -73.170658949055    -73.170658949055         0.67421E-04
    -73.172076778940    -73.172076778940         0.93695E-04
    -73.171879580279    -73.171879580279         0.10751E-03
    -73.170791524319    -73.170791524319         0.90015E-04
    -73.169806253191    -73.169806253191         0.82367E-04
    -73.171295164308    -73.171295164308         0.15173E-03
    -73.172016799658    -73.172016799658         0.79863E-04
    -73.171413917093    -73.171413917093         0.82982E-04
    -73.171433125355    -73.171433125355         0.82819E-04
    -73.171790051721    -73.171790051721         0.14585E-03
    -73.171692176904    -73.171692176904         0.72863E-04
    -73.171404770797    -73.171404770797         0.93610E-04
    -73.169839736032    -73.169839736032         0.69189E-04
    -73.170914767352    -73.170914767352         0.16844E-03
    -73.171430728074    -73.171430728074         0.13971E-03
    -73.172246723301    -73.172246723301         0.12641E-03
    -73.171113973559    -73.171113973559         0.15975E-03
    -73.169226166989    -73.169226166989         0.12703E-03
    -73.172702903871    -73.172702903871         0.10999E-03
    -73.171294990573    -73.171294990573         0.13068E-03
    -73.171887726507    -73.171887726507         0.17119E-03
    -73.171783620764    -73.171783620764         0.15615E-03
    -73.169722316752    -73.169722316752         0.15980E-03
    -73.171868079388    -73.171868079388         0.81501E-04
    -73.171045932547    -73.171045932547         0.80886E-04
    -73.172273347452    -73.172273347452         0.41604E-04
    -73.171386226174    -73.171386226174         0.17667E-03
    -73.169830631481    -73.169830631481         0.90834E-04
    -73.170743247617    -73.170743247617         0.11119E-03
    -73.169832013551    -73.169832013551         0.14765E-03
    -73.171302265118    -73.171302265118         0.11998E-03
    -73.169848930074    -73.169848930074         0.12612E-03
    -73.171180552404    -73.171180552404         0.11059E-03
    -73.171875454575    -73.171875454575         0.14340E-03
    -73.171890502743    -73.171890502743         0.10614E-03
    -73.172258584608    -73.172258584608         0.18722E-03
    -73.171443637966    -73.171443637966         0.18546E-03
    -73.171884514854    -73.171884514854         0.10954E-03
    -73.169795245148    -73.169795245148         0.41893E-04
    -73.170788472169    -73.170788472169         0.13076E-03
    -73.170627249718    -73.170627249718         0.19335E-03
    -73.169544973748    -73.169544973748         0.14934E-03
    -73.172695330642    -73.172695330642         0.18196E-03
    -73.170791799929    -73.170791799929         0.13557E-03
    -73.170616763125    -73.170616763125         0.11739E-03
    -73.171177678032    -73.171177678032         0.17344E-03
    -73.169826865991    -73.169826865991         0.13721E-03
    -73.169796698094    -73.169796698094         0.67215E-04
    -73.170907206840    -73.170907206840         0.68337E-04
    -73.169849324142    -73.169849324142         0.15967E-03
    -73.170265729434    -73.170265729434         0.10025E-03
    -73.170803596518    -73.170803596518         0.14641E-03
    -73.169764254674    -73.169764254674         0.81391E-04
    -73.172036063549    -73.172036063549         0.30580E-04
    -73.171846352399    -73.171846352399         0.58702E-04
    -73.171422653609    -73.171422653609         0.16408E-03
    -73.171385028587    -73.171385028587         0.97617E-04
    -73.169691756226    -73.169691756226         0.13249E-03
    -73.171778211394    -73.171778211394         0.11995E-03
    -73.170745865374    -73.170745865374         0.15530E-03
    -73.169825869463    -73.169825869463         0.17889E-03
    -73.172035533312    -73.172035533312         0.75336E-04
    -73.169699601549    -73.169699601549         0.16153E-03
    -73.170752871685    -73.170752871685         0.11894E-03
    -73.170918029101    -73.170918029101         0.10812E-03
    -73.171263615442    -73.171263615442         0.64326E-04
    -73.172255325113    -73.172255325113         0.15418E-03
    -73.169855124771    -73.169855124771         0.17878E-03
    -73.169847382822    -73.169847382822         0.17919E-03
    -73.170121275738    -73.170121275738         0.11154E-03
    -73.169714809597    -73.169714809597         0.11995E-03
    -73.172059800841    -73.172059800841         0.44674E-04
    -73.170931006118    -73.170931006118         0.13955E-03
    -73.172256705499    -73.172256705499         0.10331E-03
    -73.172667436513    -73.172667436513         0.61862E-04
    -73.172066943464    -73.172066943464         0.10818E-03
    -73.171319637307    -73.171319637307         0.26517E-04
    -73.171372905005    -73.171372905005         0.19573E-03
    -73.169715311249    -73.169715311249         0.15217E-03
    -73.171938919487    -73.171938919487         0.19979E-03
    -73.170921328270    -73.170921328270         0.19258E-03
    -73.171781392608    -73.171781392608         0.19111E-03
    -73.171906352504    -73.171906352504         0.96654E-04
    -73.170623956322    -73.170623956322         0.10937E-03
    -73.171874119699    -73.171874119699         0.17836E-03
    -73.170853235604    -73.170853235604         0.10904E-03
    -73.169821580556    -73.169821580556         0.18852E-03
    -73.170824945705    -73.170824945705         0.38468E-04
    -73.171147630439    -73.171147630439         0.13747E-03
    -73.170859736628    -73.170859736628         0.16392E-03
    -73.171658011021    -73.171658011021         0.90210E-04
    -73.169750557671    -73.169750557671         0.12524E-03
    -73.172701932683    -73.172701932683         0.13474E-03
    -73.169834108881    -73.169834108881         0.11513E-03
    -73.172728114667    -73.172728114667         0.13919E-03
    -73.172245362070    -73.172245362070         0.86435E-04
    -73.169820281062    -73.169820281062         0.17071E-03
    -73.170658927718    -73.170658927718         0.35785E-04
    -73.170773362696    -73.170773362696         0.98909E-04
    -73.171437951385    -73.171437951385         0.19919E-03
    -73.171407105896    -73.171407105896         0.14623E-03
    -73.169209124660    -73.169209124660         0.15288E-03
    -73.172698510139    -73.172698510139         0.93882E-04
    -73.171701608460    -73.171701608460         0.11707E-03
    -73.171717581924    -73.171717581924         0.11425E-03
    -73.169830385803    -73.169830385803         0.10112E-03
    -73.171408224605    -73.171408224605         0.19549E-03
    -73.171865235933    -73.171865235933         0.19796E-03
    -73.170457877875    -73.170457877875         0.17686E-03
    -73.170934809033    -73.170934809033         0.10602E-03
    -73.171276493334    -73.171276493334         0.15282E-03
    -73.170969116342    -73.170969116342         0.78694E-04
    -73.171869614750    -73.171869614750         0.91355E-04
    -73.169842088687    -73.169842088687         0.16398E-03
    -73.169487757068    -73.169487757068         0.11976E-03
    -73.170923491606    -73.170923491606         0.34867E-04
    -73.171430113198    -73.171430113198         0.18529E-03
    -73.170263931215    -73.170263931215         0.81575E-04
    -73.171296230601    -73.171296230601         0.19399E-03
    -73.171303463178    -73.171303463178         0.91069E-04
    -73.172701672558    -73.172701672558         0.13724E-03
    -73.172695198907    -73.172695198907         0.15000E-03
    -73.169563823759    -73.169563823759         0.19196E-03
    -73.170323362181    -73.170323362181         0.89807E-04
    -73.171112196881    -73.171112196881         0.41847E-04
    -73.170948803360    -73.170948803360         0.13152E-03
    -73.171346233690    -73.171346233690         0.55180E-04
    -73.169811180886    -73.169811180886         0.43586E-04
    -73.169841912601    -73.169841912601         0.11864E-03
    -73.171050991156    -73.171050991156         0.72890E-04
    -73.169470332935    -73.169470332935         0.66283E-04
    -73.171407702032    -73.171407702032         0.19463E-03
    -73.169520810845    -73.169520810845         0.15360E-03
    -73.170818181742    -73.170818181742         0.18777E-03
    -73.171316392889    -73.171316392889         0.41902E-04
    -73.171902910446    -73.171902910446         0.15224E-03
    -73.171999543599    -73.171999543599         0.24853E-04
    -73.170646406931    -73.170646406931         0.16241E-03
    -73.169847234246    -73.169847234246         0.12729E-03
    -73.171304901307    -73.171304901307         0.17209E-03
    -73.171884700150    -73.171884700150         0.16222E-03
    -73.171881318698    -73.171881318698         0.17735E-03
    -73.170897417545    -73.170897417545         0.69488E-04
    -73.172051024668    -73.172051024668         0.17236E-03
    -73.171871354099    -73.171871354099         0.60668E-04
    -73.169483657104    -73.169483657104         0.18012E-03
    -73.169810960433    -73.169810960433         0.97877E-04
    -73.169816030515    -73.169816030515         0.11083E-03
    -73.169837141752    -73.169837141752         0.10680E-03
    -73.170609841234    -73.170609841234         0.32956E-04
    -73.171446712811    -73.171446712811         0.16732E-03
    -73.172278954470    -73.172278954470         0.19673E-03
    -73.171676618487    -73.171676618487         0.72248E-04
    -73.171887994338    -73.171887994338         0.19469E-03
    -73.172717341811    -73.172717341811         0.11399E-03
    -73.172073770777    -73.172073770777         0.13909E-03
    -73.170767343043    -73.170767343043         0.61477E-04
    -73.170482009773    -73.170482009773         0.18267E-03
    -73.171141478931    -73.171141478931         0.79025E-04
    -73.171856481128    -73.171856481128         0.11054E-03
    -73.170893717226    -73.170893717226         0.10020E-03
    -73.169713422989    -73.169713422989         0.62444E-04
    -73.170832360801    -73.170832360801         0.15154E-03
    -73.171873808303    -73.171873808303         0.97801E-04
    -73.172705326212    -73.172705326212         0.16011E-03
    -73.171746278887    -73.171746278887         0.98102E-04
    -73.170846400661    -73.170846400661         0.74023E-04
    -73.169711220081    -73.169711220081         0.17512E-03
    -73.170680193755    -73.170680193755         0.14622E-03
    -73.169857897312    -73.169857897312         0.10618E-03
    -73.171359246609    -73.171359246609         0.19665E-03
    -73.169786696849    -73.169786696849         0.49457E-04
    -73.171292265708    -73.171292265708         0.16515E-03
    -73.169706009318    -73.169706009318         0.19979E-03
    -73.170804353928    -73.170804353928         0.19252E-03
    -73.170666327059    -73.170666327059         0.73328E-04
    -73.169858970613    -73.169858970613         0.18482E-03
    -73.169844831386    -73.169844831386         0.14702E-03
    -73.171841782907    -73.171841782907         0.19011E-03
    -73.170914532914    -73.170914532914         0.13025E-03
    -73.169822152620    -73.169822152620         0.84350E-04
    -73.172240794130    -73.172240794130         0.15993E-03
    -73.172700180537    -73.172700180537         0.12716E-03
    -73.172004221310    -73.172004221310         0.46050E-04
    -73.169719101630    -73.169719101630         0.11118E-03
    -73.171110558256    -73.171110558256         0.55529E-04
    -73.170859206337    -73.170859206337         0.87781E-04
    -73.171947546629    -73.171947546629         0.18519E-03
    -73.170993350403    -73.170993350403         0.19410E-03
    -73.169232029482    -73.169232029482         0.15905E-03
    -73.171038233308    -73.171038233308         0.80130E-04
    -73.171056657424    -73.171056657424         0.17331E-03
    -73.169207277667    -73.169207277667         0.68884E-04
    -73.171303431355    -73.171303431355         0.12762E-03
    -73.171886777967    -73.171886777967         0.16120E-03
    -73.169700268879    -73.169700268879         0.77888E-04
    -73.169831591655    -73.169831591655         0.84661E-04
    -73.170766903650    -73.170766903650         0.19270E-03
    -73.169820538426    -73.169820538426         0.14828E-03
    -73.170784149397    -73.170784149397         0.13063E-03
    -73.169821418025    -73.169821418025         0.98064E-04
    -73.169487961340    -73.169487961340         0.17660E-03
    -73.169228316465    -73.169228316465         0.10269E-03
    -73.169790032102    -73.169790032102         0.16274E-03
    -73.170140712104    -73.170140712104         0.11324E-03
    -73.171371680938    -73.171371680938         0.19170E-03
    -73.170757573764    -73.170757573764         0.62530E-04
    -73.170232967341    -73.170232967341         0.70492E-04
    -73.169234787986    -73.169234787986         0.19369E-03
    -73.171358519603    -73.171358519603         0.78120E-04
    -73.169837099804    -73.169837099804         0.10244E-03
    -73.171421497320    -73.171421497320         0.14980E-03
    -73.172255125684    -73.172255125684         0.19551E-03
    -73.170834532837    -73.170834532837         0.11819E-03
    -73.169583137640    -73.169583137640         0.16610E-03
    -73.169708772776    -73.169708772776         0.13071E-03
    -73.169682815654    -73.169682815654         0.16458E-03
    -73.171304857667    -73.171304857667         0.14390E-03
    -73.170617346736    -73.170617346736         0.96256E-04
    -73.169724680285    -73.169724680285         0.18045E-03
    -73.170495337742    -73.170495337742         0.16454E-03
    -73.169848828067    -73.169848828067         0.75461E-04
    -73.169837966180    -73.169837966180         0.14940E-03
    -73.171885347184    -73.171885347184         0.97136E-04
    -73.169835386384    -73.169835386384         0.93337E-04
    -73.170632085093    -73.170632085093         0.14882E-03
    -73.170466303861    -73.170466303861         0.55268E-04
    -73.172268446006    -73.172268446006         0.11736E-03
    -73.171877855677    -73.171877855677         0.14242E-03
    -73.170397488722    -73.170397488722         0.17500E-03
    -73.170908339201    -73.170908339201         0.96457E-04
    -73.171871713622    -73.171871713622         0.10421E-03
    -73.169797758782    -73.169797758782         0.19681E-03
    -73.169856121250    -73.169856121250         0.17401E-03
    -73.171048585773    -73.171048585773         0.10535E-03
    -73.170659815845    -73.170659815845         0.63031E-04
    -73.169229174764    -73.169229174764         0.15739E-03
    -73.169816292690    -73.169816292690         0.16388E-03
    -73.171505750670    -73.171505750670         0.17836E-03
    -73.170620027375    -73.170620027375         0.97075E-04
    -73.171863589000    -73.171863589000         0.16614E-03
    -73.172254504867    -73.172254504867         0.87331E-04
    -73.170800303228    -73.170800303228         0.61687E-04
    -73.171881371514    -73.171881371514         0.10994E-03
    -73.171420576511    -73.171420576511         0.17058E-03
    -73.169790393614    -73.169790393614         0.54799E-04
    -73.171174836489    -73.171174836489         0.11652E-03
    -73.169706564757    -73.169706564757         0.78939E-04
    -73.171879751303    -73.171879751303         0.49933E-04
    -73.170861564239    -73.170861564239         0.61903E-04
    -73.171878977116    -73.171878977116         0.16121E-03
    -73.169700468387    -73.169700468387         0.16109E-03
    -73.170636839466    -73.170636839466         0.11146E-03
    -73.171307107454    -73.171307107454         0.12691E-03
    -73.170719584939    -73.170719584939         0.91558E-04
    -73.170130244073    -73.170130244073         0.14586E-03
    -73.171306874688    -73.171306874688         0.72110E-04
    -73.170812432355    -73.170812432355         0.16541E-03
    -73.172276193291    -73.172276193291         0.96823E-04
    -73.169476451590    -73.169476451590         0.15532E-03
    -73.169822740637    -73.169822740637         0.14833E-03
    -73.169733057471    -73.169733057471         0.12635E-03
    -73.172071089603    -73.172071089603         0.14002E-03
    -73.169327725283    -73.169327725283         0.19412E-03
    -73.169828968962    -73.169828968962         0.18495E-03
    -73.170787149189    -73.170787149189         0.12414E-03
    -73.171337825290    -73.171337825290         0.95335E-04
    -73.170811561678    -73.170811561678         0.16173E-03
    -73.170504645352    -73.170504645352         0.15397E-03
    -73.171404160116    -73.171404160116         0.18924E-03
    -73.169808092968    -73.169808092968         0.12742E-03
    -73.171128688097    -73.171128688097         0.17449E-03
    -73.171837316026    -73.171837316026         0.18614E-03
    -73.171405270888    -73.171405270888         0.18611E-03
    -73.171305389486    -73.171305389486         0.14881E-03
    -73.170257619837    -73.170257619837         0.19522E-03
    -73.170774118562    -73.170774118562         0.19464E-03
    -73.171862077274    -73.171862077274         0.10991E-03
    -73.170951137293    -73.170951137293         0.56768E-04
    -73.169842602701    -73.169842602701         0.10886E-03
    -73.172696371299    -73.172696371299         0.12067E-03
    -73.171284075668    -73.171284075668         0.34558E-04
    -73.171877094670    -73.171877094670         0.19425E-03
    -73.170498747761    -73.170498747761         0.17091E-03
    -73.169555341233    -73.169555341233         0.18728E-03
    -73.169465176506    -73.169465176506         0.12915E-03
    -73.170851065613    -73.170851065613         0.72233E-04
    -73.171555146674    -73.171555146674         0.90099E-04
    -73.169843928826    -73.169843928826         0.17141E-03
    -73.171889339944    -73.171889339944         0.90523E-04
    -73.169742345029    -73.169742345029         0.92243E-04
    -73.172276619350    -73.172276619350         0.13140E-03
    -73.170632446478    -73.170632446478         0.80680E-04
    -73.169732051617    -73.169732051617         0.17399E-03
    -73.169864824826    -73.169864824826         0.17315E-03
    -73.171867485936    -73.171867485936         0.88934E-04
    -73.170613614193    -73.170613614193         0.16341E-03
    -73.171571093725    -73.171571093725         0.53096E-04
    -73.169710538908    -73.169710538908         0.12506E-03
    -73.169840471299    -73.169840471299         0.15644E-03
    -73.172026778916    -73.172026778916         0.10157E-03
    -73.172267273216    -73.172267273216         0.10189E-03
    -73.171864839202    -73.171864839202         0.32239E-04
    -73.169231469383    -73.169231469383         0.12618E-03
    -73.169321418276    -73.169321418276         0.18825E-03
    -73.170262919033    -73.170262919033         0.89770E-04
    -73.171873693574    -73.171873693574         0.75113E-04
    -73.169216363819    -73.169216363819         0.16518E-03
    -73.170608484927    -73.170608484927         0.13214E-03
    -73.170612278643    -73.170612278643         0.15867E-03
    -73.169225001213    -73.169225001213         0.12593E-03
    -73.169798520946    -73.169798520946         0.10794E-03
    -73.171517402664    -73.171517402664         0.15770E-03
    -73.170797463593    -73.170797463593         0.12226E-03
    -73.171993389382    -73.171993389382         0.15480E-03
    -73.171858334555    -73.171858334555         0.99832E-04
    -73.170632553250    -73.170632553250         0.15314E-03
    -73.169211420195    -73.169211420195         0.95860E-04
    -73.170821998083    -73.170821998083         0.10448E-03
    -73.169475251995    -73.169475251995         0.19823E-03
    -73.169814238036    -73.169814238036         0.13865E-03
    -73.169825701871    -73.169825701871         0.13235E-03
    -73.169823383351    -73.169823383351         0.16543E-03
    -73.172049144416    -73.172049144416         0.10416E-03
    -73.169474596207    -73.169474596207         0.17840E-03
    -73.169856302157    -73.169856302157         0.12071E-03
    -73.169848538407    -73.169848538407         0.12672E-03
    -73.170845986024    -73.170845986024         0.64375E-04
    -73.169799521272    -73.169799521272         0.18650E-03
    -73.169208398419    -73.169208398419         0.10133E-03
    -73.172067895790    -73.172067895790         0.59151E-04
    -73.170410651801    -73.170410651801         0.83273E-04
    -73.171320195280    -73.171320195280         0.19274E-03
    -73.169781691964    -73.169781691964         0.18717E-03
    -73.170820578196    -73.170820578196         0.80790E-04
    -73.172026760715    -73.172026760715         0.10567E-03
    -73.171410370543    -73.171410370543         0.12245E-03
    -73.170391046005    -73.170391046005         0.10095E-03
    -73.169699442486    -73.169699442486         0.12036E-03
    -73.170619151300    -73.170619151300         0.16683E-03
    -73.169233955347    -73.169233955347         0.16855E-03
    -73.169782502875    -73.169782502875         0.12702E-03
    -73.169571736351    -73.169571736351         0.13904E-03
    -73.170912977497    -73.170912977497         0.13700E-03
    -73.171874755925    -73.171874755925         0.13866E-03
    -73.169728615042    -73.169728615042         0.12905E-03
    -73.169872334237    -73.169872334237         0.11012E-03
    -73.172693684843    -73.172693684843         0.69199E-04
    -73.169552151569    -73.169552151569         0.18085E-03
    -73.169833693025    -73.169833693025         0.15620E-03
    -73.171843784996    -73.171843784996         0.19768E-03
    -73.169747831956    -73.169747831956         0.63281E-04
    -73.170485230669    -73.170485230669         0.15240E-03
    -73.170498120457    -73.170498120457         0.12102E-03
    -73.171899765215    -73.171899765215         0.14337E-03
    -73.169810824469    -73.169810824469         0.13365E-03
    -73.171379373995    -73.171379373995         0.19047E-03
    -73.170630636929    -73.170630636929         0.17255E-03
    -73.172268205613    -73.172268205613         0.14175E-03
    -73.170773169397    -73.170773169397         0.14693E-03
    -73.170793834010    -73.170793834010         0.16798E-03
    -73.171354018587    -73.171354018587         0.19131E-03
    -73.169810896792    -73.169810896792         0.16774E-03
    -73.171134919420    -73.171134919420         0.14009E-03
    -73.171384840185    -73.171384840185         0.74359E-04
    -73.172005991337    -73.172005991337         0.18185E-03
    -73.170952786219    -73.170952786219         0.19849E-03
    -73.170870176613    -73.170870176613         0.14161E-03
    -73.171867781994    -73.171867781994         0.15256E-03
    -73.169798713267    -73.169798713267         0.12881E-03
    -73.171889944712    -73.171889944712         0.78979E-04
    -73.172699160025    -73.172699160025         0.16739E-03
    -73.170273202023    -73.170273202023         0.17221E-03
    -73.171296786371    -73.171296786371         0.94544E-04
    -73.169835111925    -73.169835111925         0.13535E-03
    -73.172705157941    -73.172705157941         0.13156E-03
    -73.169212576960    -73.169212576960         0.17553E-03
    -73.170457298042    -73.170457298042         0.17213E-03
    -73.169225464052    -73.169225464052         0.91424E-04
    -73.169207557678    -73.169207557678         0.13178E-03
    -73.171870369081    -73.171870369081         0.10595E-03
    -73.171977455039    -73.171977455039         0.87153E-04
    -73.169848006539    -73.169848006539         0.12708E-03
    -73.169575749238    -73.169575749238         0.82924E-04
    -73.172021723264    -73.172021723264         0.92668E-04
    -73.171282764665    -73.171282764665         0.84806E-04
    -73.169798710812    -73.169798710812         0.11065E-03
    -73.171428154171    -73.171428154171         0.17807E-03
    -73.171868567405    -73.171868567405         0.17714E-03
    -73.169841181939    -73.169841181939         0.94359E-04
    -73.169215148678    -73.169215148678         0.13857E-03
    -73.172259300363    -73.172259300363         0.19313E-03
    -73.169464163831    -73.169464163831         0.17310E-03
    -73.169832417484    -73.169832417484         0.14813E-03
    -73.171184326281    -73.171184326281         0.11176E-03
    -73.170205441639    -73.170205441639         0.10786E-03
    -73.169519107665    -73.169519107665         0.16622E-03
    -73.172034947957    -73.172034947957         0.19014E-03
    -73.169828259072    -73.169828259072         0.17899E-03
    -73.170933962931    -73.170933962931         0.11266E-03
    -73.169837610713    -73.169837610713         0.12775E-03
    -73.172053907694    -73.172053907694         0.96902E-04
    -73.171113446312    -73.171113446312         0.51591E-04
    -73.171101093894    -73.171101093894         0.86499E-04
    -73.169855656989    -73.169855656989         0.16396E-03
    -73.169788995387    -73.169788995387         0.47156E-04
    -73.169841646779    -73.169841646779         0.60605E-04
    -73.170617316033    -73.170617316033         0.11279E-03
    -73.169801108162    -73.169801108162         0.19817E-03
    -73.169256928498    -73.169256928498         0.43642E-04
    -73.171885933827    -73.171885933827         0.59438E-04
    -73.169851233836    -73.169851233836         0.19324E-03
    -73.169229424555    -73.169229424555         0.15886E-03
    -73.172727295879    -73.172727295879         0.18144E-03
    -73.172715565352    -73.172715565352         0.17115E-03
    -73.172045228610    -73.172045228610         0.19065E-03
    -73.171315382472    -73.171315382472         0.14382E-03
    -73.170611697213    -73.170611697213         0.12421E-03
    -73.171142997493    -73.171142997493         0.45455E-04
    -73.171280830631    -73.171280830631         0.18065E-03
    -73.169797948099    -73.169797948099         0.18801E-03
    -73.171843135970    -73.171843135970         0.44183E-04
    -73.169490473362    -73.169490473362         0.19655E-03
    -73.169700678541    -73.169700678541         0.89437E-04
    -73.169292773912    -73.169292773912         0.89892E-04
    -73.169822175983    -73.169822175983         0.15015E-03
    -73.170078199337    -73.170078199337         0.85444E-04
    -73.169681105905    -73.169681105905         0.18438E-03
    -73.170776302704    -73.170776302704         0.85687E-04
    -73.169203298630    -73.169203298630         0.11469E-03
    -73.172695993191    -73.172695993191         0.70911E-04
    -73.169561447682    -73.169561447682         0.15019E-03
    -73.170794697056    -73.170794697056         0.11639E-03
    -73.169776114062    -73.169776114062         0.88563E-04
    -73.170700866701    -73.170700866701         0.18344E-03
    -73.170832176748    -73.170832176748         0.55824E-04
    -73.172740143948    -73.172740143948         0.13735E-03
    -73.171302402386    -73.171302402386         0.67774E-04
    -73.170130664544    -73.170130664544         0.10110E-03
    -73.169843096062    -73.169843096062         0.11693E-03
    -73.171791367939    -73.171791367939         0.12239E-03
    -73.169698776418    -73.169698776418         0.74853E-04
    -73.171878627839    -73.171878627839         0.71712E-04
    -73.171182210242    -73.171182210242         0.12798E-03
    -73.169823587285    -73.169823587285         0.13617E-03
    -73.170869018856    -73.170869018856         0.92784E-04
    -73.169681648227    -73.169681648227         0.16362E-03
    -73.171886758288    -73.171886758288         0.44983E-04
    -73.171034872504    -73.171034872504         0.84591E-04
    -73.170800030840    -73.170800030840         0.15365E-03
    -73.169849985435    -73.169849985435         0.12923E-03
    -73.171420852300    -73.171420852300         0.12079E-03
    -73.169224559059    -73.169224559059         0.16626E-03
    -73.170968259472    -73.170968259472         0.93805E-04
    -73.169794998445    -73.169794998445         0.82920E-04
    -73.169863589048    -73.169863589048         0.11710E-03
    -73.172052374109    -73.172052374109         0.43675E-04
    -73.171980211943    -73.171980211943         0.65408E-04
    -73.170926531287    -73.170926531287         0.75667E-04
    -73.169236381255    -73.169236381255         0.10204E-03
    -73.169334152161    -73.169334152161         0.14679E-03
    -73.169801834297    -73.169801834297         0.86743E-04
    -73.169808628644    -73.169808628644         0.68012E-04
    -73.169258895093    -73.169258895093         0.89182E-04
    -73.169843019753    -73.169843019753         0.17622E-03
    -73.169860160504    -73.169860160504         0.22689E-04
    -73.170804359298    -73.170804359298         0.18293E-03
    -73.170645954402    -73.170645954402         0.57475E-04
    -73.170828988317    -73.170828988317         0.14021E-03
    -73.169232722546    -73.169232722546         0.11898E-03
    -73.170923450618    -73.170923450618         0.11395E-03
    -73.171423925462    -73.171423925462         0.13588E-03
    -73.169463574631    -73.169463574631         0.94085E-04
    -73.169785241254    -73.169785241254         0.14200E-03
    -73.171967727093    -73.171967727093         0.19747E-03
    -73.169809619311    -73.169809619311         0.95398E-04
    -73.171759694282    -73.171759694282         0.11839E-03
    -73.169781543842    -73.169781543842         0.17382E-03
    -73.171298455399    -73.171298455399         0.97632E-04
    -73.169230590059    -73.169230590059         0.14923E-03
    -73.172254932653    -73.172254932653         0.18171E-03
    -73.170748446757    -73.170748446757         0.49309E-04
    -73.169830403215    -73.169830403215         0.10617E-03
    -73.170499195663    -73.170499195663         0.13088E-03
    -73.169218906882    -73.169218906882         0.11438E-03
    -73.170397332450    -73.170397332450         0.84900E-04
    -73.171844279727    -73.171844279727         0.12640E-03
    -73.169700833038    -73.169700833038         0.13648E-03
    -73.169777612165    -73.169777612165         0.75085E-04
    -73.170792308629    -73.170792308629         0.14796E-03
    -73.170786421670    -73.170786421670         0.21775E-04
    -73.169721582887    -73.169721582887         0.19875E-03
    -73.172701748251    -73.172701748251         0.14899E-03
    -73.169469457509    -73.169469457509         0.14423E-03
    -73.169851060171    -73.169851060171         0.28336E-04
    -73.170710649854    -73.170710649854         0.98482E-04
    -73.169762344357    -73.169762344357         0.81888E-04
    -73.171292607393    -73.171292607393         0.97469E-04
    -73.172022400917    -73.172022400917         0.39817E-04
    -73.170784231238    -73.170784231238         0.19571E-03
    -73.169203165237    -73.169203165237         0.81917E-04
    -73.171106576878    -73.171106576878         0.81826E-04
    -73.170872584928    -73.170872584928         0.12110E-03
    -73.169707704974    -73.169707704974         0.11445E-03
    -73.170482345690    -73.170482345690         0.14368E-03
    -73.171404969913    -73.171404969913         0.15112E-03
    -73.169855407493    -73.169855407493         0.17424E-03
    -73.169328164556    -73.169328164556         0.10220E-03
    -73.170831124046    -73.170831124046         0.19580E-03
    -73.169807440746    -73.169807440746         0.10153E-03
    -73.171423379417    -73.171423379417         0.67296E-04
    -73.169841895905    -73.169841895905         0.10887E-03
    -73.172255559366    -73.172255559366         0.17799E-03
    -73.169858108343    -73.169858108343         0.96021E-04
    -73.171875144012    -73.171875144012         0.90465E-04
    -73.169211480586    -73.169211480586         0.14879E-03
    -73.169686693825    -73.169686693825         0.12901E-03
    -73.170923931429    -73.170923931429         0.18902E-03
    -73.171980029003    -73.171980029003         0.19043E-03
    -73.172254925815    -73.172254925815         0.11718E-03
    -73.169800906145    -73.169800906145         0.10016E-03
    -73.170396191442    -73.170396191442         0.71998E-04
    -73.171881659715    -73.171881659715         0.94526E-04
    -73.169690690299    -73.169690690299         0.77519E-04
    -73.169852971113    -73.169852971113         0.13209E-03
    -73.170910910542    -73.170910910542         0.12682E-03
    -73.169323598147    -73.169323598147         0.12832E-03
    -73.172270855974    -73.172270855974         0.83274E-04
    -73.169785115315    -73.169785115315         0.19811E-03
    -73.170790844871    -73.170790844871         0.12801E-03
    -73.171845527338    -73.171845527338         0.19880E-03
    -73.172059754948    -73.172059754948         0.95020E-04
    -73.169781505836    -73.169781505836         0.18055E-03
    -73.169796634822    -73.169796634822         0.12557E-03
    -73.171992856690    -73.171992856690         0.16206E-03
    -73.170627164029    -73.170627164029         0.90583E-04
    -73.169800177836    -73.169800177836         0.19859E-03
    -73.171679256197    -73.171679256197         0.70445E-04
    -73.170803264390    -73.170803264390         0.11974E-03
    -73.169730530326    -73.169730530326         0.19315E-03
    -73.169779485309    -73.169779485309         0.75191E-04
    -73.169794956586    -73.169794956586         0.17732E-03
    -73.169696297821    -73.169696297821         0.10705E-03
    -73.170467569227    -73.170467569227         0.97152E-04
    -73.169829329702    -73.169829329702         0.16298E-03
    -73.169765045662    -73.169765045662         0.79748E-04
    -73.171378010517    -73.171378010517         0.14537E-03
    -73.172267846623    -73.172267846623         0.15563E-03
    -73.169706456320    -73.169706456320         0.12036E-03
    -73.170793438710    -73.170793438710         0.14293E-03
    -73.169468056295    -73.169468056295         0.15755E-03
    -73.169660898839    -73.169660898839         0.10995E-03
    -73.171905183329    -73.171905183329         0.11049E-03
    -73.171407643086    -73.171407643086         0.53593E-04
    -73.169240715785    -73.169240715785         0.12867E-03
    -73.170502871883    -73.170502871883         0.13988E-03
    -73.169829330715    -73.169829330715         0.11835E-03
    -73.172265741083    -73.172265741083         0.14403E-03
    -73.171879489855    -73.171879489855         0.12619E-03
    -73.169830127142    -73.169830127142         0.49239E-04
    -73.169235132357    -73.169235132357         0.11225E-03
    -73.171402396688    -73.171402396688         0.11559E-03
    -73.169875818631    -73.169875818631         0.16208E-03
    -73.172702963089    -73.172702963089         0.13254E-03
    -73.169326854138    -73.169326854138         0.84739E-04
    -73.169805352257    -73.169805352257         0.16188E-04
    -73.170479668262    -73.170479668262         0.16389E-03
    -73.171859220936    -73.171859220936         0.74127E-04
    -73.169798089463    -73.169798089463         0.12004E-03
    -73.169267086691    -73.169267086691         0.10903E-03
    -73.170810253076    -73.170810253076         0.10222E-03
    -73.169454818765    -73.169454818765         0.19280E-03
    -73.169853633204    -73.169853633204         0.17713E-03
    -73.169817434986    -73.169817434986         0.14691E-03
    -73.169826233862    -73.169826233862         0.64582E-04
    -73.169228625474    -73.169228625474         0.11729E-03
    -73.171382261854    -73.171382261854         0.15895E-03
    -73.171859104505    -73.171859104505         0.16384E-03
    -73.169201348015    -73.169201348015         0.13266E-03
    -73.172267798098    -73.172267798098         0.12380E-03
    -73.172707974954    -73.172707974954         0.11658E-03
    -73.172705113363    -73.172705113363         0.11484E-03
    -73.169205610283    -73.169205610283         0.13138E-03
    -73.170502475605    -73.170502475605         0.17453E-03
    -73.169730592971    -73.169730592971         0.23084E-04
    -73.169484320380    -73.169484320380         0.12567E-03
    -73.170455747016    -73.170455747016         0.12359E-03
    -73.172714643413    -73.172714643413         0.10310E-03
    -73.170805535570    -73.170805535570         0.10300E-03
    -73.171094097715    -73.171094097715         0.88511E-04
    -73.171398781901    -73.171398781901         0.13336E-03
    -73.171307958016    -73.171307958016         0.89278E-04
    -73.172694528622    -73.172694528622         0.96499E-04
    -73.171874602090    -73.171874602090         0.85032E-04
    -73.169850934065    -73.169850934065         0.26319E-04
    -73.171318341136    -73.171318341136         0.17893E-03
    -73.169324769798    -73.169324769798         0.10947E-03
    -73.171874458997    -73.171874458997         0.84873E-04
    -73.171865105192    -73.171865105192         0.33677E-04
    -73.172068793644    -73.172068793644         0.15663E-03
    -73.169724609139    -73.169724609139         0.17881E-03
    -73.171428564723    -73.171428564723         0.12198E-03
    -73.170829131004    -73.170829131004         0.16159E-03
    -73.171506678432    -73.171506678432         0.91107E-04
    -73.169836674695    -73.169836674695         0.24787E-04
    -73.169492434754    -73.169492434754         0.78823E-04
    -73.170822054849    -73.170822054849         0.61577E-04
    -73.169854888472    -73.169854888472         0.18998E-03
    -73.172273587455    -73.172273587455         0.12849E-03
    -73.169873564537    -73.169873564537         0.14321E-03
    -73.170494461990    -73.170494461990         0.86169E-04
    -73.169337637191    -73.169337637191         0.14066E-03
    -73.171897514990    -73.171897514990         0.10705E-03
    -73.169232854854    -73.169232854854         0.13877E-03
    -73.172716610003    -73.172716610003         0.16587E-03
    -73.170923220407    -73.170923220407         0.19878E-03
    -73.169787037758    -73.169787037758         0.14953E-03
    -73.171843822098    -73.171843822098         0.14869E-03
    -73.171856069610    -73.171856069610         0.97503E-04
    -73.170613992825    -73.170613992825         0.11952E-03
    -73.169840655333    -73.169840655333         0.16638E-03
    -73.171754474678    -73.171754474678         0.15790E-03
    -73.169801663546    -73.169801663546         0.14603E-03
    -73.171981678958    -73.171981678958         0.11114E-03
    -73.169817210551    -73.169817210551         0.16050E-03
    -73.172065832775    -73.172065832775         0.27851E-04
    -73.169733042250    -73.169733042250         0.16567E-03
    -73.172701283088    -73.172701283088         0.14264E-03
    -73.169209798595    -73.169209798595         0.11743E-03
    -73.169725780183    -73.169725780183         0.51812E-04
    -73.170624368171    -73.170624368171         0.39296E-04
    -73.171882758066    -73.171882758066         0.11753E-03
    -73.169728865232    -73.169728865232         0.19946E-03
    -73.169789969584    -73.169789969584         0.17188E-03
    -73.169214393607    -73.169214393607         0.10735E-03
    -73.171744899065    -73.171744899065         0.87923E-04
    -73.171856237461    -73.171856237461         0.19258E-03
    -73.170781788985    -73.170781788985         0.19606E-03
    -73.169208777614    -73.169208777614         0.19535E-03
    -73.169786199274    -73.169786199274         0.75846E-04
    -73.169773936572    -73.169773936572         0.18911E-03
    -73.172292548890    -73.172292548890         0.15655E-03
    -73.171874426912    -73.171874426912         0.18382E-03
    -73.169690334508    -73.169690334508         0.14708E-03
    -73.170274478954    -73.170274478954         0.10544E-03
    -73.170656401179    -73.170656401179         0.13233E-03
    -73.171889708601    -73.171889708601         0.95669E-04
    -73.170651680409    -73.170651680409         0.10091E-03
    -73.170831531534    -73.170831531534         0.55823E-04
    -73.170792206697    -73.170792206697         0.11257E-03
    -73.169322014993    -73.169322014993         0.18313E-03
    -73.169693144743    -73.169693144743         0.15214E-03
    -73.169203477105    -73.169203477105         0.12598E-03
    -73.169708857020    -73.169708857020         0.19574E-03
    -73.171789556179    -73.171789556179         0.10445E-03
    -73.169814470548    -73.169814470548         0.11294E-03
    -73.170795176260    -73.170795176260         0.16098E-03
    -73.169821231002    -73.169821231002         0.13261E-03
    -73.169224282577    -73.169224282577         0.10877E-03
    -73.169194785179    -73.169194785179         0.16171E-03
    -73.169799098062    -73.169799098062         0.16624E-03
    -73.169226445407    -73.169226445407         0.14222E-03
    -73.169718162401    -73.169718162401         0.19370E-03
    -73.171907986460    -73.171907986460         0.10376E-03
    -73.169770883464    -73.169770883464         0.16509E-03
    -73.170847902364    -73.170847902364         0.19336E-03
    -73.171304144384    -73.171304144384         0.84630E-04
    -73.169240209512    -73.169240209512         0.13721E-03
    -73.169218659301    -73.169218659301         0.87658E-04
    -73.169680196878    -73.169680196878         0.18840E-03
    -73.169790818736    -73.169790818736         0.99996E-04
    -73.171980810236    -73.171980810236         0.17940E-03
    -73.170864002819    -73.170864002819         0.50662E-04
    -73.170302686462    -73.170302686462         0.67865E-04
    -73.170954318692    -73.170954318692         0.13763E-03
    -73.172065386254    -73.172065386254         0.11680E-03
    -73.171409094204    -73.171409094204         0.16560E-03
    -73.171287997281    -73.171287997281         0.18685E-03
    -73.169494815686    -73.169494815686         0.15961E-03
    -73.171315309402    -73.171315309402         0.16969E-03
    -73.169230035160    -73.169230035160         0.10618E-03
    -73.171732576784    -73.171732576784         0.18064E-03
    -73.171960370043    -73.171960370043         0.58224E-04
    -73.169339956379    -73.169339956379         0.11297E-03
    -73.171536482049    -73.171536482049         0.15706E-03
    -73.171780229865    -73.171780229865         0.72427E-04
    -73.169706989522    -73.169706989522         0.97389E-04
    -73.169832363743    -73.169832363743         0.13868E-03
    -73.172708698227    -73.172708698227         0.12196E-03
    -73.169866692737    -73.169866692737         0.13752E-03
    -73.169776794271    -73.169776794271         0.79987E-04
    -73.171315382193    -73.171315382193         0.15648E-03
    -73.169229947844    -73.169229947844         0.15152E-03
    -73.170820812888    -73.170820812888         0.17546E-03
    -73.169801642681    -73.169801642681         0.12838E-03
    -73.169883710451    -73.169883710451         0.16899E-03
    -73.171106662857    -73.171106662857         0.74531E-04
    -73.169331585979    -73.169331585979         0.10180E-03
    -73.169325608663    -73.169325608663         0.13320E-03
    -73.171381015706    -73.171381015706         0.66172E-04
    -73.169194220748    -73.169194220748         0.99814E-04
    -73.170851065308    -73.170851065308         0.19571E-03
    -73.169324187789    -73.169324187789         0.13067E-03
    -73.170512450756    -73.170512450756         0.66613E-04
    -73.170764759881    -73.170764759881         0.15241E-03
    -73.171897508763    -73.171897508763         0.10594E-03
    -73.169486571759    -73.169486571759         0.17000E-03
    -73.169248497929    -73.169248497929         0.14282E-03
    -73.169785417044    -73.169785417044         0.98620E-04
    -73.171852198726    -73.171852198726         0.35096E-04
    -73.171876378842    -73.171876378842         0.18407E-03
    -73.172693770271    -73.172693770271         0.19328E-03
    -73.171814725167    -73.171814725167         0.11536E-03
    -73.169796608900    -73.169796608900         0.14112E-03
    -73.169796454693    -73.169796454693         0.15821E-03
    -73.169225134418    -73.169225134418         0.96707E-04
    -73.169237071059    -73.169237071059         0.11297E-03
    -73.170804929330    -73.170804929330         0.73293E-04
    -73.170254235892    -73.170254235892         0.16163E-03
    -73.169354710047    -73.169354710047         0.90558E-04
    -73.169771429221    -73.169771429221         0.95778E-04
    -73.169457116219    -73.169457116219         0.19031E-03
    -73.169725755290    -73.169725755290         0.17197E-03
    -73.169827622103    -73.169827622103         0.88582E-04
    -73.172692197663    -73.172692197663         0.13139E-03
    -73.172049602044    -73.172049602044         0.67417E-04
    -73.169227642364    -73.169227642364         0.16008E-03
    -73.169829798647    -73.169829798647         0.19417E-03
    -73.169861506046    -73.169861506046         0.10450E-03
    -73.169852241372    -73.169852241372         0.79045E-04
    -73.171322158241    -73.171322158241         0.14584E-03
    -73.171974803750    -73.171974803750         0.14837E-03
    -73.171864597547    -73.171864597547         0.19248E-03
    -73.170622772015    -73.170622772015         0.16581E-03
    -73.172070474063    -73.172070474063         0.16078E-03
    -73.169816951731    -73.169816951731         0.13030E-03
    -73.169830253334    -73.169830253334         0.11923E-03
    -73.169326390465    -73.169326390465         0.15478E-03
    -73.169884928868    -73.169884928868         0.68029E-04
    -73.169836762002    -73.169836762002         0.12062E-03
    -73.171911042172    -73.171911042172         0.14136E-03
    -73.172697063011    -73.172697063011         0.86839E-04
    -73.169809630598    -73.169809630598         0.14420E-03
    -73.170784168827    -73.170784168827         0.14260E-03
    -73.171906912806    -73.171906912806         0.12097E-03
    -73.171281905041    -73.171281905041         0.88388E-04
    -73.171415726512    -73.171415726512         0.13770E-03
    -73.171304611000    -73.171304611000         0.87952E-04
    -73.171284937219    -73.171284937219         0.13456E-03
    -73.171142523794    -73.171142523794         0.17879E-03
    -73.170095797073    -73.170095797073         0.86145E-04
    -73.170828262226    -73.170828262226         0.96639E-04
    -73.171304592786    -73.171304592786         0.86862E-04
    -73.169326882985    -73.169326882985         0.51982E-04
    -73.169683188358    -73.169683188358         0.10839E-03
    -73.169456114356    -73.169456114356         0.12573E-03
    -73.169688080076    -73.169688080076         0.90841E-04
    -73.169812359361    -73.169812359361         0.16325E-03
    -73.169472105165    -73.169472105165         0.17647E-03
    -73.171873610265    -73.171873610265         0.10928E-03
    -73.171311560040    -73.171311560040         0.15155E-03
    -73.172247857000    -73.172247857000         0.19318E-03
    -73.171498352942    -73.171498352942         0.71640E-04
    -73.169204879161    -73.169204879161         0.19898E-03
    -73.169722562718    -73.169722562718         0.85817E-04
    -73.169276807524    -73.169276807524         0.37286E-04
    -73.171839642147    -73.171839642147         0.95071E-04
    -73.170956070289    -73.170956070289         0.10768E-03
    -73.169803606212    -73.169803606212         0.17995E-03
    -73.169287659695    -73.169287659695         0.54021E-04
    -73.169683296240    -73.169683296240         0.49927E-04
    -73.169845027854    -73.169845027854         0.13662E-03
    -73.169326327447    -73.169326327447         0.19207E-03
    -73.171107765198    -73.171107765198         0.57807E-04
    -73.170925614829    -73.170925614829         0.71113E-04
    -73.170716189264    -73.170716189264         0.60748E-04
    -73.169813578249    -73.169813578249         0.16926E-03
    -73.169806771899    -73.169806771899         0.16876E-03
    -73.169329389780    -73.169329389780         0.64308E-04
    -73.169192207229    -73.169192207229         0.17008E-03
    -73.170859624771    -73.170859624771         0.12017E-03
    -73.169332408580    -73.169332408580         0.18878E-03
    -73.169845644242    -73.169845644242         0.11203E-03
    -73.172713143102    -73.172713143102         0.15680E-03
    -73.172711437971    -73.172711437971         0.14313E-03
    -73.171855756926    -73.171855756926         0.75497E-04
    -73.171298961612    -73.171298961612         0.92923E-04
    -73.172680926440    -73.172680926440         0.11781E-03
    -73.169214305051    -73.169214305051         0.12323E-03
    -73.171763578878    -73.171763578878         0.11779E-03
    -73.171302423879    -73.171302423879         0.19731E-03
    -73.169857276760    -73.169857276760         0.19144E-03
    -73.172714375217    -73.172714375217         0.96503E-04
    -73.169326779442    -73.169326779442         0.13295E-03
    -73.170794772516    -73.170794772516         0.48737E-04
    -73.169701393745    -73.169701393745         0.85267E-04
    -73.169837940610    -73.169837940610         0.13988E-03
    -73.170809699174    -73.170809699174         0.43202E-04
    -73.169243831273    -73.169243831273         0.81920E-04
    -73.170629377425    -73.170629377425         0.18895E-03
    -73.169763401624    -73.169763401624         0.11576E-03
    -73.172288125418    -73.172288125418         0.11929E-03
    -73.169208575478    -73.169208575478         0.19906E-03
    -73.171402234918    -73.171402234918         0.92114E-04
    -73.170132829759    -73.170132829759         0.11598E-03
    -73.169206401236    -73.169206401236         0.12713E-03
    -73.169209920749    -73.169209920749         0.82504E-04
    -73.172713896318    -73.172713896318         0.13639E-03
    -73.169333025353    -73.169333025353         0.11365E-03
    -73.169495130303    -73.169495130303         0.19680E-03
    -73.169812005770    -73.169812005770         0.19868E-03
    -73.169344986781    -73.169344986781         0.14999E-03
    -73.169799144136    -73.169799144136         0.15311E-03
    -73.170863295080    -73.170863295080         0.51818E-04
    -73.169512064812    -73.169512064812         0.16709E-03
    -73.169828785372    -73.169828785372         0.10277E-03
    -73.171838906754    -73.171838906754         0.18464E-03
    -73.169211075741    -73.169211075741         0.10964E-03
    -73.171287208300    -73.171287208300         0.16527E-03
    -73.172059663027    -73.172059663027         0.11450E-03
    -73.169725404398    -73.169725404398         0.15110E-03
    -73.171495621748    -73.171495621748         0.16640E-03
    -73.169684342160    -73.169684342160         0.12923E-03
    -73.169799476406    -73.169799476406         0.15637E-03
    -73.170676214277    -73.170676214277         0.88784E-04
    -73.171530853542    -73.171530853542         0.42531E-04
    -73.172047288086    -73.172047288086         0.17285E-03
    -73.172080700192    -73.172080700192         0.89677E-04
    -73.171389149357    -73.171389149357         0.50501E-04
    -73.169262394362    -73.169262394362         0.62793E-04
    -73.170264032012    -73.170264032012         0.92816E-04
    -73.169214316085    -73.169214316085         0.10670E-03
    -73.169819214391    -73.169819214391         0.18165E-03
    -73.169727432179    -73.169727432179         0.16826E-03
    -73.170613026252    -73.170613026252         0.71144E-04
    -73.169271585256    -73.169271585256         0.62357E-04
    -73.169208473551    -73.169208473551         0.12547E-03
    -73.171675898810    -73.171675898810         0.12693E-03
    -73.169673992899    -73.169673992899         0.61850E-04
    -73.169495145425    -73.169495145425         0.10673E-03
    -73.169856656126    -73.169856656126         0.13166E-03
    -73.169847966868    -73.169847966868         0.20010E-03
    -73.170347380431    -73.170347380431         0.71301E-04
    -73.169452440981    -73.169452440981         0.15577E-03
    -73.171423372941    -73.171423372941         0.19808E-03
    -73.171118257810    -73.171118257810         0.32512E-04
    -73.171884197304    -73.171884197304         0.12933E-03
    -73.169876193831    -73.169876193831         0.78034E-04
    -73.169197854182    -73.169197854182         0.16862E-03
    -73.169216723096    -73.169216723096         0.11774E-03
    -73.169699170801    -73.169699170801         0.18977E-03
    -73.169272024936    -73.169272024936         0.16058E-03
    -73.171971618622    -73.171971618622         0.11397E-03
    -73.169753102090    -73.169753102090         0.18924E-03
    -73.170794592307    -73.170794592307         0.19765E-03
    -73.170256841109    -73.170256841109         0.12391E-03
    -73.169215881201    -73.169215881201         0.15944E-03
    -73.171979320091    -73.171979320091         0.17019E-03
    -73.172707688950    -73.172707688950         0.10260E-03
    -73.169209611836    -73.169209611836         0.67838E-04
    -73.171349408992    -73.171349408992         0.17910E-03
    -73.170252105742    -73.170252105742         0.16566E-03
    -73.169329909867    -73.169329909867         0.10387E-03
    -73.169493407107    -73.169493407107         0.13104E-03
    -73.171120342866    -73.171120342866         0.17688E-03
    -73.170877737213    -73.170877737213         0.19468E-03
    -73.169857541527    -73.169857541527         0.18963E-03
    -73.170557397063    -73.170557397063         0.71084E-04
    -73.169351021987    -73.169351021987         0.67927E-04
    -73.172265348008    -73.172265348008         0.12870E-03
    -73.169223231120    -73.169223231120         0.16314E-03
    -73.169692546588    -73.169692546588         0.44604E-04
    -73.170737777584    -73.170737777584         0.65721E-04
    -73.169338935458    -73.169338935458         0.13777E-03
    -73.169283873237    -73.169283873237         0.15801E-03
    -73.169282783663    -73.169282783663         0.78667E-04
    -73.170800714168    -73.170800714168         0.75937E-04
    -73.169496838091    -73.169496838091         0.19466E-03
    -73.169233000672    -73.169233000672         0.18320E-03
    -73.171878777643    -73.171878777643         0.13060E-03
    -73.171302487804    -73.171302487804         0.18206E-03
    -73.169733131668    -73.169733131668         0.18931E-03
    -73.171901807786    -73.171901807786         0.19822E-03
    -73.171028229801    -73.171028229801         0.17735E-03
    -73.170631039822    -73.170631039822         0.16659E-03
    -73.169824583257    -73.169824583257         0.80886E-04
    -73.169325058245    -73.169325058245         0.68234E-04
    -73.169235310706    -73.169235310706         0.18239E-03
    -73.169477176069    -73.169477176069         0.12382E-03
    -73.171889288378    -73.171889288378         0.69272E-04
    -73.171307515433    -73.171307515433         0.15004E-03
    -73.171852413305    -73.171852413305         0.15075E-03
    -73.169334149681    -73.169334149681         0.13163E-03
    -73.169808986089    -73.169808986089         0.17919E-03
    -73.169349097371    -73.169349097371         0.96414E-04
    -73.170449001221    -73.170449001221         0.18664E-03
    -73.169259324639    -73.169259324639         0.11000E-03
    -73.171412317999    -73.171412317999         0.10521E-03
    -73.171148546092    -73.171148546092         0.19206E-03
    -73.170846451193    -73.170846451193         0.43099E-04
    -73.170724914208    -73.170724914208         0.77655E-04
    -73.169267021856    -73.169267021856         0.16609E-03
    -73.169792314279    -73.169792314279         0.15656E-03
    -73.171690451469    -73.171690451469         0.12984E-03
    -73.171416587378    -73.171416587378         0.15602E-03
    -73.169852484061    -73.169852484061         0.28234E-04
    -73.169779732198    -73.169779732198         0.14965E-03
    -73.169709800100    -73.169709800100         0.12726E-03
    -73.169331064748    -73.169331064748         0.10627E-03
    -73.169807098375    -73.169807098375         0.10870E-03
    -73.169734130108    -73.169734130108         0.93572E-04
    -73.171704572042    -73.171704572042         0.14103E-03
    -73.170841426491    -73.170841426491         0.86678E-04
    -73.169322928151    -73.169322928151         0.10579E-03
    -73.171374079873    -73.171374079873         0.10171E-03
    -73.170258805661    -73.170258805661         0.62392E-04
    -73.171973239724    -73.171973239724         0.69093E-04
    -73.169723346742    -73.169723346742         0.11241E-03
    -73.169779380117    -73.169779380117         0.49065E-04
    -73.169331319996    -73.169331319996         0.79520E-04
    -73.170614412146    -73.170614412146         0.16918E-03
    -73.171866819152    -73.171866819152         0.14874E-03
    -73.169232659541    -73.169232659541         0.19104E-03
    -73.169802457240    -73.169802457240         0.76852E-04
    -73.169734460805    -73.169734460805         0.17744E-03
    -73.171578249105    -73.171578249105         0.12140E-03
    -73.169717973198    -73.169717973198         0.17782E-03
    -73.170483449919    -73.170483449919         0.11800E-03
    -73.170817807487    -73.170817807487         0.17117E-03
    -73.171416152212    -73.171416152212         0.10574E-03
    -73.169780369177    -73.169780369177         0.11326E-03
    -73.169716803884    -73.169716803884         0.96859E-04
    -73.169318625459    -73.169318625459         0.66764E-04
    -73.169712078174    -73.169712078174         0.43396E-04
    -73.169240088079    -73.169240088079         0.14968E-03
    -73.169198555359    -73.169198555359         0.11742E-03
    -73.169202330041    -73.169202330041         0.12112E-03
    -73.169329123997    -73.169329123997         0.15396E-03
    -73.172252220609    -73.172252220609         0.10978E-03
    -73.169207000121    -73.169207000121         0.10202E-03
    -73.169240395486    -73.169240395486         0.19357E-03
    -73.171122792757    -73.171122792757         0.18031E-03
    -73.169228011411    -73.169228011411         0.18727E-03
    -73.171887845059    -73.171887845059         0.15160E-03
    -73.169239027389    -73.169239027389         0.11461E-03
    -73.169257299211    -73.169257299211         0.19237E-03
    -73.170235521600    -73.170235521600         0.14386E-03
    -73.169821543905    -73.169821543905         0.19896E-03
    -73.169825800213    -73.169825800213         0.12958E-03
    -73.169237729627    -73.169237729627         0.11215E-03
    -73.172705844415    -73.172705844415         0.11572E-03
    -73.169341229237    -73.169341229237         0.19317E-03
    -73.171383565090    -73.171383565090         0.20594E-04
    -73.171304084980    -73.171304084980         0.57520E-04
    -73.172070602006    -73.172070602006         0.82537E-04
    -73.171702006593    -73.171702006593         0.10266E-03
    -73.169696659356    -73.169696659356         0.14557E-03
    -73.172266779381    -73.172266779381         0.10640E-03
    -73.170757554951    -73.170757554951         0.17741E-03
    -73.169201707715    -73.169201707715         0.12761E-03
    -73.171862058431    -73.171862058431         0.10652E-03
    -73.169282143594    -73.169282143594         0.19286E-03
    -73.169267376181    -73.169267376181         0.11720E-03
    -73.170886230331    -73.170886230331         0.18528E-03
    -73.170735947209    -73.170735947209         0.18802E-03
    -73.169724783277    -73.169724783277         0.73175E-04
    -73.169796801480    -73.169796801480         0.12317E-03
    -73.169662311576    -73.169662311576         0.70970E-04
    -73.169700398028    -73.169700398028         0.86133E-04
    -73.169509516988    -73.169509516988         0.54661E-04
    -73.172056167973    -73.172056167973         0.12610E-03
    -73.170860079147    -73.170860079147         0.29507E-04
    -73.169203757261    -73.169203757261         0.98846E-04
    -73.171686534889    -73.171686534889         0.17270E-03
    -73.169278912003    -73.169278912003         0.51579E-04
    -73.169720947594    -73.169720947594         0.10584E-03
    -73.169793966651    -73.169793966651         0.12983E-03
    -73.169345438734    -73.169345438734         0.17633E-03
    -73.169207647801    -73.169207647801         0.76876E-04
    -73.169325767044    -73.169325767044         0.16356E-03
    -73.170801097193    -73.170801097193         0.14940E-03
    -73.169691373476    -73.169691373476         0.14935E-03
    -73.169196569985    -73.169196569985         0.83209E-04
    -73.169740280899    -73.169740280899         0.11678E-03
    -73.169707778685    -73.169707778685         0.15753E-03
    -73.169686974156    -73.169686974156         0.86450E-04
    -73.169537743855    -73.169537743855         0.16805E-03
    -73.170631580737    -73.170631580737         0.16067E-03
    -73.169209646274    -73.169209646274         0.12448E-03
    -73.171172336260    -73.171172336260         0.16951E-03
    -73.169764804145    -73.169764804145         0.10386E-03
    -73.169273678244    -73.169273678244         0.66290E-04
    -73.172010695660    -73.172010695660         0.15604E-03
    -73.169775581506    -73.169775581506         0.92547E-04
    -73.169786780282    -73.169786780282         0.79516E-04
    -73.169330721188    -73.169330721188         0.10840E-03
    -73.170251832843    -73.170251832843         0.15422E-03
    -73.171509222250    -73.171509222250         0.17362E-03
    -73.169246636558    -73.169246636558         0.10789E-03
    -73.171880293173    -73.171880293173         0.15848E-03
    -73.169323622909    -73.169323622909         0.11575E-03
    -73.169344418361    -73.169344418361         0.11959E-03
    -73.170242680268    -73.170242680268         0.10260E-03
    -73.171430797198    -73.171430797198         0.18901E-03
    -73.172052070775    -73.172052070775         0.13894E-03
    -73.169223994732    -73.169223994732         0.63605E-04
    -73.169191529464    -73.169191529464         0.13250E-03
    -73.169844955001    -73.169844955001         0.10753E-03
    -73.170479760386    -73.170479760386         0.80547E-04
    -73.171872847021    -73.171872847021         0.82497E-04
    -73.169196850426    -73.169196850426         0.13143E-03
    -73.169238895746    -73.169238895746         0.72930E-04
    -73.170679503743    -73.170679503743         0.88334E-04
    -73.169329428375    -73.169329428375         0.64652E-04
    -73.170698077985    -73.170698077985         0.95710E-04
    -73.169861288005    -73.169861288005         0.17305E-03
    -73.169199584290    -73.169199584290         0.74795E-04
    -73.171865224935    -73.171865224935         0.19291E-03
    -73.170777228856    -73.170777228856         0.32167E-04
    -73.169843504611    -73.169843504611         0.61853E-04
    -73.169840727883    -73.169840727883         0.19334E-03
    -73.171275478020    -73.171275478020         0.11376E-03
    -73.170782464114    -73.170782464114         0.18227E-03
    -73.171864716854    -73.171864716854         0.14115E-03
    -73.171319762196    -73.171319762196         0.74466E-04
    -73.169766516673    -73.169766516673         0.52741E-04
    -73.169788014685    -73.169788014685         0.14472E-03
    -73.171888035081    -73.171888035081         0.68062E-04
    -73.169339506763    -73.169339506763         0.16761E-03
    -73.170682664121    -73.170682664121         0.55375E-04
    -73.169721962630    -73.169721962630         0.19312E-03
    -73.172259018340    -73.172259018340         0.90588E-04
    -73.169320634690    -73.169320634690         0.17755E-03
    -73.169342401676    -73.169342401676         0.19936E-03
    -73.169245115465    -73.169245115465         0.15733E-03
    -73.169287700923    -73.169287700923         0.19805E-03
    -73.171297045113    -73.171297045113         0.10200E-03
    -73.171409340503    -73.171409340503         0.14397E-03
    -73.169235385086    -73.169235385086         0.19171E-03
    -73.172261523620    -73.172261523620         0.19066E-03
    -73.170926628255    -73.170926628255         0.40467E-04
    -73.169259498552    -73.169259498552         0.12941E-03
    -73.170806835136    -73.170806835136         0.14494E-03
    -73.169338094674    -73.169338094674         0.15584E-03
    -73.170623676346    -73.170623676346         0.11864E-03
    -73.171300446671    -73.171300446671         0.15223E-03
    -73.169234178357    -73.169234178357         0.57359E-04
    -73.170793402401    -73.170793402401         0.13020E-03
    -73.169324160129    -73.169324160129         0.12352E-03
    -73.169825051143    -73.169825051143         0.14115E-03
    -73.169232475396    -73.169232475396         0.18477E-03
    -73.169488404188    -73.169488404188         0.15784E-03
    -73.169237162728    -73.169237162728         0.19728E-03
    -73.169764821226    -73.169764821226         0.11069E-03
    -73.171905263699    -73.171905263699         0.10816E-03
    -73.170690052585    -73.170690052585         0.17012E-03
    -73.170846201641    -73.170846201641         0.19453E-03
    -73.172050515787    -73.172050515787         0.68024E-04
    -73.169720369083    -73.169720369083         0.12767E-03
    -73.169330939106    -73.169330939106         0.10208E-03
    -73.169226766442    -73.169226766442         0.18013E-03
    -73.169345113518    -73.169345113518         0.93842E-04
    -73.169796357227    -73.169796357227         0.16500E-03
    -73.169265699509    -73.169265699509         0.11166E-03
    -73.171391597651    -73.171391597651         0.92134E-04
    -73.169342622511    -73.169342622511         0.18489E-03
    -73.169797923183    -73.169797923183         0.14993E-03
    -73.169510879162    -73.169510879162         0.75420E-04
    -73.171399580624    -73.171399580624         0.19627E-03
    -73.169330465793    -73.169330465793         0.14561E-03
    -73.169194042262    -73.169194042262         0.18875E-03
    -73.170396338425    -73.170396338425         0.18459E-03
    -73.169246799181    -73.169246799181         0.19233E-03
    -73.171133069719    -73.171133069719         0.18974E-03
    -73.170801703112    -73.170801703112         0.11501E-03
    -73.170636919435    -73.170636919435         0.15730E-03
    -73.170257689315    -73.170257689315         0.75052E-04
    -73.171300360272    -73.171300360272         0.19882E-03
    -73.170617183177    -73.170617183177         0.18904E-03
    -73.169234981188    -73.169234981188         0.44574E-04
    -73.171282188184    -73.171282188184         0.19856E-03
    -73.169497418907    -73.169497418907         0.12119E-03
    -73.169234025773    -73.169234025773         0.14730E-03
    -73.171302063499    -73.171302063499         0.80484E-04
    -73.171309215305    -73.171309215305         0.18378E-03
    -73.172692096512    -73.172692096512         0.15388E-03
    -73.171935074368    -73.171935074368         0.15694E-03
    -73.169189387219    -73.169189387219         0.14969E-03
    -73.169329186723    -73.169329186723         0.12601E-03
    -73.169350427486    -73.169350427486         0.10035E-03
    -73.170477313193    -73.170477313193         0.19386E-03
    -73.169329955051    -73.169329955051         0.94652E-04
    -73.170845000597    -73.170845000597         0.10019E-03
    -73.169225937048    -73.169225937048         0.19303E-03
    -73.169702839477    -73.169702839477         0.94720E-04
    -73.169792349309    -73.169792349309         0.42642E-04
    -73.169251757618    -73.169251757618         0.17947E-03
    -73.169217269117    -73.169217269117         0.13780E-03
    -73.169229426683    -73.169229426683         0.12256E-03
    -73.171846302548    -73.171846302548         0.12468E-03
    -73.170837635161    -73.170837635161         0.40598E-04
    -73.169807167933    -73.169807167933         0.11554E-03
    -73.169823534454    -73.169823534454         0.17870E-03
    -73.169345410894    -73.169345410894         0.16080E-03
    -73.169208968500    -73.169208968500         0.98140E-04
    -73.169210664977    -73.169210664977         0.67067E-04
    -73.169832222637    -73.169832222637         0.15562E-03
    -73.171896887364    -73.171896887364         0.86253E-04
    -73.171846965110    -73.171846965110         0.88846E-04
    -73.169343780525    -73.169343780525         0.15432E-03
    -73.169802019523    -73.169802019523         0.16801E-03
    -73.171430123517    -73.171430123517         0.12906E-03
    -73.169736162201    -73.169736162201         0.18563E-03
    -73.171299914514    -73.171299914514         0.13197E-03
    -73.169771088187    -73.169771088187         0.19129E-03
    -73.169828250345    -73.169828250345         0.12336E-03
    -73.171863342867    -73.171863342867         0.16658E-03
    -73.169229027162    -73.169229027162         0.14472E-03
    -73.169249074629    -73.169249074629         0.12492E-03
    -73.169208946984    -73.169208946984         0.70642E-04
    -73.169327560365    -73.169327560365         0.15618E-03
    -73.171425085296    -73.171425085296         0.12946E-03
    -73.169227301493    -73.169227301493         0.18671E-03
    -73.169354842806    -73.169354842806         0.10640E-03
    -73.169243922439    -73.169243922439         0.17920E-03
    -73.169226800072    -73.169226800072         0.19978E-03
    -73.171902661985    -73.171902661985         0.16767E-03
    -73.171852493009    -73.171852493009         0.19311E-03
    -73.169347521130    -73.169347521130         0.96347E-04
    -73.169816803866    -73.169816803866         0.10191E-03
    -73.169779086279    -73.169779086279         0.94125E-04
    -73.169286084464    -73.169286084464         0.16835E-03
    -73.169327277152    -73.169327277152         0.87641E-04
    -73.170702824764    -73.170702824764         0.74843E-04
    -73.169273748230    -73.169273748230         0.13149E-03
    -73.169328960230    -73.169328960230         0.17709E-03
    -73.169220411780    -73.169220411780         0.19718E-03
    -73.169335893973    -73.169335893973         0.17657E-03
    -73.171109904849    -73.171109904849         0.19814E-03
    -73.169619478909    -73.169619478909         0.19236E-03
    -73.171290179033    -73.171290179033         0.15155E-03
    -73.169829874540    -73.169829874540         0.12366E-03
    -73.171305256432    -73.171305256432         0.99104E-04
    -73.169868909504    -73.169868909504         0.85563E-04
    -73.169233125591    -73.169233125591         0.11001E-03
    -73.169780279163    -73.169780279163         0.19601E-03
    -73.171285859149    -73.171285859149         0.19820E-03
    -73.171305846536    -73.171305846536         0.79516E-04
    -73.169328281594    -73.169328281594         0.14485E-03
    -73.171297804225    -73.171297804225         0.17990E-03
    -73.169349610779    -73.169349610779         0.13205E-03
    -73.169800690656    -73.169800690656         0.13185E-03
    -73.171419399878    -73.171419399878         0.10223E-03
    -73.169343017427    -73.169343017427         0.19624E-03
    -73.169783423406    -73.169783423406         0.10889E-03
    -73.172263854215    -73.172263854215         0.11802E-03
    -73.169225743062    -73.169225743062         0.11976E-03
    -73.169861630499    -73.169861630499         0.16143E-03
    -73.170041179426    -73.170041179426         0.11809E-03
    -73.169203470391    -73.169203470391         0.10524E-03
    -73.169797597003    -73.169797597003         0.19675E-03
    -73.171883679299    -73.171883679299         0.15760E-03
    -73.170836657805    -73.170836657805         0.17469E-03
    -73.169291496602    -73.169291496602         0.12559E-03
    -73.170916487035    -73.170916487035         0.83102E-04
    -73.169194111041    -73.169194111041         0.52007E-04
    -73.169724328606    -73.169724328606         0.19610E-03
    -73.169197963501    -73.169197963501         0.14323E-03
    -73.169728971633    -73.169728971633         0.11003E-03
    -73.170702248651    -73.170702248651         0.66396E-04
    -73.171098821269    -73.171098821269         0.15219E-03
    -73.169336272533    -73.169336272533         0.10887E-03
    -73.169200157148    -73.169200157148         0.10948E-03
    -73.169340849147    -73.169340849147         0.17023E-03
    -73.169219636771    -73.169219636771         0.90211E-04
    -73.171313728935    -73.171313728935         0.10255E-03
    -73.169240224390    -73.169240224390         0.17686E-03
    -73.169206608208    -73.169206608208         0.12351E-03
    -73.171902656320    -73.171902656320         0.24682E-04
    -73.169208874228    -73.169208874228         0.94738E-04
    -73.169219656167    -73.169219656167         0.16270E-03
    -73.169241734425    -73.169241734425         0.15318E-03
    -73.170611438216    -73.170611438216         0.74897E-04
    -73.171907732098    -73.171907732098         0.94499E-04
    -73.169742392494    -73.169742392494         0.12156E-03
    -73.169686990982    -73.169686990982         0.17032E-03
    -73.169720945688    -73.169720945688         0.73218E-04
    -73.171279092572    -73.171279092572         0.11560E-03
    -73.170722040330    -73.170722040330         0.40986E-04
    -73.169236268773    -73.169236268773         0.12699E-03
    -73.169311099056    -73.169311099056         0.12086E-03
    -73.170835321021    -73.170835321021         0.15848E-03
    -73.169202816798    -73.169202816798         0.16883E-03
    -73.169200221230    -73.169200221230         0.99713E-04
    -73.171880009686    -73.171880009686         0.43203E-04
    -73.171390575714    -73.171390575714         0.91557E-04
    -73.170854834831    -73.170854834831         0.71918E-04
    -73.169232347741    -73.169232347741         0.69371E-04
    -73.169234583272    -73.169234583272         0.11585E-03
    -73.170482492271    -73.170482492271         0.10680E-03
    -73.169256796344    -73.169256796344         0.88609E-04
    -73.171896807730    -73.171896807730         0.73416E-04
    -73.169204688350    -73.169204688350         0.10251E-03
    -73.169720103870    -73.169720103870         0.95393E-04
    -73.169241246940    -73.169241246940         0.97557E-04
    -73.170489699065    -73.170489699065         0.12413E-03
    -73.170150656482    -73.170150656482         0.10529E-03
    -73.169197001670    -73.169197001670         0.15398E-03
    -73.167218102605    -73.167218102605         0.80373E-04
    -73.169354033753    -73.169354033753         0.70371E-04
    -73.171315389726    -73.171315389726         0.91511E-04
    -73.172695707893    -73.172695707893         0.82727E-04
    -73.169230278401    -73.169230278401         0.17692E-03
    -73.169797007201    -73.169797007201         0.16309E-03
    -73.169780032100    -73.169780032100         0.12108E-03
    -73.169320846207    -73.169320846207         0.14934E-03
    -73.170461302956    -73.170461302956         0.19551E-03
    -73.172256563649    -73.172256563649         0.10617E-03
    -73.169230778367    -73.169230778367         0.11463E-03
    -73.170803392093    -73.170803392093         0.18924E-03
    -73.171886194252    -73.171886194252         0.12688E-03
    -73.169196893359    -73.169196893359         0.19095E-03
    -73.169225617556    -73.169225617556         0.18306E-03
    -73.169795770430    -73.169795770430         0.20013E-03
    -73.169707560315    -73.169707560315         0.19382E-03
    -73.169210844026    -73.169210844026         0.19080E-03
    -73.171909594836    -73.171909594836         0.14881E-03
    -73.169316124926    -73.169316124926         0.16996E-03
    -73.170677959694    -73.170677959694         0.10237E-03
    -73.169202865134    -73.169202865134         0.16819E-03
    -73.170485369009    -73.170485369009         0.84319E-04
    -73.169195047068    -73.169195047068         0.19282E-03
    -73.171315056947    -73.171315056947         0.17390E-03
    -73.169471871658    -73.169471871658         0.10708E-03
    -73.169309336759    -73.169309336759         0.65695E-04
    -73.169222151723    -73.169222151723         0.11813E-03
    -73.169262439968    -73.169262439968         0.80543E-04
    -73.169197253493    -73.169197253493         0.11111E-03
    -73.169828195665    -73.169828195665         0.77118E-04
    -73.169245159365    -73.169245159365         0.18786E-03
    -73.170726472385    -73.170726472385         0.68488E-04
    -73.171851802077    -73.171851802077         0.12641E-03
    -73.171085071025    -73.171085071025         0.86771E-04
    -73.171276519213    -73.171276519213         0.12888E-03
    -73.171257393166    -73.171257393166         0.16822E-03
    -73.170789285360    -73.170789285360         0.14027E-03
    -73.164124355518    -73.164124355518         0.67710E-04
    -73.170787228275    -73.170787228275         0.16127E-03
    -73.170695397934    -73.170695397934         0.52218E-04
    -73.169218200709    -73.169218200709         0.18408E-03
    -73.171320340039    -73.171320340039         0.10408E-03
    -73.170793569570    -73.170793569570         0.11872E-03
    -73.170794952298    -73.170794952298         0.90912E-04
    -73.164129279589    -73.164129279589         0.14600E-03
    -73.170870119712    -73.170870119712         0.10775E-03
    -73.164151028291    -73.164151028291         0.99501E-04
    -73.169190092015    -73.169190092015         0.19784E-03
    -73.170610003913    -73.170610003913         0.68286E-04
    -73.169806154722    -73.169806154722         0.15734E-03
    -73.164126584996    -73.164126584996         0.93761E-04
    -73.169243100707    -73.169243100707         0.11672E-03
    -73.170773650118    -73.170773650118         0.13393E-03
    -73.170247333441    -73.170247333441         0.69298E-04
    -73.170688912918    -73.170688912918         0.19695E-03
