    -81.183151486017    -81.183151486017         0.13020E-03
    -81.183155417159    -81.183155417159         0.13300E-03
    -81.183158585920    -81.183158585920         0.12534E-03
    -81.183159412415    -81.183159412415         0.11731E-03
    -81.183147129674    -81.183147129674         0.84863E-04
    -81.183771890265    -81.183771890265         0.19288E-03
    -81.183153649120    -81.183153649120         0.15461E-03
    -81.183772958346    -81.183772958346         0.12568E-03
    -81.183764255460    -81.183764255460         0.13152E-03
    -81.183768595703    -81.183768595703         0.19500E-03
    -81.183142033845    -81.183142033845         0.15717E-03
    -81.183770603038    -81.183770603038         0.84696E-04
    -81.183764912120    -81.183764912120         0.15773E-03
    -81.183162664826    -81.183162664826         0.15568E-03
    -81.183162216473    -81.183162216473         0.18177E-03
    -81.183754213455    -81.183754213455         0.17727E-03
    -81.183768080334    -81.183768080334         0.95149E-04
    -81.183143226999    -81.183143226999         0.70181E-04
    -81.183763952350    -81.183763952350         0.16479E-03
    -81.183770612854    -81.183770612854         0.12789E-03
    -81.183753587384    -81.183753587384         0.60084E-04
    -81.183163939167    -81.183163939167         0.17588E-03
    -81.183767600632    -81.183767600632         0.18767E-03
    -81.183139121443    -81.183139121443         0.17700E-03
    -81.183164175709    -81.183164175709         0.19330E-03
    -81.183771228030    -81.183771228030         0.15456E-03
    -81.183771962356    -81.183771962356         0.12734E-03
    -81.183139323098    -81.183139323098         0.68687E-04
    -81.183752506488    -81.183752506488         0.11798E-03
    -81.183144806326    -81.183144806326         0.15298E-03
    -81.183763059630    -81.183763059630         0.64857E-04
    -81.183762451221    -81.183762451221         0.86548E-04
    -81.181115069996    -81.181115069996         0.18361E-03
    -81.183131661201    -81.183131661201         0.11805E-03
    -81.183160944657    -81.183160944657         0.16758E-03
    -81.183151271724    -81.183151271724         0.12016E-03
    -81.183136297701    -81.183136297701         0.91764E-04
    -81.181109446004    -81.181109446004         0.12691E-03
    -81.183765707746    -81.183765707746         0.13514E-03
    -81.183769848275    -81.183769848275         0.10155E-03
    -81.183771332850    -81.183771332850         0.11103E-03
    -81.183164261796    -81.183164261796         0.13024E-03
    -81.183757669587    -81.183757669587         0.14985E-03
    -81.183165496547    -81.183165496547         0.74872E-04
    -81.183769064729    -81.183769064729         0.17224E-03
    -81.181113921663    -81.181113921663         0.18211E-03
    -81.183148210513    -81.183148210513         0.18411E-03
    -81.183162935675    -81.183162935675         0.11118E-03
    -81.183761190312    -81.183761190312         0.19022E-03
    -81.183158272007    -81.183158272007         0.10065E-03
    -81.183770140509    -81.183770140509         0.16088E-03
    -81.183757605489    -81.183757605489         0.38337E-04
    -81.183125558602    -81.183125558602         0.18212E-03
    -81.183760519114    -81.183760519114         0.14296E-03
    -81.181111499175    -81.181111499175         0.14718E-03
    -81.183763455580    -81.183763455580         0.99710E-04
    -81.183134998537    -81.183134998537         0.97124E-04
    -81.181110394255    -81.181110394255         0.10508E-03
    -81.183760683896    -81.183760683896         0.11109E-03
    -81.181109941646    -81.181109941646         0.19413E-03
    -81.179880582457    -81.179880582457         0.13067E-03
    -81.183767526167    -81.183767526167         0.18670E-03
    -81.181111697835    -81.181111697835         0.94031E-04
    -81.183753087995    -81.183753087995         0.85316E-04
    -81.183762879517    -81.183762879517         0.12894E-03
    -81.183749845868    -81.183749845868         0.17206E-03
    -81.183759887201    -81.183759887201         0.10461E-03
    -81.181104360794    -81.181104360794         0.10333E-03
    -81.183162165936    -81.183162165936         0.19019E-03
    -81.180186599528    -81.180186599528         0.18584E-03
    -81.181111132301    -81.181111132301         0.10959E-03
    -81.183121520809    -81.183121520809         0.87760E-04
    -81.183147458931    -81.183147458931         0.87452E-04
    -81.183757761611    -81.183757761611         0.10459E-03
    -81.183141660027    -81.183141660027         0.13599E-03
    -81.181108279466    -81.181108279466         0.11547E-03
    -81.181109836856    -81.181109836856         0.82922E-04
    -81.183762192787    -81.183762192787         0.88269E-04
    -81.181102838164    -81.181102838164         0.16558E-03
    -81.179641358355    -81.179641358355         0.72491E-04
    -81.183766223469    -81.183766223469         0.79637E-04
    -81.183752160205    -81.183752160205         0.15369E-03
    -81.183753113854    -81.183753113854         0.98435E-04
    -81.179758410986    -81.179758410986         0.87637E-04
    -81.181101325022    -81.181101325022         0.12056E-03
    -81.183145946203    -81.183145946203         0.16110E-03
    -81.180005795758    -81.180005795758         0.17693E-03
    -81.180001509548    -81.180001509548         0.10097E-03
    -81.179901690025    -81.179901690025         0.18920E-03
    -81.179882704336    -81.179882704336         0.80279E-04
    -81.183760073486    -81.183760073486         0.19772E-03
    -81.181112561764    -81.181112561764         0.66080E-04
    -81.183760082262    -81.183760082262         0.15044E-03
    -81.183753935158    -81.183753935158         0.17686E-03
    -81.179756104629    -81.179756104629         0.11693E-03
    -81.180001473104    -81.180001473104         0.13780E-03
    -81.181109570571    -81.181109570571         0.18674E-03
    -81.179907391540    -81.179907391540         0.14318E-03
    -81.181098892172    -81.181098892172         0.10168E-03
    -81.180171914511    -81.180171914511         0.10259E-03
    -81.183137439380    -81.183137439380         0.14352E-03
    -81.180134347063    -81.180134347063         0.15902E-03
    -81.183750905712    -81.183750905712         0.18872E-03
    -81.179754682235    -81.179754682235         0.18409E-03
    -81.181100409996    -81.181100409996         0.18976E-03
    -81.181102778735    -81.181102778735         0.13182E-03
    -81.179907656457    -81.179907656457         0.61736E-04
    -81.183758440008    -81.183758440008         0.19470E-03
    -81.181106470014    -81.181106470014         0.13425E-03
    -81.179758068423    -81.179758068423         0.90565E-04
    -81.181103112273    -81.181103112273         0.12735E-03
    -81.181111297899    -81.181111297899         0.14954E-03
    -81.181100566071    -81.181100566071         0.12980E-03
    -81.179663577328    -81.179663577328         0.19450E-03
    -81.180001713930    -81.180001713930         0.11805E-03
    -81.180004367683    -81.180004367683         0.91802E-04
    -81.180003400095    -81.180003400095         0.19544E-03
    -81.183748833657    -81.183748833657         0.11278E-03
    -81.181096704416    -81.181096704416         0.12418E-03
    -81.181112124144    -81.181112124144         0.10701E-03
    -81.180185355838    -81.180185355838         0.85995E-04
    -81.183143963052    -81.183143963052         0.17614E-03
    -81.181106580930    -81.181106580930         0.15824E-03
    -81.181090588765    -81.181090588765         0.13937E-03
    -81.179757040308    -81.179757040308         0.17741E-03
    -81.178890236587    -81.178890236587         0.18860E-03
    -81.180199139132    -81.180199139132         0.14153E-03
    -81.178906434015    -81.178906434015         0.12465E-03
    -81.178896542229    -81.178896542229         0.21455E-04
    -81.179905587678    -81.179905587678         0.12616E-03
    -81.180186327975    -81.180186327975         0.18217E-03
    -81.181099959164    -81.181099959164         0.13656E-03
    -81.179935674422    -81.179935674422         0.19266E-03
    -81.179756206403    -81.179756206403         0.12855E-03
    -81.180004210538    -81.180004210538         0.77463E-04
    -81.178546405423    -81.178546405423         0.12000E-03
    -81.181098771799    -81.181098771799         0.15322E-03
    -81.178615064737    -81.178615064737         0.18403E-03
    -81.178896779919    -81.178896779919         0.95683E-04
    -81.180192778716    -81.180192778716         0.94581E-04
    -81.180183606355    -81.180183606355         0.76705E-04
    -81.179924617930    -81.179924617930         0.14211E-03
    -81.179999090580    -81.179999090580         0.83052E-04
    -81.181095828328    -81.181095828328         0.16007E-03
    -81.181107348816    -81.181107348816         0.96116E-04
    -81.183132579037    -81.183132579037         0.11040E-03
    -81.183142743358    -81.183142743358         0.12520E-03
    -81.178946318200    -81.178946318200         0.15247E-03
    -81.180201132857    -81.180201132857         0.17310E-03
    -81.179722494289    -81.179722494289         0.18452E-03
    -81.179757881530    -81.179757881530         0.14510E-03
    -81.180116103654    -81.180116103654         0.28645E-04
    -81.178540576152    -81.178540576152         0.17423E-03
    -81.183159239618    -81.183159239618         0.15938E-03
    -81.178620525979    -81.178620525979         0.16810E-03
    -81.180180058244    -81.180180058244         0.74742E-04
    -81.179754113217    -81.179754113217         0.84512E-04
    -81.179922199427    -81.179922199427         0.76779E-04
    -81.181096138279    -81.181096138279         0.13801E-03
    -81.178888113167    -81.178888113167         0.16652E-03
    -81.181088820765    -81.181088820765         0.15394E-03
    -81.180181748125    -81.180181748125         0.17823E-03
    -81.178796823287    -81.178796823287         0.11622E-03
    -81.181113029562    -81.181113029562         0.16904E-03
    -81.180003375691    -81.180003375691         0.87828E-04
    -81.178875319678    -81.178875319678         0.85247E-04
    -81.180000822399    -81.180000822399         0.19156E-03
    -81.178544586398    -81.178544586398         0.11348E-03
    -81.179755303754    -81.179755303754         0.99543E-04
    -81.179912411607    -81.179912411607         0.79229E-04
    -81.181093244451    -81.181093244451         0.16575E-03
    -81.178616641981    -81.178616641981         0.17201E-03
    -81.178887932696    -81.178887932696         0.71623E-04
    -81.178621413122    -81.178621413122         0.12493E-03
    -81.179779680610    -81.179779680610         0.91369E-04
    -81.181100087039    -81.181100087039         0.87337E-04
    -81.179917192749    -81.179917192749         0.90871E-04
    -81.181091341411    -81.181091341411         0.12041E-03
    -81.181111334724    -81.181111334724         0.18714E-03
    -81.183122908415    -81.183122908415         0.10450E-03
    -81.180180553413    -81.180180553413         0.11624E-03
    -81.181104109232    -81.181104109232         0.14348E-03
    -81.178545268244    -81.178545268244         0.14797E-03
    -81.181090191582    -81.181090191582         0.18476E-03
    -81.180185852963    -81.180185852963         0.11344E-03
    -81.180199980187    -81.180199980187         0.12759E-03
    -81.178890393977    -81.178890393977         0.30062E-04
    -81.180005056005    -81.180005056005         0.12495E-03
    -81.179801642922    -81.179801642922         0.14620E-03
    -81.180180010587    -81.180180010587         0.17939E-03
    -81.179932477837    -81.179932477837         0.71424E-04
    -81.178776075773    -81.178776075773         0.95719E-04
    -81.178775292514    -81.178775292514         0.15764E-03
    -81.178915986611    -81.178915986611         0.87179E-04
    -81.178814349304    -81.178814349304         0.16582E-03
    -81.180126368217    -81.180126368217         0.18843E-03
    -81.181102744099    -81.181102744099         0.10917E-03
    -81.178546945031    -81.178546945031         0.19028E-03
    -81.179818028578    -81.179818028578         0.14956E-03
    -81.180184844575    -81.180184844575         0.73459E-04
    -81.178932131264    -81.178932131264         0.11917E-03
    -81.178555366579    -81.178555366579         0.16103E-03
    -81.179782753526    -81.179782753526         0.98799E-04
    -81.179696343360    -81.179696343360         0.12322E-03
    -81.179696866123    -81.179696866123         0.87396E-04
    -81.179757786690    -81.179757786690         0.18432E-03
    -81.181094412147    -81.181094412147         0.68453E-04
    -81.180178409998    -81.180178409998         0.16620E-03
    -81.178772493798    -81.178772493798         0.61447E-04
    -81.178881633370    -81.178881633370         0.10755E-03
    -81.179910156896    -81.179910156896         0.25003E-04
    -81.178919254657    -81.178919254657         0.15167E-03
    -81.178589318498    -81.178589318498         0.81157E-04
    -81.180002530547    -81.180002530547         0.66389E-04
    -81.181087538895    -81.181087538895         0.30378E-04
    -81.181092147391    -81.181092147391         0.10750E-03
    -81.178951021917    -81.178951021917         0.16094E-03
    -81.179923097778    -81.179923097778         0.12981E-03
    -81.177727850188    -81.177727850188         0.16759E-03
    -81.178618554277    -81.178618554277         0.13228E-03
    -81.180186415445    -81.180186415445         0.15071E-03
    -81.180018154337    -81.180018154337         0.15878E-03
    -81.178534572787    -81.178534572787         0.14025E-03
    -81.180213592783    -81.180213592783         0.16894E-03
    -81.178611598622    -81.178611598622         0.19942E-03
    -81.180194587141    -81.180194587141         0.98010E-04
    -81.180034094087    -81.180034094087         0.10554E-03
    -81.180127391965    -81.180127391965         0.97790E-04
    -81.179761248294    -81.179761248294         0.14597E-03
    -81.179907224200    -81.179907224200         0.14615E-03
    -81.179720898793    -81.179720898793         0.66775E-04
    -81.179721297264    -81.179721297264         0.88097E-04
    -81.178776941322    -81.178776941322         0.15007E-03
    -81.180196581304    -81.180196581304         0.91465E-04
    -81.177730403815    -81.177730403815         0.12468E-03
    -81.177522889127    -81.177522889127         0.12652E-03
    -81.177731974671    -81.177731974671         0.12451E-03
    -81.180036351877    -81.180036351877         0.19369E-03
    -81.180177240668    -81.180177240668         0.67839E-04
    -81.178893531970    -81.178893531970         0.17736E-03
    -81.177817107419    -81.177817107419         0.17858E-03
    -81.178859956065    -81.178859956065         0.14659E-03
    -81.178880808762    -81.178880808762         0.14664E-03
    -81.180038616036    -81.180038616036         0.11703E-03
    -81.178881061250    -81.178881061250         0.15662E-03
    -81.177723553367    -81.177723553367         0.18820E-03
    -81.180186860511    -81.180186860511         0.83843E-04
    -81.179709010620    -81.179709010620         0.13369E-03
    -81.180179798177    -81.180179798177         0.13125E-03
    -81.180005934409    -81.180005934409         0.18780E-03
    -81.178877874937    -81.178877874937         0.11907E-03
    -81.177880372152    -81.177880372152         0.64077E-04
    -81.178546237919    -81.178546237919         0.64244E-04
    -81.181111454203    -81.181111454203         0.91816E-04
    -81.178881839035    -81.178881839035         0.16640E-03
    -81.178903523116    -81.178903523116         0.17840E-03
    -81.178544588467    -81.178544588467         0.19813E-03
    -81.179701529295    -81.179701529295         0.97828E-04
    -81.177227379295    -81.177227379295         0.19774E-03
    -81.178874915061    -81.178874915061         0.85975E-04
    -81.179921932503    -81.179921932503         0.51274E-04
    -81.177236742533    -81.177236742533         0.89757E-04
    -81.181088294655    -81.181088294655         0.12870E-03
    -81.180183633440    -81.180183633440         0.85566E-04
    -81.178783627005    -81.178783627005         0.19454E-03
    -81.177045642879    -81.177045642879         0.14679E-03
    -81.178548338039    -81.178548338039         0.48170E-04
    -81.183161132135    -81.183161132135         0.19788E-03
    -81.179766957267    -81.179766957267         0.13220E-03
    -81.180122626542    -81.180122626542         0.11677E-03
    -81.180013175713    -81.180013175713         0.13051E-03
    -81.177722079470    -81.177722079470         0.18886E-03
    -81.180205168605    -81.180205168605         0.87681E-04
    -81.180023191023    -81.180023191023         0.19901E-03
    -81.179775114316    -81.179775114316         0.17939E-03
    -81.178588452800    -81.178588452800         0.10622E-03
    -81.180004417824    -81.180004417824         0.18837E-03
    -81.177288822629    -81.177288822629         0.15331E-03
    -81.180191154398    -81.180191154398         0.18345E-03
    -81.179776672093    -81.179776672093         0.80157E-04
    -81.178868099716    -81.178868099716         0.16343E-03
    -81.179921185877    -81.179921185877         0.11646E-03
    -81.179759366170    -81.179759366170         0.16687E-03
    -81.179775035883    -81.179775035883         0.80412E-04
    -81.179751095748    -81.179751095748         0.17008E-03
    -81.177822191111    -81.177822191111         0.28813E-04
    -81.177525668743    -81.177525668743         0.14509E-03
    -81.177831644106    -81.177831644106         0.11168E-03
    -81.177236039230    -81.177236039230         0.12671E-03
    -81.177360670150    -81.177360670150         0.16372E-03
    -81.180022982772    -81.180022982772         0.15338E-03
    -81.178550892390    -81.178550892390         0.47907E-04
    -81.179773725375    -81.179773725375         0.88461E-04
    -81.177233163111    -81.177233163111         0.71513E-04
    -81.177046761535    -81.177046761535         0.16251E-03
    -81.178543419873    -81.178543419873         0.83419E-04
    -81.178878496232    -81.178878496232         0.83844E-04
    -81.179917054595    -81.179917054595         0.41940E-04
    -81.180189589995    -81.180189589995         0.76898E-04
    -81.177382867302    -81.177382867302         0.91592E-04
    -81.180004904080    -81.180004904080         0.17090E-03
    -81.177724667867    -81.177724667867         0.11569E-03
    -81.177236769789    -81.177236769789         0.17886E-03
    -81.177471428133    -81.177471428133         0.12384E-03
    -81.177315321825    -81.177315321825         0.19787E-03
    -81.180201889498    -81.180201889498         0.18225E-03
    -81.180037110586    -81.180037110586         0.19612E-03
    -81.177384696191    -81.177384696191         0.86686E-04
    -81.178908979592    -81.178908979592         0.85428E-04
    -81.177174669417    -81.177174669417         0.14361E-03
    -81.178878184407    -81.178878184407         0.96223E-04
    -81.178781433301    -81.178781433301         0.19062E-03
    -81.177876676372    -81.177876676372         0.12395E-03
    -81.177229140772    -81.177229140772         0.15040E-03
    -81.178779751342    -81.178779751342         0.79169E-04
    -81.177475982615    -81.177475982615         0.16934E-03
    -81.177045184176    -81.177045184176         0.16383E-03
    -81.178863777067    -81.178863777067         0.25637E-04
    -81.178781688007    -81.178781688007         0.24451E-04
    -81.178549720927    -81.178549720927         0.88021E-04
    -81.178587260872    -81.178587260872         0.11854E-03
    -81.177528906621    -81.177528906621         0.70385E-04
    -81.181105229063    -81.181105229063         0.16828E-03
    -81.178786442172    -81.178786442172         0.18377E-03
    -81.178544688148    -81.178544688148         0.73519E-04
    -81.179764030304    -81.179764030304         0.10375E-03
    -81.180190304545    -81.180190304545         0.10004E-03
    -81.177726863453    -81.177726863453         0.16852E-03
    -81.177365945557    -81.177365945557         0.52981E-04
    -81.176985810100    -81.176985810100         0.90784E-04
    -81.178537699915    -81.178537699915         0.98625E-04
    -81.178904128002    -81.178904128002         0.82307E-04
    -81.178788340274    -81.178788340274         0.16613E-03
    -81.176388297092    -81.176388297092         0.12267E-03
    -81.177791603553    -81.177791603553         0.73627E-04
    -81.177554415719    -81.177554415719         0.91408E-04
    -81.178586072275    -81.178586072275         0.11834E-03
    -81.177293526680    -81.177293526680         0.85493E-04
    -81.178936959128    -81.178936959128         0.21881E-04
    -81.178538348469    -81.178538348469         0.98977E-04
    -81.177377793233    -81.177377793233         0.15471E-03
    -81.177474781398    -81.177474781398         0.30578E-04
    -81.178614355318    -81.178614355318         0.57321E-04
    -81.177845482647    -81.177845482647         0.70461E-04
    -81.179756002318    -81.179756002318         0.12278E-03
    -81.178869582783    -81.178869582783         0.15149E-03
    -81.178923514619    -81.178923514619         0.69031E-04
    -81.181156240404    -81.181156240404         0.16694E-03
    -81.177716190821    -81.177716190821         0.17567E-03
    -81.178878489274    -81.178878489274         0.67085E-04
    -81.179759884943    -81.179759884943         0.84095E-04
    -81.177282012791    -81.177282012791         0.17297E-03
    -81.178582868187    -81.178582868187         0.65513E-04
    -81.178870044765    -81.178870044765         0.85446E-04
    -81.177183062448    -81.177183062448         0.91618E-04
    -81.179922741684    -81.179922741684         0.96746E-04
    -81.177225706373    -81.177225706373         0.15720E-03
    -81.179778167452    -81.179778167452         0.10733E-03
    -81.178932836774    -81.178932836774         0.18766E-03
    -81.178526476238    -81.178526476238         0.83993E-04
    -81.179760181133    -81.179760181133         0.18849E-03
    -81.178897962504    -81.178897962504         0.26359E-04
    -81.176988577900    -81.176988577900         0.94644E-04
    -81.179707379796    -81.179707379796         0.18732E-03
    -81.178931127758    -81.178931127758         0.17689E-03
    -81.177469809719    -81.177469809719         0.14266E-03
    -81.178870851611    -81.178870851611         0.14513E-03
    -81.177266028191    -81.177266028191         0.98876E-04
    -81.178911244840    -81.178911244840         0.19940E-03
    -81.177040576886    -81.177040576886         0.12100E-03
    -81.177546374284    -81.177546374284         0.17687E-03
    -81.179701756078    -81.179701756078         0.90231E-04
    -81.177732309116    -81.177732309116         0.86185E-04
    -81.179779311658    -81.179779311658         0.78148E-04
    -81.177282805084    -81.177282805084         0.80462E-04
    -81.177344709346    -81.177344709346         0.63835E-04
    -81.177873606509    -81.177873606509         0.75307E-04
    -81.177365609526    -81.177365609526         0.71517E-04
    -81.178869463243    -81.178869463243         0.21562E-04
    -81.178600850804    -81.178600850804         0.17423E-03
    -81.177526046950    -81.177526046950         0.12144E-03
    -81.176427388802    -81.176427388802         0.14414E-03
    -81.178538385249    -81.178538385249         0.22237E-04
    -81.176346028006    -81.176346028006         0.85991E-04
    -81.177282862692    -81.177282862692         0.15350E-03
    -81.177242285922    -81.177242285922         0.17999E-03
    -81.177307812643    -81.177307812643         0.11259E-03
    -81.178894268276    -81.178894268276         0.12439E-03
    -81.178538348533    -81.178538348533         0.17658E-03
    -81.178532846520    -81.178532846520         0.12877E-03
    -81.177728380158    -81.177728380158         0.73765E-04
    -81.179760388915    -81.179760388915         0.17840E-03
    -81.179838204088    -81.179838204088         0.19197E-03
    -81.177259804688    -81.177259804688         0.99800E-04
    -81.179738921865    -81.179738921865         0.12464E-03
    -81.180208091799    -81.180208091799         0.92580E-04
    -81.177319926056    -81.177319926056         0.18134E-03
    -81.177735760533    -81.177735760533         0.12077E-03
    -81.176706761297    -81.176706761297         0.84008E-04
    -81.180195670008    -81.180195670008         0.54948E-04
    -81.177384161637    -81.177384161637         0.13844E-03
    -81.178781372555    -81.178781372555         0.79379E-04
    -81.178878823156    -81.178878823156         0.79599E-04
    -81.179926817089    -81.179926817089         0.21982E-04
    -81.177336788639    -81.177336788639         0.10523E-03
    -81.177309373224    -81.177309373224         0.13030E-03
    -81.178547532830    -81.178547532830         0.92281E-04
    -81.176391687575    -81.176391687575         0.17150E-03
    -81.177045468004    -81.177045468004         0.52089E-04
    -81.176060852198    -81.176060852198         0.58398E-04
    -81.178545123688    -81.178545123688         0.14505E-03
    -81.177728035307    -81.177728035307         0.37600E-04
    -81.179755048221    -81.179755048221         0.16805E-03
    -81.176342359749    -81.176342359749         0.70332E-04
    -81.179928015263    -81.179928015263         0.10007E-03
    -81.177329834391    -81.177329834391         0.16157E-03
    -81.179999462627    -81.179999462627         0.15931E-03
    -81.177741931307    -81.177741931307         0.13840E-03
    -81.180022832107    -81.180022832107         0.15388E-03
    -81.177287245552    -81.177287245552         0.10905E-03
    -81.177155008423    -81.177155008423         0.59509E-04
    -81.177516988538    -81.177516988538         0.91513E-04
    -81.178586761417    -81.178586761417         0.14881E-03
    -81.177829998190    -81.177829998190         0.36713E-04
    -81.179781640055    -81.179781640055         0.11222E-03
    -81.176126805868    -81.176126805868         0.18224E-03
    -81.177040436987    -81.177040436987         0.11543E-03
    -81.176390413045    -81.176390413045         0.14094E-03
    -81.177261025150    -81.177261025150         0.14735E-03
    -81.177264192026    -81.177264192026         0.73164E-04
    -81.177025894663    -81.177025894663         0.12182E-03
    -81.177807827145    -81.177807827145         0.85562E-04
    -81.177231007025    -81.177231007025         0.54956E-04
    -81.179764077637    -81.179764077637         0.88480E-04
    -81.176665464706    -81.176665464706         0.10209E-03
    -81.176345018871    -81.176345018871         0.10478E-03
    -81.177248772890    -81.177248772890         0.10175E-03
    -81.177369939141    -81.177369939141         0.51964E-04
    -81.177526175094    -81.177526175094         0.16633E-03
    -81.176767354115    -81.176767354115         0.83631E-04
    -81.178601574489    -81.178601574489         0.10920E-03
    -81.177378871320    -81.177378871320         0.65749E-04
    -81.177253825218    -81.177253825218         0.10504E-03
    -81.176084604168    -81.176084604168         0.19497E-03
    -81.176420900536    -81.176420900536         0.12688E-03
    -81.178542050711    -81.178542050711         0.13401E-03
    -81.177545511098    -81.177545511098         0.16218E-03
    -81.177307417682    -81.177307417682         0.17986E-03
    -81.177380818103    -81.177380818103         0.12989E-03
    -81.176129475696    -81.176129475696         0.13536E-03
    -81.177347482275    -81.177347482275         0.15163E-03
    -81.177249922909    -81.177249922909         0.15842E-03
    -81.177489266313    -81.177489266313         0.63231E-04
    -81.177515772101    -81.177515772101         0.51794E-04
    -81.177364915622    -81.177364915622         0.48679E-04
    -81.176581034665    -81.176581034665         0.13893E-03
    -81.177497695699    -81.177497695699         0.14083E-03
    -81.177283127468    -81.177283127468         0.46814E-04
    -81.177720060768    -81.177720060768         0.56197E-04
    -81.176990216924    -81.176990216924         0.65645E-04
    -81.177038213783    -81.177038213783         0.19573E-03
    -81.178796668789    -81.178796668789         0.15754E-03
    -81.176348183496    -81.176348183496         0.16322E-03
    -81.178504503663    -81.178504503663         0.11914E-03
    -81.177715331344    -81.177715331344         0.17133E-03
    -81.177288391925    -81.177288391925         0.91988E-04
    -81.177729676188    -81.177729676188         0.13488E-03
    -81.177392591291    -81.177392591291         0.17439E-03
    -81.176540432117    -81.176540432117         0.91375E-04
    -81.177281523382    -81.177281523382         0.17855E-03
    -81.176386211446    -81.176386211446         0.13028E-03
    -81.177789913021    -81.177789913021         0.77179E-04
    -81.179773082686    -81.179773082686         0.11864E-03
    -81.177732751104    -81.177732751104         0.99655E-04
    -81.176958440725    -81.176958440725         0.13891E-03
    -81.179794782772    -81.179794782772         0.80109E-04
    -81.177038264205    -81.177038264205         0.16113E-03
    -81.177728654899    -81.177728654899         0.99157E-04
    -81.179774965235    -81.179774965235         0.10857E-03
    -81.178867147684    -81.178867147684         0.14743E-03
    -81.177304368086    -81.177304368086         0.71813E-04
    -81.178916060804    -81.178916060804         0.90568E-04
    -81.177856170140    -81.177856170140         0.18947E-03
    -81.176771733978    -81.176771733978         0.93442E-04
    -81.178603973081    -81.178603973081         0.98901E-04
    -81.176715475909    -81.176715475909         0.16591E-03
    -81.178939620593    -81.178939620593         0.96366E-04
    -81.178877923580    -81.178877923580         0.14075E-03
    -81.177319669906    -81.177319669906         0.12414E-03
    -81.178538884178    -81.178538884178         0.72091E-04
    -81.177519831405    -81.177519831405         0.17289E-03
    -81.179786871799    -81.179786871799         0.18543E-03
    -81.176343475200    -81.176343475200         0.15810E-03
    -81.180005818923    -81.180005818923         0.17836E-03
    -81.176349246698    -81.176349246698         0.15132E-03
    -81.177264917854    -81.177264917854         0.14872E-03
    -81.177540740792    -81.177540740792         0.14592E-03
    -81.177568166514    -81.177568166514         0.10814E-03
    -81.177519860237    -81.177519860237         0.15258E-03
    -81.176077101047    -81.176077101047         0.10204E-03
    -81.177388044094    -81.177388044094         0.18139E-03
    -81.177855233758    -81.177855233758         0.53722E-04
    -81.177259628943    -81.177259628943         0.12458E-03
    -81.177397587943    -81.177397587943         0.10200E-03
    -81.177346177648    -81.177346177648         0.79000E-04
    -81.176145093133    -81.176145093133         0.15042E-03
    -81.177332542078    -81.177332542078         0.12906E-03
    -81.177537138055    -81.177537138055         0.18507E-03
    -81.178581200012    -81.178581200012         0.18591E-03
    -81.176415147542    -81.176415147542         0.28813E-04
    -81.179766869128    -81.179766869128         0.19435E-03
    -81.178585271428    -81.178585271428         0.82208E-04
    -81.176388646583    -81.176388646583         0.12933E-03
    -81.176228458239    -81.176228458239         0.82311E-04
    -81.176574777543    -81.176574777543         0.13051E-03
    -81.176590490890    -81.176590490890         0.13579E-03
    -81.177829791711    -81.177829791711         0.80317E-04
    -81.177328663932    -81.177328663932         0.11806E-03
    -81.177243546276    -81.177243546276         0.51742E-04
    -81.179776170549    -81.179776170549         0.13638E-03
    -81.177716872120    -81.177716872120         0.93422E-04
    -81.177739362076    -81.177739362076         0.95591E-04
    -81.177401995367    -81.177401995367         0.52704E-04
    -81.177824309036    -81.177824309036         0.18276E-03
    -81.175869333331    -81.175869333331         0.11387E-03
    -81.181100351967    -81.181100351967         0.12902E-03
    -81.179737383846    -81.179737383846         0.81234E-04
    -81.177519797650    -81.177519797650         0.15773E-03
    -81.177478500214    -81.177478500214         0.16899E-03
    -81.177022307086    -81.177022307086         0.71155E-04
    -81.179704238101    -81.179704238101         0.58893E-04
    -81.177733664458    -81.177733664458         0.13172E-03
    -81.176419693329    -81.176419693329         0.16918E-03
    -81.177259339344    -81.177259339344         0.12940E-03
    -81.178602228168    -81.178602228168         0.13722E-03
    -81.176932050341    -81.176932050341         0.18399E-03
    -81.177259100085    -81.177259100085         0.16981E-03
    -81.177521670172    -81.177521670172         0.98593E-04
    -81.177323795196    -81.177323795196         0.58765E-04
    -81.177724573023    -81.177724573023         0.16965E-03
    -81.177317801848    -81.177317801848         0.10743E-03
    -81.177390209132    -81.177390209132         0.14224E-03
    -81.179914150564    -81.179914150564         0.10600E-03
    -81.175791547095    -81.175791547095         0.14036E-03
    -81.177562876803    -81.177562876803         0.10378E-03
    -81.177041865869    -81.177041865869         0.13395E-03
    -81.175615797620    -81.175615797620         0.19783E-03
    -81.179774008812    -81.179774008812         0.13516E-03
    -81.178544852858    -81.178544852858         0.75710E-04
    -81.177723916846    -81.177723916846         0.16862E-03
    -81.177277541077    -81.177277541077         0.88887E-04
    -81.176298252419    -81.176298252419         0.12293E-03
    -81.177413639931    -81.177413639931         0.15398E-03
    -81.177335871670    -81.177335871670         0.10691E-03
    -81.175782841300    -81.175782841300         0.77609E-04
    -81.176572618730    -81.176572618730         0.14411E-03
    -81.177558308361    -81.177558308361         0.97900E-04
    -81.176416320943    -81.176416320943         0.14765E-03
    -81.177308087791    -81.177308087791         0.15105E-03
    -81.178783662081    -81.178783662081         0.10342E-03
    -81.180038114640    -81.180038114640         0.12011E-03
    -81.177713899272    -81.177713899272         0.18996E-03
    -81.178891824715    -81.178891824715         0.15530E-03
    -81.177239990226    -81.177239990226         0.69932E-04
    -81.177035335304    -81.177035335304         0.18139E-03
    -81.176072108836    -81.176072108836         0.14163E-03
    -81.176459841237    -81.176459841237         0.11621E-03
    -81.176740319643    -81.176740319643         0.12777E-03
    -81.177240435103    -81.177240435103         0.11681E-03
    -81.177483199472    -81.177483199472         0.18573E-03
    -81.177820134190    -81.177820134190         0.54156E-04
    -81.178766782634    -81.178766782634         0.10377E-03
    -81.177812958948    -81.177812958948         0.77534E-04
    -81.177273063799    -81.177273063799         0.19252E-03
    -81.175651618309    -81.175651618309         0.15626E-03
    -81.177530201114    -81.177530201114         0.10902E-03
    -81.178915191179    -81.178915191179         0.92892E-04
    -81.176537371147    -81.176537371147         0.12134E-03
    -81.177301816971    -81.177301816971         0.15996E-03
    -81.176772527225    -81.176772527225         0.74713E-04
    -81.176538052915    -81.176538052915         0.65792E-04
    -81.177832236330    -81.177832236330         0.17933E-03
    -81.177862791475    -81.177862791475         0.13073E-03
    -81.177175432588    -81.177175432588         0.92417E-04
    -81.177332668757    -81.177332668757         0.10332E-03
    -81.176206712698    -81.176206712698         0.13622E-03
    -81.177549473235    -81.177549473235         0.83860E-04
    -81.177191547912    -81.177191547912         0.15382E-03
    -81.176937862631    -81.176937862631         0.18535E-03
    -81.176212281449    -81.176212281449         0.16745E-03
    -81.176116019026    -81.176116019026         0.53126E-04
    -81.177285470508    -81.177285470508         0.11696E-03
    -81.177535659094    -81.177535659094         0.16853E-03
    -81.176698326586    -81.176698326586         0.12236E-03
    -81.177732876230    -81.177732876230         0.59607E-04
    -81.176349409537    -81.176349409537         0.17746E-03
    -81.176354138863    -81.176354138863         0.92584E-04
    -81.175838735511    -81.175838735511         0.11480E-03
    -81.175787254731    -81.175787254731         0.65215E-04
    -81.177300460720    -81.177300460720         0.15670E-03
    -81.177745205820    -81.177745205820         0.93404E-04
    -81.178529400974    -81.178529400974         0.82951E-04
    -81.179775530445    -81.179775530445         0.12625E-03
    -81.177822931066    -81.177822931066         0.66550E-04
    -81.177853428802    -81.177853428802         0.86247E-04
    -81.178873964162    -81.178873964162         0.14979E-03
    -81.178812671939    -81.178812671939         0.11149E-03
    -81.175785771246    -81.175785771246         0.96690E-04
    -81.176963360856    -81.176963360856         0.19781E-03
    -81.177326538938    -81.177326538938         0.18453E-03
    -81.177838094777    -81.177838094777         0.13003E-03
    -81.176709786827    -81.176709786827         0.10365E-03
    -81.177260606063    -81.177260606063         0.17792E-03
    -81.177822057992    -81.177822057992         0.17685E-03
    -81.177326125521    -81.177326125521         0.97287E-04
    -81.177789807415    -81.177789807415         0.98339E-04
    -81.177544043301    -81.177544043301         0.49498E-04
    -81.175857431612    -81.175857431612         0.17852E-03
    -81.177264589707    -81.177264589707         0.19122E-03
    -81.175790742211    -81.175790742211         0.19844E-03
    -81.177503256698    -81.177503256698         0.59014E-04
    -81.177245653993    -81.177245653993         0.10078E-03
    -81.177521650684    -81.177521650684         0.94667E-04
    -81.176344868687    -81.176344868687         0.12027E-03
    -81.177856681204    -81.177856681204         0.17735E-03
    -81.177269680312    -81.177269680312         0.11833E-03
    -81.175630556336    -81.175630556336         0.10478E-03
    -81.179780532480    -81.179780532480         0.18891E-03
    -81.177267140450    -81.177267140450         0.19146E-03
    -81.177312962898    -81.177312962898         0.92631E-04
    -81.177738882900    -81.177738882900         0.15381E-03
    -81.177825286988    -81.177825286988         0.15415E-03
    -81.178533706851    -81.178533706851         0.17809E-03
    -81.177851147436    -81.177851147436         0.67088E-04
    -81.176740778338    -81.176740778338         0.11008E-03
    -81.176238212245    -81.176238212245         0.84090E-04
    -81.176406140315    -81.176406140315         0.19964E-03
    -81.179847604963    -81.179847604963         0.12120E-03
    -81.176346884423    -81.176346884423         0.49696E-04
    -81.179774483960    -81.179774483960         0.16396E-03
    -81.176229287989    -81.176229287989         0.17236E-03
    -81.176053258382    -81.176053258382         0.16490E-03
    -81.177556736904    -81.177556736904         0.93919E-04
    -81.176420469328    -81.176420469328         0.14550E-03
    -81.177544888972    -81.177544888972         0.13113E-03
    -81.175863190384    -81.175863190384         0.18017E-03
    -81.177327451188    -81.177327451188         0.15790E-03
    -81.176061580462    -81.176061580462         0.65969E-04
    -81.177414213332    -81.177414213332         0.29661E-04
    -81.177351088759    -81.177351088759         0.11997E-03
    -81.176116321658    -81.176116321658         0.87350E-04
    -81.177494084590    -81.177494084590         0.10636E-03
    -81.175789704559    -81.175789704559         0.15034E-03
    -81.176388511817    -81.176388511817         0.19694E-03
    -81.181097870457    -81.181097870457         0.99560E-04
    -81.176401204216    -81.176401204216         0.13115E-03
    -81.177182041341    -81.177182041341         0.60674E-04
    -81.179792868729    -81.179792868729         0.12772E-03
    -81.176414623369    -81.176414623369         0.93042E-04
    -81.177501843865    -81.177501843865         0.12742E-03
    -81.177343275285    -81.177343275285         0.10689E-03
    -81.176981480743    -81.176981480743         0.10428E-03
    -81.177298744748    -81.177298744748         0.24810E-04
    -81.178788925290    -81.178788925290         0.16441E-03
    -81.176078435531    -81.176078435531         0.16340E-03
    -81.176030999938    -81.176030999938         0.53768E-04
    -81.177401802608    -81.177401802608         0.19122E-03
    -81.177506978895    -81.177506978895         0.10340E-03
    -81.177316565725    -81.177316565725         0.21150E-04
    -81.177823830300    -81.177823830300         0.18335E-03
    -81.176209662590    -81.176209662590         0.17149E-03
    -81.176241332237    -81.176241332237         0.15795E-03
    -81.179774668611    -81.179774668611         0.19077E-03
    -81.179728221428    -81.179728221428         0.17069E-03
    -81.175822739197    -81.175822739197         0.16998E-03
    -81.177552615846    -81.177552615846         0.11472E-03
    -81.178588603911    -81.178588603911         0.90133E-04
    -81.177275229570    -81.177275229570         0.62261E-04
    -81.176404261106    -81.176404261106         0.95847E-04
    -81.176248148310    -81.176248148310         0.12758E-03
    -81.177462519015    -81.177462519015         0.18429E-03
    -81.179699195428    -81.179699195428         0.11104E-03
    -81.176356617995    -81.176356617995         0.13149E-03
    -81.175824006787    -81.175824006787         0.18929E-03
    -81.177540246661    -81.177540246661         0.61648E-04
    -81.178595734702    -81.178595734702         0.17572E-03
    -81.177737188302    -81.177737188302         0.86160E-04
    -81.178767910532    -81.178767910532         0.11536E-03
    -81.175396323596    -81.175396323596         0.19733E-04
    -81.179910778670    -81.179910778670         0.84632E-04
    -81.176085528774    -81.176085528774         0.15303E-03
    -81.175889484333    -81.175889484333         0.16632E-03
    -81.176214691275    -81.176214691275         0.28809E-04
    -81.177038849903    -81.177038849903         0.11374E-03
    -81.175121472136    -81.175121472136         0.12666E-03
    -81.177852538654    -81.177852538654         0.18430E-03
    -81.177827503976    -81.177827503976         0.13274E-03
    -81.177018838493    -81.177018838493         0.20046E-04
    -81.175822811409    -81.175822811409         0.17622E-03
    -81.176126861564    -81.176126861564         0.12629E-03
    -81.176360912093    -81.176360912093         0.62470E-04
    -81.175856908700    -81.175856908700         0.19398E-03
    -81.177513827918    -81.177513827918         0.83026E-04
    -81.176937799643    -81.176937799643         0.88691E-04
    -81.177472449268    -81.177472449268         0.19056E-03
    -81.176062144321    -81.176062144321         0.12522E-03
    -81.179769807866    -81.179769807866         0.10739E-03
    -81.176211702778    -81.176211702778         0.82210E-04
    -81.175843875412    -81.175843875412         0.77322E-04
    -81.179759998961    -81.179759998961         0.13479E-03
    -81.177534507448    -81.177534507448         0.19313E-03
    -81.176952904969    -81.176952904969         0.10439E-03
    -81.177546906424    -81.177546906424         0.22609E-04
    -81.178794280809    -81.178794280809         0.18948E-03
    -81.179647658233    -81.179647658233         0.11156E-03
    -81.176948957624    -81.176948957624         0.80717E-04
    -81.177282237998    -81.177282237998         0.93784E-04
    -81.179636360583    -81.179636360583         0.84156E-04
    -81.175615924354    -81.175615924354         0.10501E-03
    -81.176117028709    -81.176117028709         0.10299E-03
    -81.176967388397    -81.176967388397         0.14627E-03
    -81.178798766184    -81.178798766184         0.79654E-04
    -81.176410812448    -81.176410812448         0.10763E-03
    -81.177040444898    -81.177040444898         0.19162E-03
    -81.176501774287    -81.176501774287         0.93487E-04
    -81.179761425813    -81.179761425813         0.95670E-04
    -81.176686317760    -81.176686317760         0.72247E-04
    -81.179760350313    -81.179760350313         0.10069E-03
    -81.176237921848    -81.176237921848         0.13886E-03
    -81.176203333195    -81.176203333195         0.93180E-04
    -81.177279962756    -81.177279962756         0.18979E-03
    -81.175128208054    -81.175128208054         0.19051E-03
    -81.177834650280    -81.177834650280         0.16261E-03
    -81.174876278633    -81.174876278633         0.19936E-03
    -81.177824235974    -81.177824235974         0.10485E-03
    -81.177242098023    -81.177242098023         0.13487E-03
    -81.175367487557    -81.175367487557         0.90651E-04
    -81.176212059008    -81.176212059008         0.11724E-03
    -81.175410056652    -81.175410056652         0.12164E-03
    -81.177263720998    -81.177263720998         0.17673E-03
    -81.177548073733    -81.177548073733         0.11639E-03
    -81.177728429218    -81.177728429218         0.19013E-03
    -81.175467193388    -81.175467193388         0.10892E-03
    -81.176406710618    -81.176406710618         0.11691E-03
    -81.175616512275    -81.175616512275         0.16143E-03
    -81.176537852653    -81.176537852653         0.85642E-04
    -81.176351346795    -81.176351346795         0.10407E-03
    -81.177305634392    -81.177305634392         0.94913E-04
    -81.175633668932    -81.175633668932         0.11891E-03
    -81.177338401725    -81.177338401725         0.21531E-04
    -81.179841304463    -81.179841304463         0.18049E-03
    -81.176064915788    -81.176064915788         0.36749E-04
    -81.177837992094    -81.177837992094         0.90683E-04
    -81.176069758477    -81.176069758477         0.73924E-04
    -81.176151435072    -81.176151435072         0.12171E-03
    -81.179789634974    -81.179789634974         0.15408E-03
    -81.175394695297    -81.175394695297         0.11871E-03
    -81.177034449859    -81.177034449859         0.12925E-03
    -81.176068409109    -81.176068409109         0.13261E-03
    -81.176117990088    -81.176117990088         0.17546E-03
    -81.175844363026    -81.175844363026         0.10464E-03
    -81.177428867557    -81.177428867557         0.15957E-03
    -81.177833485989    -81.177833485989         0.43648E-04
    -81.176364022324    -81.176364022324         0.43261E-04
    -81.177260758241    -81.177260758241         0.13623E-03
    -81.176390856195    -81.176390856195         0.51445E-04
    -81.176702871677    -81.176702871677         0.11367E-03
    -81.177332038221    -81.177332038221         0.19939E-03
    -81.177277004223    -81.177277004223         0.39342E-04
    -81.176968797552    -81.176968797552         0.99795E-04
    -81.177281625113    -81.177281625113         0.82280E-04
    -81.177724735985    -81.177724735985         0.13520E-03
    -81.176743472897    -81.176743472897         0.94506E-04
    -81.175415805720    -81.175415805720         0.12980E-03
    -81.177839477748    -81.177839477748         0.77703E-04
    -81.175615178181    -81.175615178181         0.74764E-04
    -81.179782932632    -81.179782932632         0.14311E-03
    -81.176358519281    -81.176358519281         0.16058E-03
    -81.177290393835    -81.177290393835         0.14415E-03
    -81.174597498621    -81.174597498621         0.97883E-04
    -81.178529311693    -81.178529311693         0.55820E-04
    -81.174921165322    -81.174921165322         0.19139E-03
    -81.176751950716    -81.176751950716         0.87681E-04
    -81.177488210618    -81.177488210618         0.12081E-03
    -81.179787360558    -81.179787360558         0.17849E-03
    -81.177303217566    -81.177303217566         0.98446E-04
    -81.175023155774    -81.175023155774         0.50870E-04
    -81.177745881470    -81.177745881470         0.15010E-03
    -81.179760105081    -81.179760105081         0.17405E-03
    -81.174935530272    -81.174935530272         0.12070E-03
    -81.178597954378    -81.178597954378         0.11469E-03
    -81.176060356608    -81.176060356608         0.87775E-04
    -81.177520931997    -81.177520931997         0.11148E-03
    -81.177023152389    -81.177023152389         0.96537E-04
    -81.177344448501    -81.177344448501         0.10247E-03
    -81.177271339255    -81.177271339255         0.55258E-04
    -81.175862926144    -81.175862926144         0.16490E-03
    -81.177310865619    -81.177310865619         0.78670E-04
    -81.177428536054    -81.177428536054         0.93521E-04
    -81.177722744649    -81.177722744649         0.74519E-04
    -81.176713823849    -81.176713823849         0.10538E-03
    -81.175788397822    -81.175788397822         0.19453E-03
    -81.175126112616    -81.175126112616         0.18882E-03
    -81.177280001806    -81.177280001806         0.47609E-04
    -81.175124925291    -81.175124925291         0.72650E-04
    -81.174924265656    -81.174924265656         0.97210E-04
    -81.177527543387    -81.177527543387         0.88931E-04
    -81.176956687325    -81.176956687325         0.10182E-03
    -81.175649053781    -81.175649053781         0.17900E-03
    -81.176077327759    -81.176077327759         0.16815E-03
    -81.177267351995    -81.177267351995         0.13729E-03
    -81.176346366959    -81.176346366959         0.75264E-04
    -81.176722398876    -81.176722398876         0.12433E-03
    -81.177039581612    -81.177039581612         0.19786E-03
    -81.179793821507    -81.179793821507         0.71178E-04
    -81.175852310978    -81.175852310978         0.86033E-04
    -81.177735110546    -81.177735110546         0.19382E-03
    -81.179698532138    -81.179698532138         0.13270E-03
    -81.177533542135    -81.177533542135         0.13574E-03
    -81.176405068342    -81.176405068342         0.83883E-04
    -81.175622140032    -81.175622140032         0.15868E-03
    -81.176319335334    -81.176319335334         0.58393E-04
    -81.179775046275    -81.179775046275         0.11953E-03
    -81.174932166784    -81.174932166784         0.19235E-03
    -81.175046634408    -81.175046634408         0.10917E-03
    -81.177532578247    -81.177532578247         0.13245E-03
    -81.176956681654    -81.176956681654         0.65085E-04
    -81.179774192743    -81.179774192743         0.20013E-03
    -81.176232213387    -81.176232213387         0.74667E-04
    -81.177331192081    -81.177331192081         0.71307E-04
    -81.175644857643    -81.175644857643         0.11129E-03
    -81.176031033598    -81.176031033598         0.64377E-04
    -81.178889166766    -81.178889166766         0.33009E-04
    -81.176392186167    -81.176392186167         0.72790E-04
    -81.175488473276    -81.175488473276         0.80853E-04
    -81.177841784644    -81.177841784644         0.85823E-04
    -81.177261562442    -81.177261562442         0.15519E-03
    -81.177523693747    -81.177523693747         0.14537E-03
    -81.176960859954    -81.176960859954         0.16351E-03
    -81.179763165147    -81.179763165147         0.88016E-04
    -81.175789658835    -81.175789658835         0.51925E-04
    -81.177739691870    -81.177739691870         0.79104E-04
    -81.177843732232    -81.177843732232         0.98095E-04
    -81.179758474463    -81.179758474463         0.13323E-03
    -81.179758430458    -81.179758430458         0.15766E-03
    -81.176548681213    -81.176548681213         0.16238E-03
    -81.176133123816    -81.176133123816         0.18079E-03
    -81.174921973830    -81.174921973830         0.15881E-03
    -81.178595766357    -81.178595766357         0.98073E-04
    -81.177251686549    -81.177251686549         0.75558E-04
    -81.175800440181    -81.175800440181         0.11367E-03
    -81.177342253745    -81.177342253745         0.10793E-03
    -81.175217161521    -81.175217161521         0.74550E-04
    -81.180005326998    -81.180005326998         0.15238E-03
    -81.177366772663    -81.177366772663         0.19953E-03
    -81.177398741880    -81.177398741880         0.19646E-03
    -81.179767783489    -81.179767783489         0.19373E-03
    -81.175625969995    -81.175625969995         0.10142E-03
    -81.176949360937    -81.176949360937         0.18062E-03
    -81.176368080568    -81.176368080568         0.19919E-03
    -81.177836019148    -81.177836019148         0.12366E-03
    -81.179776804409    -81.179776804409         0.86175E-04
    -81.177501603193    -81.177501603193         0.15177E-03
    -81.179768902890    -81.179768902890         0.17150E-03
    -81.177496184073    -81.177496184073         0.11333E-03
    -81.176357700821    -81.176357700821         0.85811E-04
    -81.177549399068    -81.177549399068         0.31375E-04
    -81.174577814777    -81.174577814777         0.17950E-03
    -81.176412038925    -81.176412038925         0.15813E-03
    -81.175407130086    -81.175407130086         0.17933E-03
    -81.174612331473    -81.174612331473         0.41234E-04
    -81.176728468077    -81.176728468077         0.64388E-04
    -81.177036360917    -81.177036360917         0.18319E-03
    -81.176123476713    -81.176123476713         0.11665E-03
    -81.176216100703    -81.176216100703         0.66140E-04
    -81.176697001350    -81.176697001350         0.80747E-04
    -81.175851285623    -81.175851285623         0.19306E-03
    -81.176721673539    -81.176721673539         0.15523E-03
    -81.175120581545    -81.175120581545         0.50088E-04
    -81.175871015408    -81.175871015408         0.11919E-03
    -81.175642761012    -81.175642761012         0.15214E-03
    -81.177517315651    -81.177517315651         0.94936E-04
    -81.176061112278    -81.176061112278         0.42422E-04
    -81.177322477629    -81.177322477629         0.25126E-04
    -81.179756165308    -81.179756165308         0.13000E-03
    -81.178768159088    -81.178768159088         0.25316E-04
    -81.177271244864    -81.177271244864         0.13778E-03
    -81.178599347859    -81.178599347859         0.11309E-03
    -81.175147071054    -81.175147071054         0.18277E-03
    -81.175648423287    -81.175648423287         0.70196E-04
    -81.178535691668    -81.178535691668         0.70299E-04
    -81.174921754061    -81.174921754061         0.14018E-03
    -81.179766019470    -81.179766019470         0.10980E-03
    -81.177393970631    -81.177393970631         0.91854E-04
    -81.178889426410    -81.178889426410         0.44016E-04
    -81.176390326659    -81.176390326659         0.16558E-03
    -81.176946335714    -81.176946335714         0.18500E-03
    -81.175831739192    -81.175831739192         0.11672E-03
    -81.175825309575    -81.175825309575         0.92687E-04
    -81.177266685996    -81.177266685996         0.15560E-03
    -81.175865597922    -81.175865597922         0.13861E-03
    -81.176403655060    -81.176403655060         0.78879E-04
    -81.176108230462    -81.176108230462         0.96138E-04
    -81.176562922180    -81.176562922180         0.82808E-04
    -81.174693910939    -81.174693910939         0.16489E-03
    -81.177346497531    -81.177346497531         0.20996E-04
    -81.176220593646    -81.176220593646         0.19899E-03
    -81.177309167522    -81.177309167522         0.18730E-03
    -81.178910868079    -81.178910868079         0.47101E-04
    -81.176257391904    -81.176257391904         0.17947E-03
    -81.176533527863    -81.176533527863         0.72653E-04
    -81.175039473476    -81.175039473476         0.19504E-03
    -81.176519096703    -81.176519096703         0.54227E-04
    -81.177269623715    -81.177269623715         0.95691E-04
    -81.177513595553    -81.177513595553         0.10231E-03
    -81.177544475921    -81.177544475921         0.10791E-03
    -81.177334105870    -81.177334105870         0.61632E-04
    -81.174912361698    -81.174912361698         0.20074E-03
    -81.175784584642    -81.175784584642         0.17055E-03
    -81.175833063621    -81.175833063621         0.12932E-03
    -81.175794057417    -81.175794057417         0.11194E-03
    -81.176758093952    -81.176758093952         0.87832E-04
    -81.176556082122    -81.176556082122         0.12051E-03
    -81.177824174201    -81.177824174201         0.61449E-04
    -81.175112224397    -81.175112224397         0.29210E-04
    -81.179798257285    -81.179798257285         0.19357E-03
    -81.175795549125    -81.175795549125         0.85005E-04
    -81.175872062544    -81.175872062544         0.11938E-03
    -81.177343504797    -81.177343504797         0.42234E-04
    -81.179700600305    -81.179700600305         0.13019E-03
    -81.176418702842    -81.176418702842         0.44171E-04
    -81.175040155761    -81.175040155761         0.18182E-03
    -81.175806452339    -81.175806452339         0.81835E-04
    -81.175105050847    -81.175105050847         0.14010E-03
    -81.177254610492    -81.177254610492         0.88388E-04
    -81.176554863589    -81.176554863589         0.16183E-03
    -81.176352687041    -81.176352687041         0.82613E-04
    -81.175872419324    -81.175872419324         0.72221E-04
    -81.176569846066    -81.176569846066         0.12370E-03
    -81.177284329577    -81.177284329577         0.20030E-03
    -81.174566236734    -81.174566236734         0.14090E-03
    -81.174916541517    -81.174916541517         0.74034E-04
    -81.174890717535    -81.174890717535         0.14823E-03
    -81.175842387775    -81.175842387775         0.13248E-03
    -81.176714128982    -81.176714128982         0.64829E-04
    -81.175044307484    -81.175044307484         0.16513E-03
    -81.176128098713    -81.176128098713         0.12048E-03
    -81.177343098087    -81.177343098087         0.12854E-03
    -81.177264145240    -81.177264145240         0.17916E-03
    -81.177160876642    -81.177160876642         0.89109E-04
    -81.177347660006    -81.177347660006         0.12690E-03
    -81.176088500651    -81.176088500651         0.11855E-03
    -81.178592809076    -81.178592809076         0.17116E-03
    -81.175111327176    -81.175111327176         0.25610E-04
    -81.180001189563    -81.180001189563         0.91804E-04
    -81.176565512400    -81.176565512400         0.19928E-03
    -81.174578966255    -81.174578966255         0.15847E-03
    -81.179772523372    -81.179772523372         0.84027E-04
    -81.177306467727    -81.177306467727         0.16327E-03
    -81.176229225479    -81.176229225479         0.14241E-03
    -81.176207280633    -81.176207280633         0.18060E-03
    -81.177321943487    -81.177321943487         0.58992E-04
    -81.176312897340    -81.176312897340         0.15906E-03
    -81.174590758779    -81.174590758779         0.70581E-04
    -81.178601372298    -81.178601372298         0.96343E-04
    -81.177802750286    -81.177802750286         0.74622E-04
    -81.174563352154    -81.174563352154         0.12777E-03
    -81.175819258571    -81.175819258571         0.20918E-04
    -81.177333423604    -81.177333423604         0.88555E-04
    -81.177405581017    -81.177405581017         0.10442E-03
    -81.175693765755    -81.175693765755         0.64693E-04
    -81.175791579154    -81.175791579154         0.13845E-03
    -81.176083788761    -81.176083788761         0.17522E-03
    -81.174926361590    -81.174926361590         0.14690E-03
    -81.175706349222    -81.175706349222         0.86913E-04
    -81.176352388103    -81.176352388103         0.17118E-03
    -81.178599847169    -81.178599847169         0.80033E-04
    -81.177720187727    -81.177720187727         0.15086E-03
    -81.175816614789    -81.175816614789         0.16122E-03
    -81.175121758527    -81.175121758527         0.69745E-04
    -81.179775239144    -81.179775239144         0.12083E-03
    -81.176944613515    -81.176944613515         0.99857E-04
    -81.176541066611    -81.176541066611         0.14117E-03
    -81.174700325771    -81.174700325771         0.17003E-03
    -81.179765857233    -81.179765857233         0.11661E-03
    -81.179787541173    -81.179787541173         0.17470E-03
    -81.176420698022    -81.176420698022         0.13112E-03
    -81.177526301007    -81.177526301007         0.79824E-04
    -81.174909630440    -81.174909630440         0.17190E-03
    -81.176118203782    -81.176118203782         0.59516E-04
    -81.175817049490    -81.175817049490         0.13198E-03
    -81.177296172651    -81.177296172651         0.84996E-04
    -81.179771788409    -81.179771788409         0.16615E-03
    -81.175916674692    -81.175916674692         0.19208E-03
    -81.175122041216    -81.175122041216         0.16056E-03
    -81.178784699236    -81.178784699236         0.11884E-03
    -81.177158915972    -81.177158915972         0.77007E-04
    -81.175022572694    -81.175022572694         0.52503E-04
    -81.176357897923    -81.176357897923         0.28745E-04
    -81.174887062278    -81.174887062278         0.56840E-04
    -81.177528181220    -81.177528181220         0.13655E-03
    -81.174948319278    -81.174948319278         0.15114E-03
    -81.177346082847    -81.177346082847         0.85152E-04
    -81.175307875445    -81.175307875445         0.13805E-03
    -81.175210400276    -81.175210400276         0.10544E-03
    -81.177739751667    -81.177739751667         0.36664E-04
    -81.174600129150    -81.174600129150         0.15739E-03
    -81.177294056700    -81.177294056700         0.69635E-04
    -81.176009983555    -81.176009983555         0.58088E-04
    -81.175800036169    -81.175800036169         0.18395E-03
    -81.179756791569    -81.179756791569         0.57373E-04
    -81.176726785423    -81.176726785423         0.10277E-03
    -81.176706617490    -81.176706617490         0.80635E-04
    -81.177740301391    -81.177740301391         0.15072E-03
    -81.175811507771    -81.175811507771         0.13383E-03
    -81.179768388048    -81.179768388048         0.13151E-03
    -81.177322741946    -81.177322741946         0.77151E-04
    -81.174592227164    -81.174592227164         0.13316E-03
    -81.175805927151    -81.175805927151         0.12337E-03
    -81.176972733932    -81.176972733932         0.14754E-03
    -81.175376248330    -81.175376248330         0.95751E-04
    -81.177826023425    -81.177826023425         0.13352E-03
    -81.175634771953    -81.175634771953         0.76231E-04
    -81.175826203921    -81.175826203921         0.16646E-03
    -81.175140963999    -81.175140963999         0.12669E-03
    -81.175752387693    -81.175752387693         0.17595E-03
    -81.175809861732    -81.175809861732         0.15138E-03
    -81.176237132046    -81.176237132046         0.17390E-03
    -81.177737302471    -81.177737302471         0.86498E-04
    -81.174928320351    -81.174928320351         0.14654E-03
    -81.176131721993    -81.176131721993         0.12006E-03
    -81.177313678021    -81.177313678021         0.85000E-04
    -81.176391406259    -81.176391406259         0.10852E-03
    -81.175102425634    -81.175102425634         0.85509E-04
    -81.175807110247    -81.175807110247         0.91814E-04
    -81.177034539024    -81.177034539024         0.14537E-03
    -81.179761234999    -81.179761234999         0.19305E-03
    -81.175137278678    -81.175137278678         0.83517E-04
    -81.177464042126    -81.177464042126         0.11262E-03
    -81.175434101771    -81.175434101771         0.19666E-04
    -81.175842268266    -81.175842268266         0.71650E-04
    -81.175018491966    -81.175018491966         0.38058E-04
    -81.174557059543    -81.174557059543         0.14834E-03
    -81.177321043395    -81.177321043395         0.73052E-04
    -81.174316413531    -81.174316413531         0.13928E-03
    -81.176235870067    -81.176235870067         0.12745E-03
    -81.179765523870    -81.179765523870         0.74839E-04
    -81.176353226761    -81.176353226761         0.11862E-03
    -81.176404008035    -81.176404008035         0.62018E-04
    -81.176233057741    -81.176233057741         0.12167E-03
    -81.177346326540    -81.177346326540         0.17909E-03
    -81.177337256167    -81.177337256167         0.87817E-04
    -81.175793966255    -81.175793966255         0.39080E-04
    -81.175781738514    -81.175781738514         0.18038E-03
    -81.177293822475    -81.177293822475         0.93847E-04
    -81.177403045229    -81.177403045229         0.17697E-03
    -81.174926085659    -81.174926085659         0.99996E-04
    -81.179759011379    -81.179759011379         0.78021E-04
    -81.175478285098    -81.175478285098         0.16010E-03
    -81.174927862715    -81.174927862715         0.10065E-03
    -81.176760466584    -81.176760466584         0.10947E-03
    -81.175826133644    -81.175826133644         0.11386E-03
    -81.176743291724    -81.176743291724         0.97909E-04
    -81.176395825196    -81.176395825196         0.16401E-03
    -81.177494442029    -81.177494442029         0.90124E-04
    -81.177736695173    -81.177736695173         0.14708E-03
    -81.175627060739    -81.175627060739         0.13604E-03
    -81.176122353032    -81.176122353032         0.95121E-04
    -81.177304854813    -81.177304854813         0.10070E-03
    -81.174622826836    -81.174622826836         0.13972E-03
    -81.177740660818    -81.177740660818         0.89206E-04
    -81.176382343951    -81.176382343951         0.96658E-04
    -81.175044238266    -81.175044238266         0.12674E-03
    -81.178783303225    -81.178783303225         0.15772E-03
    -81.176199111729    -81.176199111729         0.10533E-03
    -81.174689885561    -81.174689885561         0.14572E-03
    -81.174545465135    -81.174545465135         0.16047E-03
    -81.177481677944    -81.177481677944         0.56732E-04
    -81.174562091514    -81.174562091514         0.11864E-03
    -81.175824091072    -81.175824091072         0.13758E-03
    -81.175054216149    -81.175054216149         0.17841E-03
    -81.176581765755    -81.176581765755         0.16890E-03
    -81.175121520739    -81.175121520739         0.15653E-03
    -81.174237600678    -81.174237600678         0.19510E-03
    -81.176959266454    -81.176959266454         0.73985E-04
    -81.176015142208    -81.176015142208         0.53992E-04
    -81.175122279785    -81.175122279785         0.17356E-03
    -81.177126023472    -81.177126023472         0.91101E-04
    -81.176349322573    -81.176349322573         0.15102E-03
    -81.177309782416    -81.177309782416         0.40129E-04
    -81.176956055858    -81.176956055858         0.81797E-04
    -81.176290133174    -81.176290133174         0.13620E-03
    -81.179775351983    -81.179775351983         0.12032E-03
    -81.176207151221    -81.176207151221         0.13964E-03
    -81.175852489534    -81.175852489534         0.11929E-03
    -81.176220611743    -81.176220611743         0.10607E-03
    -81.176224539728    -81.176224539728         0.15972E-03
    -81.174700437711    -81.174700437711         0.14247E-03
    -81.176212660807    -81.176212660807         0.11020E-03
    -81.177732535782    -81.177732535782         0.19298E-03
    -81.176075087452    -81.176075087452         0.61162E-04
    -81.175335845154    -81.175335845154         0.13036E-03
    -81.175638192917    -81.175638192917         0.69573E-04
    -81.177485727177    -81.177485727177         0.18479E-03
    -81.179768874059    -81.179768874059         0.10392E-03
    -81.176950267923    -81.176950267923         0.17743E-03
    -81.174513247966    -81.174513247966         0.17069E-03
    -81.175059597255    -81.175059597255         0.55846E-04
    -81.177259154797    -81.177259154797         0.10339E-03
    -81.177306939982    -81.177306939982         0.48936E-04
    -81.177481841284    -81.177481841284         0.11371E-03
    -81.174939322581    -81.174939322581         0.24134E-04
    -81.177491313717    -81.177491313717         0.37796E-04
    -81.177299675709    -81.177299675709         0.10741E-03
    -81.174344828761    -81.174344828761         0.63835E-04
    -81.175142060170    -81.175142060170         0.19978E-03
    -81.176087020431    -81.176087020431         0.11868E-03
    -81.175118367999    -81.175118367999         0.13244E-03
    -81.179764149053    -81.179764149053         0.65782E-04
    -81.178791826640    -81.178791826640         0.10757E-03
    -81.175812515832    -81.175812515832         0.16414E-03
    -81.175233420714    -81.175233420714         0.94107E-04
    -81.179699099458    -81.179699099458         0.17171E-03
    -81.177304665192    -81.177304665192         0.95408E-04
    -81.175127581536    -81.175127581536         0.14677E-03
    -81.175033239559    -81.175033239559         0.10677E-03
    -81.176563998537    -81.176563998537         0.10600E-03
    -81.178574678623    -81.178574678623         0.72937E-04
    -81.176575498272    -81.176575498272         0.10714E-03
    -81.175123482379    -81.175123482379         0.14276E-03
    -81.174559671810    -81.174559671810         0.17881E-03
    -81.176956510861    -81.176956510861         0.11320E-03
    -81.177306070995    -81.177306070995         0.83521E-04
    -81.176065469375    -81.176065469375         0.83226E-04
    -81.177320223553    -81.177320223553         0.41069E-04
    -81.176148981412    -81.176148981412         0.95846E-04
    -81.177296160110    -81.177296160110         0.10897E-03
    -81.175851510094    -81.175851510094         0.16960E-03
    -81.177317548932    -81.177317548932         0.16008E-03
    -81.175121620811    -81.175121620811         0.98170E-04
    -81.175132735613    -81.175132735613         0.19542E-03
    -81.174564238937    -81.174564238937         0.11257E-03
    -81.176335115849    -81.176335115849         0.10255E-03
    -81.176514209590    -81.176514209590         0.53888E-04
    -81.176400336937    -81.176400336937         0.12050E-03
    -81.173939266373    -81.173939266373         0.17050E-03
    -81.174694988720    -81.174694988720         0.14693E-03
    -81.175851946176    -81.175851946176         0.12489E-03
    -81.174706605070    -81.174706605070         0.10617E-03
    -81.174584125956    -81.174584125956         0.13402E-03
    -81.176514765988    -81.176514765988         0.14867E-03
    -81.174975851447    -81.174975851447         0.12927E-03
    -81.175108680319    -81.175108680319         0.19419E-03
    -81.176350804714    -81.176350804714         0.74976E-04
    -81.179733529566    -81.179733529566         0.98138E-04
    -81.175813385085    -81.175813385085         0.13894E-03
    -81.175319416470    -81.175319416470         0.12803E-03
    -81.175803017561    -81.175803017561         0.15576E-03
    -81.176602973420    -81.176602973420         0.90341E-04
    -81.175225512714    -81.175225512714         0.52872E-04
    -81.173492640057    -81.173492640057         0.13429E-03
    -81.177730108453    -81.177730108453         0.13981E-03
    -81.174577784854    -81.174577784854         0.54325E-04
    -81.176223139509    -81.176223139509         0.52982E-04
    -81.175494767840    -81.175494767840         0.15053E-03
    -81.176393785548    -81.176393785548         0.90522E-04
    -81.175077841931    -81.175077841931         0.14616E-03
    -81.175827410604    -81.175827410604         0.14253E-03
    -81.175134568533    -81.175134568533         0.19098E-03
    -81.177177837303    -81.177177837303         0.81749E-04
    -81.176604795152    -81.176604795152         0.12236E-03
    -81.175615473740    -81.175615473740         0.13668E-03
    -81.174939022582    -81.174939022582         0.11409E-03
    -81.175143059530    -81.175143059530         0.80919E-04
    -81.176078135388    -81.176078135388         0.83542E-04
    -81.174913492557    -81.174913492557         0.59350E-04
    -81.176152745544    -81.176152745544         0.11653E-03
    -81.174660645161    -81.174660645161         0.18074E-03
    -81.175110372740    -81.175110372740         0.47090E-04
    -81.176347316112    -81.176347316112         0.10162E-03
    -81.175000389310    -81.175000389310         0.89961E-04
    -81.176120346393    -81.176120346393         0.19966E-03
    -81.176396557978    -81.176396557978         0.11529E-03
    -81.175080728050    -81.175080728050         0.18322E-03
    -81.175953449503    -81.175953449503         0.67145E-04
    -81.177832390328    -81.177832390328         0.17290E-03
    -81.177177525684    -81.177177525684         0.84254E-04
    -81.177508947604    -81.177508947604         0.10156E-03
    -81.175786937667    -81.175786937667         0.49793E-04
    -81.174923879643    -81.174923879643         0.19585E-03
    -81.179770039406    -81.179770039406         0.13172E-03
    -81.176765779312    -81.176765779312         0.89760E-04
    -81.174932369588    -81.174932369588         0.17937E-03
    -81.179775220051    -81.179775220051         0.11587E-03
    -81.174959362191    -81.174959362191         0.77837E-04
    -81.176751899861    -81.176751899861         0.83075E-04
    -81.173910743922    -81.173910743922         0.38929E-04
    -81.175203543702    -81.175203543702         0.45321E-04
    -81.176354501602    -81.176354501602         0.15190E-03
    -81.178601145009    -81.178601145009         0.14940E-03
    -81.175620219034    -81.175620219034         0.10690E-03
    -81.174913346907    -81.174913346907         0.81026E-04
    -81.177284611907    -81.177284611907         0.15077E-03
    -81.175629602239    -81.175629602239         0.19429E-03
    -81.179763397958    -81.179763397958         0.19729E-03
    -81.176235832367    -81.176235832367         0.13054E-03
    -81.175098069672    -81.175098069672         0.10986E-03
    -81.177290784632    -81.177290784632         0.64161E-04
    -81.175623472046    -81.175623472046         0.12803E-03
    -81.177039796325    -81.177039796325         0.16868E-03
    -81.174987187391    -81.174987187391         0.61603E-04
    -81.173491738589    -81.173491738589         0.77268E-04
    -81.175824077906    -81.175824077906         0.74898E-04
    -81.176237957048    -81.176237957048         0.15604E-03
    -81.174567793754    -81.174567793754         0.11039E-03
    -81.176594414592    -81.176594414592         0.17469E-03
    -81.176550176322    -81.176550176322         0.88248E-04
    -81.175837297376    -81.175837297376         0.19116E-03
    -81.176561588472    -81.176561588472         0.16789E-03
    -81.177816690658    -81.177816690658         0.13082E-03
    -81.178905482061    -81.178905482061         0.16035E-03
    -81.175134481348    -81.175134481348         0.91462E-04
    -81.175473576544    -81.175473576544         0.58294E-04
    -81.174539307809    -81.174539307809         0.70041E-04
    -81.174861937450    -81.174861937450         0.14026E-03
    -81.174244427421    -81.174244427421         0.16684E-03
    -81.177026325565    -81.177026325565         0.17068E-03
    -81.179768966331    -81.179768966331         0.80675E-04
    -81.176152696027    -81.176152696027         0.13781E-03
    -81.176201278543    -81.176201278543         0.97446E-04
    -81.175124512308    -81.175124512308         0.92383E-04
    -81.176232853075    -81.176232853075         0.87577E-04
    -81.176354074239    -81.176354074239         0.83437E-04
    -81.177284849672    -81.177284849672         0.14131E-03
    -81.174552819863    -81.174552819863         0.19016E-03
    -81.175809697136    -81.175809697136         0.11484E-03
    -81.174914143837    -81.174914143837         0.94661E-04
    -81.174702277332    -81.174702277332         0.18461E-03
    -81.175422144351    -81.175422144351         0.81407E-04
    -81.175182396792    -81.175182396792         0.16295E-03
    -81.179775387856    -81.179775387856         0.58299E-04
    -81.177527772406    -81.177527772406         0.11325E-03
    -81.174562712285    -81.174562712285         0.10958E-03
    -81.174388693089    -81.174388693089         0.84177E-04
    -81.174945313596    -81.174945313596         0.13461E-03
    -81.175703328355    -81.175703328355         0.98215E-04
    -81.176238122957    -81.176238122957         0.55604E-04
    -81.175128517132    -81.175128517132         0.11610E-03
    -81.177524594884    -81.177524594884         0.12158E-03
    -81.176221275322    -81.176221275322         0.87656E-04
    -81.176084913404    -81.176084913404         0.83776E-04
    -81.174899462966    -81.174899462966         0.18428E-03
    -81.174549469658    -81.174549469658         0.12839E-03
    -81.176398825645    -81.176398825645         0.16378E-03
    -81.174883516127    -81.174883516127         0.87212E-04
    -81.174718705718    -81.174718705718         0.86666E-04
    -81.174699272974    -81.174699272974         0.17095E-03
    -81.176595429943    -81.176595429943         0.62205E-04
    -81.177299985533    -81.177299985533         0.11008E-03
    -81.177288293716    -81.177288293716         0.14293E-03
    -81.174586306376    -81.174586306376         0.16412E-03
    -81.174987934981    -81.174987934981         0.99726E-04
    -81.175433045620    -81.175433045620         0.17852E-03
    -81.175222740172    -81.175222740172         0.43821E-04
    -81.176352375138    -81.176352375138         0.15722E-03
    -81.175146081488    -81.175146081488         0.19757E-03
    -81.173486354067    -81.173486354067         0.19427E-03
    -81.175118554050    -81.175118554050         0.50415E-04
    -81.176769130964    -81.176769130964         0.12923E-03
    -81.174556348050    -81.174556348050         0.17397E-03
    -81.174534423476    -81.174534423476         0.10571E-03
    -81.175137756480    -81.175137756480         0.66992E-04
    -81.177026236129    -81.177026236129         0.19940E-03
    -81.177189700643    -81.177189700643         0.73300E-04
    -81.174536689243    -81.174536689243         0.16717E-03
    -81.177729937624    -81.177729937624         0.17202E-03
    -81.174694591292    -81.174694591292         0.52781E-04
    -81.174556957172    -81.174556957172         0.18634E-03
    -81.174576052395    -81.174576052395         0.86026E-04
    -81.176440720116    -81.176440720116         0.23446E-04
    -81.174250029282    -81.174250029282         0.12021E-03
    -81.174560925895    -81.174560925895         0.74516E-04
    -81.174938034036    -81.174938034036         0.14520E-03
    -81.174896046177    -81.174896046177         0.19560E-03
    -81.176921565199    -81.176921565199         0.83568E-04
    -81.175079139783    -81.175079139783         0.44244E-04
    -81.175361191277    -81.175361191277         0.12166E-03
    -81.177312632434    -81.177312632434         0.13631E-03
    -81.175346823373    -81.175346823373         0.97320E-04
    -81.174908746667    -81.174908746667         0.14195E-03
    -81.174967844285    -81.174967844285         0.10140E-03
    -81.176349688721    -81.176349688721         0.10639E-03
    -81.175861945515    -81.175861945515         0.18320E-03
    -81.176550376297    -81.176550376297         0.95164E-04
    -81.174922521525    -81.174922521525         0.11490E-03
    -81.174507159569    -81.174507159569         0.16296E-03
    -81.175470409640    -81.175470409640         0.14497E-03
    -81.177498197591    -81.177498197591         0.60810E-04
    -81.174625595626    -81.174625595626         0.84663E-04
    -81.175109511131    -81.175109511131         0.12264E-03
    -81.174912329244    -81.174912329244         0.15781E-03
    -81.175379986419    -81.175379986419         0.16072E-03
    -81.179761207407    -81.179761207407         0.51338E-04
    -81.174680319632    -81.174680319632         0.61098E-04
    -81.174892221208    -81.174892221208         0.10132E-03
    -81.174982941162    -81.174982941162         0.11968E-03
    -81.174559882837    -81.174559882837         0.15723E-03
    -81.175102694328    -81.175102694328         0.72293E-04
    -81.173472099288    -81.173472099288         0.19883E-03
    -81.177481042489    -81.177481042489         0.52773E-04
    -81.174551019818    -81.174551019818         0.10519E-03
    -81.177287794835    -81.177287794835         0.88732E-04
    -81.176252447320    -81.176252447320         0.14965E-03
    -81.174960312700    -81.174960312700         0.11979E-03
    -81.178900654240    -81.178900654240         0.11368E-03
    -81.176082091753    -81.176082091753         0.67888E-04
    -81.176581322624    -81.176581322624         0.10471E-03
    -81.175312703068    -81.175312703068         0.71211E-04
    -81.174659489614    -81.174659489614         0.13193E-03
    -81.175855110328    -81.175855110328         0.14073E-03
    -81.175810048766    -81.175810048766         0.19437E-03
    -81.174695918364    -81.174695918364         0.98224E-04
    -81.175404982937    -81.175404982937         0.91354E-04
    -81.180014119296    -81.180014119296         0.11709E-03
    -81.176541542312    -81.176541542312         0.50131E-04
    -81.177288965398    -81.177288965398         0.10108E-03
    -81.174961724632    -81.174961724632         0.18299E-03
    -81.175118411724    -81.175118411724         0.18098E-03
    -81.174539060590    -81.174539060590         0.13970E-03
    -81.177294833656    -81.177294833656         0.35954E-04
    -81.174959946072    -81.174959946072         0.19841E-03
    -81.176552544054    -81.176552544054         0.85123E-04
    -81.175833196729    -81.175833196729         0.19013E-03
    -81.177279105213    -81.177279105213         0.57628E-04
    -81.175203884715    -81.175203884715         0.10989E-03
    -81.177733671471    -81.177733671471         0.18839E-03
    -81.179777580829    -81.179777580829         0.13768E-03
    -81.179774310577    -81.179774310577         0.16032E-03
    -81.173949047406    -81.173949047406         0.15347E-03
    -81.176569820202    -81.176569820202         0.11230E-03
    -81.176573874449    -81.176573874449         0.95378E-04
    -81.174553968867    -81.174553968867         0.17870E-03
    -81.176085901630    -81.176085901630         0.91129E-04
    -81.174579831027    -81.174579831027         0.11300E-03
    -81.175362823157    -81.175362823157         0.78495E-04
    -81.174674336910    -81.174674336910         0.80426E-04
    -81.173512332933    -81.173512332933         0.20059E-03
    -81.177282519441    -81.177282519441         0.23425E-04
    -81.175133308517    -81.175133308517         0.13207E-03
    -81.175383989836    -81.175383989836         0.11574E-03
    -81.173408843680    -81.173408843680         0.10325E-03
    -81.175502336475    -81.175502336475         0.63190E-04
    -81.177541760208    -81.177541760208         0.11921E-03
    -81.174947345582    -81.174947345582         0.16611E-03
    -81.174909687582    -81.174909687582         0.15131E-03
    -81.173865221051    -81.173865221051         0.12978E-03
    -81.177295083613    -81.177295083613         0.74520E-04
    -81.174531967319    -81.174531967319         0.11676E-03
    -81.174657159642    -81.174657159642         0.60982E-04
    -81.174628909347    -81.174628909347         0.10544E-03
    -81.174557523045    -81.174557523045         0.19156E-03
    -81.174521150296    -81.174521150296         0.19028E-03
    -81.176214042849    -81.176214042849         0.11721E-03
    -81.175140553878    -81.175140553878         0.15971E-03
    -81.174957395715    -81.174957395715         0.12355E-03
    -81.175398888544    -81.175398888544         0.69475E-04
    -81.177289427320    -81.177289427320         0.17527E-03
    -81.175826047653    -81.175826047653         0.95627E-04
    -81.175376194490    -81.175376194490         0.58055E-04
    -81.176106408839    -81.176106408839         0.17009E-03
    -81.176249302376    -81.176249302376         0.65512E-04
    -81.175806107444    -81.175806107444         0.18664E-03
    -81.173835582176    -81.173835582176         0.59967E-04
    -81.175224889512    -81.175224889512         0.18303E-03
    -81.175318410757    -81.175318410757         0.19469E-03
    -81.175805935285    -81.175805935285         0.16051E-03
    -81.175824512690    -81.175824512690         0.74422E-04
    -81.174702850178    -81.174702850178         0.11629E-03
    -81.178864443254    -81.178864443254         0.18650E-03
    -81.174962162137    -81.174962162137         0.11502E-03
    -81.175494674215    -81.175494674215         0.19933E-03
    -81.174326719715    -81.174326719715         0.86877E-04
    -81.176389423558    -81.176389423558         0.11587E-03
    -81.175406464667    -81.175406464667         0.62130E-04
    -81.176083840995    -81.176083840995         0.12585E-03
    -81.177826621234    -81.177826621234         0.11671E-03
    -81.175621946488    -81.175621946488         0.34024E-04
    -81.174543847505    -81.174543847505         0.14048E-03
    -81.175372850004    -81.175372850004         0.11006E-03
    -81.175308432344    -81.175308432344         0.15153E-03
    -81.176086004710    -81.176086004710         0.80512E-04
    -81.174538616697    -81.174538616697         0.17287E-03
    -81.174622353619    -81.174622353619         0.18003E-03
    -81.174437816403    -81.174437816403         0.11386E-03
    -81.176216968723    -81.176216968723         0.82903E-04
    -81.177840590442    -81.177840590442         0.88507E-04
    -81.175209010243    -81.175209010243         0.72095E-04
    -81.174536965723    -81.174536965723         0.19759E-03
    -81.177499506488    -81.177499506488         0.16274E-03
    -81.174522148320    -81.174522148320         0.18577E-03
    -81.177506623998    -81.177506623998         0.41951E-04
    -81.174260201707    -81.174260201707         0.18766E-03
    -81.175837589921    -81.175837589921         0.10110E-03
    -81.174618158242    -81.174618158242         0.14022E-03
    -81.174584514909    -81.174584514909         0.89173E-04
    -81.176562747765    -81.176562747765         0.10909E-03
    -81.175508823331    -81.175508823331         0.77549E-04
    -81.175502536871    -81.175502536871         0.78055E-04
    -81.174910871834    -81.174910871834         0.13804E-03
    -81.175496935727    -81.175496935727         0.18710E-03
    -81.173956843898    -81.173956843898         0.12436E-03
    -81.176217318346    -81.176217318346         0.11336E-03
    -81.175364769607    -81.175364769607         0.15977E-03
    -81.174743136481    -81.174743136481         0.12559E-03
    -81.175141118481    -81.175141118481         0.11855E-03
    -81.174544477356    -81.174544477356         0.18517E-03
    -81.176371012685    -81.176371012685         0.15367E-03
    -81.176244426658    -81.176244426658         0.11360E-03
    -81.174902014108    -81.174902014108         0.16752E-03
    -81.176218754515    -81.176218754515         0.11950E-03
    -81.174548591978    -81.174548591978         0.11333E-03
    -81.175114781173    -81.175114781173         0.47170E-04
    -81.173483566566    -81.173483566566         0.12520E-03
    -81.173540502165    -81.173540502165         0.88670E-04
    -81.174525158352    -81.174525158352         0.16444E-03
    -81.173937997565    -81.173937997565         0.11575E-03
    -81.176605504261    -81.176605504261         0.14337E-03
    -81.179765905275    -81.179765905275         0.93409E-04
    -81.175334683684    -81.175334683684         0.81772E-04
    -81.178804455014    -81.178804455014         0.10206E-03
    -81.175354777862    -81.175354777862         0.29444E-04
    -81.173436584784    -81.173436584784         0.10418E-03
    -81.175118028306    -81.175118028306         0.13251E-03
    -81.175406634109    -81.175406634109         0.13030E-03
    -81.173850854624    -81.173850854624         0.15891E-03
    -81.175102843158    -81.175102843158         0.94165E-04
    -81.177543426925    -81.177543426925         0.16228E-03
    -81.177295428507    -81.177295428507         0.14493E-03
    -81.174553577832    -81.174553577832         0.18802E-03
    -81.175483914667    -81.175483914667         0.17105E-03
    -81.174697294658    -81.174697294658         0.10366E-03
    -81.177463342075    -81.177463342075         0.92781E-04
    -81.174867505425    -81.174867505425         0.17900E-03
    -81.174557808334    -81.174557808334         0.16854E-03
    -81.176353138467    -81.176353138467         0.14467E-03
    -81.174897619295    -81.174897619295         0.17534E-03
    -81.176473617301    -81.176473617301         0.71555E-04
    -81.173483151400    -81.173483151400         0.12823E-03
    -81.175754631373    -81.175754631373         0.66026E-04
    -81.176217862826    -81.176217862826         0.10811E-03
    -81.174464908493    -81.174464908493         0.19957E-03
    -81.174558001703    -81.174558001703         0.13951E-03
    -81.176730095845    -81.176730095845         0.14284E-03
    -81.175321581578    -81.175321581578         0.11547E-03
    -81.174960319931    -81.174960319931         0.14414E-03
    -81.174525746440    -81.174525746440         0.17021E-03
    -81.177318725754    -81.177318725754         0.19164E-03
    -81.174565315734    -81.174565315734         0.10822E-03
    -81.178921489007    -81.178921489007         0.90549E-04
    -81.177320870624    -81.177320870624         0.10246E-03
    -81.176399031678    -81.176399031678         0.13165E-03
    -81.174618783727    -81.174618783727         0.11756E-03
    -81.176222244190    -81.176222244190         0.19525E-03
    -81.177278757148    -81.177278757148         0.55667E-04
    -81.174590189686    -81.174590189686         0.97433E-04
    -81.174524116422    -81.174524116422         0.18622E-03
    -81.174559826475    -81.174559826475         0.11800E-03
    -81.173491860245    -81.173491860245         0.11043E-03
    -81.176573199771    -81.176573199771         0.19913E-03
    -81.174707780397    -81.174707780397         0.19936E-03
    -81.176390371819    -81.176390371819         0.14341E-03
    -81.175415153442    -81.175415153442         0.19094E-03
    -81.174650597495    -81.174650597495         0.14510E-03
    -81.175839759265    -81.175839759265         0.61755E-04
    -81.175397595749    -81.175397595749         0.42196E-04
    -81.174527812987    -81.174527812987         0.89343E-04
    -81.174288237702    -81.174288237702         0.16431E-03
    -81.174578910338    -81.174578910338         0.92535E-04
    -81.174924015224    -81.174924015224         0.13382E-03
    -81.175129402286    -81.175129402286         0.17609E-03
    -81.174956058115    -81.174956058115         0.16420E-03
    -81.174872713808    -81.174872713808         0.13323E-03
    -81.174539307566    -81.174539307566         0.11545E-03
    -81.174967761431    -81.174967761431         0.93920E-04
    -81.174935001121    -81.174935001121         0.13273E-03
    -81.175430123938    -81.175430123938         0.18888E-03
    -81.174581765250    -81.174581765250         0.58336E-04
    -81.175029852290    -81.175029852290         0.13755E-03
    -81.175473768386    -81.175473768386         0.19990E-03
    -81.174966585002    -81.174966585002         0.13442E-03
    -81.174560904104    -81.174560904104         0.19624E-03
    -81.174557410568    -81.174557410568         0.16790E-03
    -81.174589060645    -81.174589060645         0.14744E-03
    -81.174898187490    -81.174898187490         0.11110E-03
    -81.174521717029    -81.174521717029         0.19046E-03
    -81.174256402987    -81.174256402987         0.16925E-03
    -81.174622968661    -81.174622968661         0.12539E-03
    -81.177728322182    -81.177728322182         0.95194E-04
    -81.174515314146    -81.174515314146         0.60159E-04
    -81.175325697035    -81.175325697035         0.11756E-03
    -81.174577184227    -81.174577184227         0.19151E-03
    -81.174884730158    -81.174884730158         0.73025E-04
    -81.175811225604    -81.175811225604         0.13864E-03
    -81.175442418852    -81.175442418852         0.96257E-04
    -81.174929642981    -81.174929642981         0.73880E-04
    -81.173550706455    -81.173550706455         0.15684E-03
    -81.173480291295    -81.173480291295         0.53431E-04
    -81.177299655857    -81.177299655857         0.17047E-03
    -81.175823173201    -81.175823173201         0.14616E-03
    -81.174439816101    -81.174439816101         0.47962E-04
    -81.174288451887    -81.174288451887         0.18402E-03
    -81.175113795018    -81.175113795018         0.19687E-03
    -81.174662567896    -81.174662567896         0.16123E-03
    -81.174698902244    -81.174698902244         0.11629E-03
    -81.173880495701    -81.173880495701         0.95127E-04
    -81.176224753518    -81.176224753518         0.18018E-03
    -81.174933351882    -81.174933351882         0.14923E-03
    -81.174899257604    -81.174899257604         0.16307E-03
    -81.174566524715    -81.174566524715         0.81936E-04
    -81.177305876424    -81.177305876424         0.18624E-03
    -81.173492214908    -81.173492214908         0.51151E-04
    -81.175397421088    -81.175397421088         0.48672E-04
    -81.174559230703    -81.174559230703         0.29580E-04
    -81.174913344469    -81.174913344469         0.19596E-03
    -81.173449423166    -81.173449423166         0.11477E-03
    -81.174968662732    -81.174968662732         0.12212E-03
    -81.176034295568    -81.176034295568         0.71391E-04
    -81.175314100641    -81.175314100641         0.12286E-03
    -81.176400120512    -81.176400120512         0.55334E-04
    -81.174570500158    -81.174570500158         0.15819E-03
    -81.175810083670    -81.175810083670         0.87008E-04
    -81.175052524485    -81.175052524485         0.17963E-03
    -81.176239591927    -81.176239591927         0.87442E-04
    -81.175133251352    -81.175133251352         0.85338E-04
    -81.174904002352    -81.174904002352         0.18781E-03
    -81.178915283160    -81.178915283160         0.11291E-03
    -81.174561407720    -81.174561407720         0.72514E-04
    -81.176924226471    -81.176924226471         0.20375E-04
    -81.175192585721    -81.175192585721         0.71899E-04
    -81.174954264233    -81.174954264233         0.15356E-03
    -81.175118383050    -81.175118383050         0.17004E-03
    -81.174572170231    -81.174572170231         0.19489E-03
    -81.174326444913    -81.174326444913         0.12571E-03
    -81.174895896776    -81.174895896776         0.19009E-03
    -81.175635308542    -81.175635308542         0.94938E-04
    -81.174583996504    -81.174583996504         0.12677E-03
    -81.173843346027    -81.173843346027         0.11263E-03
    -81.174901078222    -81.174901078222         0.11702E-03
    -81.176605412241    -81.176605412241         0.19225E-03
    -81.173526867984    -81.173526867984         0.11830E-03
    -81.174525533518    -81.174525533518         0.11162E-03
    -81.176225460198    -81.176225460198         0.17609E-03
    -81.175497524437    -81.175497524437         0.11242E-03
    -81.174698753679    -81.174698753679         0.12272E-03
    -81.174573144026    -81.174573144026         0.87626E-04
    -81.173486791265    -81.173486791265         0.11792E-03
    -81.175490626202    -81.175490626202         0.10531E-03
    -81.177298400277    -81.177298400277         0.83672E-04
    -81.174590173810    -81.174590173810         0.83513E-04
    -81.172982493847    -81.172982493847         0.16869E-03
    -81.174327963881    -81.174327963881         0.11402E-03
    -81.178916295437    -81.178916295437         0.14271E-03
    -81.174896126128    -81.174896126128         0.12096E-03
    -81.176568126010    -81.176568126010         0.10629E-03
    -81.174590814978    -81.174590814978         0.94451E-04
    -81.177727788511    -81.177727788511         0.96639E-04
    -81.175504741513    -81.175504741513         0.12058E-03
    -81.174580366833    -81.174580366833         0.74376E-04
    -81.174541489922    -81.174541489922         0.34074E-04
    -81.174559608365    -81.174559608365         0.15906E-03
    -81.174706655639    -81.174706655639         0.18307E-03
    -81.175479746299    -81.175479746299         0.81546E-04
    -81.174904170422    -81.174904170422         0.84879E-04
    -81.176254071022    -81.176254071022         0.80412E-04
    -81.174962503005    -81.174962503005         0.14934E-03
    -81.174591727316    -81.174591727316         0.14670E-03
    -81.173528996605    -81.173528996605         0.11963E-03
    -81.174514435602    -81.174514435602         0.51618E-04
    -81.177494360289    -81.177494360289         0.19820E-03
    -81.174887746429    -81.174887746429         0.89724E-04
    -81.175793736568    -81.175793736568         0.10122E-03
    -81.177309687127    -81.177309687127         0.14508E-03
    -81.177526877972    -81.177526877972         0.16564E-03
    -81.177859501660    -81.177859501660         0.19715E-03
    -81.173483382455    -81.173483382455         0.12884E-03
    -81.174744849041    -81.174744849041         0.12463E-03
    -81.176207190018    -81.176207190018         0.13189E-03
    -81.174585482039    -81.174585482039         0.16864E-03
    -81.174904444623    -81.174904444623         0.13034E-03
    -81.174694259078    -81.174694259078         0.14010E-03
    -81.174548257048    -81.174548257048         0.18171E-03
    -81.176567555555    -81.176567555555         0.10582E-03
    -81.173523946096    -81.173523946096         0.13867E-03
    -81.175495425288    -81.175495425288         0.18615E-03
    -81.174516725711    -81.174516725711         0.14315E-03
    -81.176395628202    -81.176395628202         0.17814E-03
    -81.174265599760    -81.174265599760         0.18135E-03
    -81.177319759133    -81.177319759133         0.70699E-04
    -81.176228437094    -81.176228437094         0.75497E-04
    -81.174968339920    -81.174968339920         0.14757E-03
    -81.176085028927    -81.176085028927         0.14602E-03
    -81.174519404641    -81.174519404641         0.15919E-03
    -81.173471195868    -81.173471195868         0.12500E-03
    -81.177462334929    -81.177462334929         0.15138E-03
    -81.176256354242    -81.176256354242         0.12665E-03
    -81.174259531706    -81.174259531706         0.91615E-04
    -81.176922263889    -81.176922263889         0.14954E-03
    -81.177291299523    -81.177291299523         0.19141E-03
    -81.173480082943    -81.173480082943         0.13875E-03
    -81.173523459967    -81.173523459967         0.17229E-03
    -81.174900218128    -81.174900218128         0.49965E-04
    -81.174519849205    -81.174519849205         0.73862E-04
    -81.173447053747    -81.173447053747         0.18289E-03
    -81.176257060131    -81.176257060131         0.91241E-04
    -81.176082367736    -81.176082367736         0.11935E-03
    -81.175497418761    -81.175497418761         0.92728E-04
    -81.174515096751    -81.174515096751         0.13250E-03
    -81.174810120790    -81.174810120790         0.11315E-03
    -81.174561693973    -81.174561693973         0.18759E-03
    -81.175473159185    -81.175473159185         0.94400E-04
    -81.174705675687    -81.174705675687         0.91680E-04
    -81.174526548429    -81.174526548429         0.13345E-03
    -81.176389260916    -81.176389260916         0.15036E-03
    -81.175868018077    -81.175868018077         0.71122E-04
    -81.177198814152    -81.177198814152         0.17748E-03
    -81.174684502752    -81.174684502752         0.19009E-03
    -81.174702897048    -81.174702897048         0.16671E-03
    -81.177296705791    -81.177296705791         0.19207E-03
    -81.174577495766    -81.174577495766         0.16640E-03
    -81.175852466767    -81.175852466767         0.13171E-03
    -81.177307573762    -81.177307573762         0.14679E-03
    -81.176262337902    -81.176262337902         0.15070E-03
    -81.173476345788    -81.173476345788         0.17608E-03
    -81.176214606334    -81.176214606334         0.11018E-03
    -81.174684861490    -81.174684861490         0.49754E-04
    -81.175119449507    -81.175119449507         0.16186E-03
    -81.174902553914    -81.174902553914         0.75523E-04
    -81.175895737277    -81.175895737277         0.15952E-03
    -81.175422087150    -81.175422087150         0.91350E-04
    -81.174533352949    -81.174533352949         0.71199E-04
    -81.175878002256    -81.175878002256         0.87120E-04
    -81.174751368416    -81.174751368416         0.75276E-04
    -81.177302894725    -81.177302894725         0.11349E-03
    -81.177504747813    -81.177504747813         0.11202E-03
    -81.175167853148    -81.175167853148         0.85010E-04
    -81.174465406318    -81.174465406318         0.53073E-04
    -81.174903775845    -81.174903775845         0.16190E-03
    -81.176062295098    -81.176062295098         0.15584E-03
    -81.176125454778    -81.176125454778         0.20116E-04
    -81.177311643948    -81.177311643948         0.18603E-03
    -81.174588464446    -81.174588464446         0.18070E-03
    -81.177319815027    -81.177319815027         0.12849E-03
    -81.176259004861    -81.176259004861         0.82374E-04
    -81.174555995110    -81.174555995110         0.18783E-03
    -81.177309638017    -81.177309638017         0.16726E-03
    -81.173457797176    -81.173457797176         0.11657E-03
    -81.175493863821    -81.175493863821         0.11429E-03
    -81.174520310269    -81.174520310269         0.19265E-03
    -81.177305684711    -81.177305684711         0.14430E-03
    -81.178897886306    -81.178897886306         0.55818E-04
    -81.173089659375    -81.173089659375         0.12866E-03
    -81.174936008855    -81.174936008855         0.16843E-03
    -81.176210566312    -81.176210566312         0.64567E-04
    -81.176916818573    -81.176916818573         0.86340E-04
    -81.176091741462    -81.176091741462         0.46716E-04
    -81.174562871253    -81.174562871253         0.14482E-03
    -81.176562333837    -81.176562333837         0.11647E-03
    -81.174564294571    -81.174564294571         0.14921E-03
    -81.173084611731    -81.173084611731         0.81351E-04
    -81.173434361607    -81.173434361607         0.17540E-03
    -81.176043011783    -81.176043011783         0.87434E-04
    -81.175004347144    -81.175004347144         0.64590E-04
    -81.174256338926    -81.174256338926         0.12972E-03
    -81.177309432184    -81.177309432184         0.40358E-04
    -81.178869232351    -81.178869232351         0.94991E-04
    -81.173049712137    -81.173049712137         0.12743E-03
    -81.174555187890    -81.174555187890         0.82463E-04
    -81.177313482612    -81.177313482612         0.74205E-04
    -81.175056391703    -81.175056391703         0.13818E-03
    -81.173542553930    -81.173542553930         0.77307E-04
    -81.179738555249    -81.179738555249         0.62245E-04
    -81.174802166319    -81.174802166319         0.16737E-03
    -81.176116787674    -81.176116787674         0.14300E-03
    -81.173461780007    -81.173461780007         0.12593E-03
    -81.174511419382    -81.174511419382         0.18506E-03
    -81.176135336530    -81.176135336530         0.19268E-03
    -81.174965109984    -81.174965109984         0.13494E-03
    -81.176577142177    -81.176577142177         0.70235E-04
    -81.175655675739    -81.175655675739         0.71553E-04
    -81.174565067372    -81.174565067372         0.18478E-03
    -81.174852652040    -81.174852652040         0.58780E-04
    -81.176532425708    -81.176532425708         0.77927E-04
    -81.174576600697    -81.174576600697         0.68049E-04
    -81.174421868248    -81.174421868248         0.16440E-03
    -81.174249537566    -81.174249537566         0.13154E-03
    -81.174517828878    -81.174517828878         0.16049E-03
    -81.173874756242    -81.173874756242         0.13456E-03
    -81.174908837695    -81.174908837695         0.58926E-04
    -81.176284245951    -81.176284245951         0.77011E-04
    -81.177292789031    -81.177292789031         0.19043E-03
